-- MySQL dump 10.13  Distrib 8.0.41, for Win64 (x86_64)
--
-- Host: 35.154.231.67    Database: nuttoz
-- ------------------------------------------------------
-- Server version	8.0.42-0ubuntu0.22.04.1

/*!40101 SET @OLD_CHARACTER_SET_CLIENT=@@CHARACTER_SET_CLIENT */;
/*!40101 SET @OLD_CHARACTER_SET_RESULTS=@@CHARACTER_SET_RESULTS */;
/*!40101 SET @OLD_COLLATION_CONNECTION=@@COLLATION_CONNECTION */;
/*!50503 SET NAMES utf8 */;
/*!40103 SET @OLD_TIME_ZONE=@@TIME_ZONE */;
/*!40103 SET TIME_ZONE='+00:00' */;
/*!40014 SET @OLD_UNIQUE_CHECKS=@@UNIQUE_CHECKS, UNIQUE_CHECKS=0 */;
/*!40014 SET @OLD_FOREIGN_KEY_CHECKS=@@FOREIGN_KEY_CHECKS, FOREIGN_KEY_CHECKS=0 */;
/*!40101 SET @OLD_SQL_MODE=@@SQL_MODE, SQL_MODE='NO_AUTO_VALUE_ON_ZERO' */;
/*!40111 SET @OLD_SQL_NOTES=@@SQL_NOTES, SQL_NOTES=0 */;

--
-- Table structure for table `addresses`
--

DROP TABLE IF EXISTS `addresses`;
/*!40101 SET @saved_cs_client     = @@character_set_client */;
/*!50503 SET character_set_client = utf8mb4 */;
CREATE TABLE `addresses` (
  `id` bigint unsigned NOT NULL AUTO_INCREMENT,
  `addressable_type` varchar(255) COLLATE utf8mb4_unicode_ci NOT NULL,
  `addressable_id` bigint unsigned NOT NULL,
  `first_name` varchar(100) COLLATE utf8mb4_unicode_ci DEFAULT NULL,
  `last_name` varchar(100) COLLATE utf8mb4_unicode_ci DEFAULT NULL,
  `email` varchar(100) COLLATE utf8mb4_unicode_ci DEFAULT NULL,
  `mobile_no` bigint DEFAULT NULL,
  `flat` text COLLATE utf8mb4_unicode_ci,
  `area` text COLLATE utf8mb4_unicode_ci,
  `landmark` text COLLATE utf8mb4_unicode_ci,
  `country_id` int DEFAULT NULL,
  `state_id` int DEFAULT NULL,
  `city_id` int DEFAULT NULL,
  `area_id` int DEFAULT NULL,
  `pincode` varchar(10) COLLATE utf8mb4_unicode_ci DEFAULT NULL,
  `default_address` tinyint(1) NOT NULL DEFAULT '0' COMMENT '0 for Not Default Address, 1 for Default Address',
  `created_at` timestamp NULL DEFAULT NULL,
  `updated_at` timestamp NULL DEFAULT NULL,
  PRIMARY KEY (`id`),
  KEY `addresses_addressable_type_addressable_id_index` (`addressable_type`,`addressable_id`)
) ENGINE=InnoDB AUTO_INCREMENT=52 DEFAULT CHARSET=utf8mb4 COLLATE=utf8mb4_unicode_ci;
/*!40101 SET character_set_client = @saved_cs_client */;

--
-- Dumping data for table `addresses`
--

LOCK TABLES `addresses` WRITE;
/*!40000 ALTER TABLE `addresses` DISABLE KEYS */;
INSERT INTO `addresses` VALUES (1,'App\\Models\\Distributor',1,'Haresh','Jadav','haresh@nivida.in',1122334455,'Bhayli',NULL,NULL,1,5,116,1,NULL,1,'2024-10-10 10:23:42','2024-10-10 10:24:08'),(2,'App\\Models\\Distributor',2,'Haresh','Jadeja','php4@nividaweb.com',1122334459,'Vadsar',NULL,NULL,1,5,116,1,'390021',1,'2024-10-10 10:29:40','2024-10-10 10:29:40'),(3,'App\\Models\\Distributor',3,'Jon','Keri','jon@j.com',9085236741,'789',NULL,NULL,1,5,116,1,'351531',1,'2024-10-10 10:59:24','2024-10-10 10:59:24'),(4,'App\\Models\\Distributor',4,'Yogesh','Jani','yogesh@yopmail.com',8877445511,'Baroda',NULL,NULL,1,5,116,2,'222',1,'2024-10-22 06:36:00','2025-02-20 12:14:02'),(5,'App\\Models\\Distributor',5,'Vandan','Patel','vandan@yopmail.com',8888888888,'Dkkdf',NULL,NULL,1,32,554,3,'456',1,'2025-02-05 05:23:51','2025-02-05 05:24:01'),(6,'App\\Models\\Distributor',8,'Rekha','Rekha Patel','php4@yopmail.com',1234567890,'',NULL,NULL,1,26,544,3,NULL,1,'2025-02-25 07:15:30','2025-02-25 07:15:30'),(7,'App\\Models\\Distributor',9,'Rahul','Patil','patil@r.com',9911556633,NULL,NULL,NULL,1,32,554,3,NULL,1,'2025-02-25 08:47:15','2025-03-04 05:55:44'),(8,'App\\Models\\Distributor',10,'Rahul P','Patilg','r@patil.com',2356852365,'Rorva',NULL,NULL,1,32,554,3,'3256',1,'2025-02-25 08:59:03','2025-02-25 08:59:03'),(9,'App\\Models\\Distributor',11,'Dhaval','Jadav','dhavalnivida@gmail.com',8140088866,'ffj',NULL,NULL,1,5,110,1,NULL,1,'2025-02-25 10:24:22','2025-02-25 10:24:22'),(10,'App\\Models\\Distributor',12,'Dbbdb','Brnrj','jdjxj@jdjd.com',3431515252,'Xnxbbx',NULL,NULL,1,32,554,3,'565695',1,'2025-02-25 10:56:44','2025-02-25 10:56:44'),(11,'App\\Models\\Distributor',13,'vivek','Joshi','php@nividasoftware.com',8140099988,'dmd',NULL,NULL,1,5,101,3,NULL,1,'2025-02-27 08:43:34','2025-02-27 08:43:34'),(12,'App\\Models\\Distributor',14,'Parth','bhatia','account@nividaweb.com',8140088833,'vadodara',NULL,NULL,1,5,101,8,NULL,1,'2025-02-27 09:44:47','2025-02-27 09:44:47'),(13,'App\\Models\\Distributor',15,'vikram','patel','vikram@nividaweb.com',8140088890,'dd',NULL,NULL,1,5,101,8,NULL,1,'2025-02-27 09:55:01','2025-02-27 09:55:01'),(14,'App\\Models\\Distributor',16,'vraj','patel','qa2@nividasoftware.com',8140088860,'cc',NULL,NULL,1,32,554,3,NULL,1,'2025-02-28 05:33:19','2025-02-28 05:33:19'),(15,'App\\Models\\Distributor',17,'chintan','mahanat',NULL,8140789236,NULL,NULL,NULL,1,5,104,5,NULL,1,'2025-03-06 09:05:06','2025-05-26 13:28:08'),(16,'App\\Models\\Distributor',18,'hetal','he',NULL,8484848478,'',NULL,NULL,1,5,93,3,NULL,1,'2025-03-06 11:29:37','2025-03-06 11:29:37'),(17,'App\\Models\\Distributor',19,'het','hetal',NULL,7474686868,NULL,NULL,NULL,1,5,116,1,NULL,1,'2025-03-06 11:50:22','2025-03-06 11:56:38'),(18,'App\\Models\\Distributor',20,'het','he',NULL,5353535353,NULL,NULL,NULL,1,5,116,1,NULL,1,'2025-03-06 11:54:24','2025-03-06 11:56:19'),(19,'App\\Models\\Distributor',21,'Dhaval','J',NULL,4747484847,'',NULL,NULL,1,5,116,6,NULL,1,'2025-03-07 11:45:33','2025-03-07 11:45:33'),(20,'App\\Models\\Distributor',22,'Primary','Pr',NULL,8686869538,'',NULL,NULL,1,5,93,3,NULL,1,'2025-03-07 11:48:57','2025-03-07 11:48:57'),(21,'App\\Models\\Distributor',23,'Aa','Aa',NULL,8523698514,'',NULL,NULL,1,32,554,3,NULL,1,'2025-03-07 11:49:33','2025-03-07 11:49:33'),(22,'App\\Models\\Distributor',24,'Api','Name','apitest@nividaweb.com',1122334456,'Vadsar',NULL,NULL,1,5,116,NULL,'390021',1,'2025-03-10 05:25:21','2025-03-10 05:25:21'),(23,'App\\Models\\Distributor',25,'Rahul','Darji','rahuldarji@yopmail.com',8965471230,NULL,NULL,NULL,1,7,140,NULL,NULL,1,'2025-03-10 05:35:03','2025-03-10 05:35:03'),(24,'App\\Models\\Distributor',26,'Rahul','Patel','rahul@gmail.com',3256325985,NULL,NULL,NULL,1,5,116,NULL,NULL,1,'2025-03-11 06:10:17','2025-03-11 06:23:31'),(25,'App\\Models\\Distributor',27,'meet','Meetw',NULL,8400888800,'',NULL,NULL,1,29,551,NULL,NULL,1,'2025-03-11 09:17:15','2025-03-11 09:17:15'),(26,'App\\Models\\Distributor',28,'Gghh','Gh',NULL,5858585958,'',NULL,NULL,1,32,554,NULL,NULL,1,'2025-03-11 11:53:53','2025-03-11 11:53:53'),(27,'App\\Models\\Distributor',29,'Gg','Gg',NULL,5653525898,'',NULL,NULL,1,32,554,NULL,NULL,1,'2025-03-12 08:46:44','2025-03-12 08:46:44'),(28,'App\\Models\\Distributor',30,'Primary Person','Dd',NULL,4575759585,'',NULL,NULL,1,5,93,NULL,NULL,1,'2025-03-12 09:23:39','2025-03-12 09:23:39'),(29,'App\\Models\\Distributor',31,'Znnxn','Opu','djd@jfh.com',3333555566,'',NULL,NULL,1,32,554,NULL,NULL,1,'2025-03-12 10:03:01','2025-03-12 10:03:01'),(30,'App\\Models\\Distributor',32,'Jhrhhr','Jrjrj','jehd@jfjf.com',3589663333,'',NULL,NULL,1,32,554,NULL,NULL,1,'2025-03-12 10:17:32','2025-03-12 10:17:32'),(31,'App\\Models\\Distributor',33,'Vikram','Rahul',NULL,3399885566,'',NULL,NULL,1,32,554,NULL,NULL,1,'2025-03-12 10:26:48','2025-03-12 10:26:48'),(32,'App\\Models\\Distributor',34,'Rahul','Vikram',NULL,2222228855,'',NULL,NULL,1,32,554,NULL,NULL,1,'2025-03-12 10:29:24','2025-03-12 10:29:24'),(33,'App\\Models\\Distributor',35,'Nis','Jon',NULL,1111666688,'',NULL,NULL,1,32,554,NULL,NULL,1,'2025-03-12 10:31:46','2025-03-12 10:31:46'),(34,'App\\Models\\Distributor',36,'Vt','Vybyy','qa2@nividaweb.com',2828282285,'',NULL,NULL,1,35,598,NULL,NULL,1,'2025-03-12 12:49:48','2025-03-12 12:49:48'),(35,'App\\Models\\Distributor',37,'AS','AS',NULL,3535353535,NULL,NULL,NULL,1,10,201,NULL,NULL,1,'2025-03-13 06:56:35','2025-03-13 06:56:35'),(36,'App\\Models\\Distributor',38,'Nuttoz1','Abc',NULL,9825079513,'',NULL,NULL,1,5,95,NULL,NULL,1,'2025-03-13 07:57:49','2025-03-13 07:57:49'),(37,'App\\Models\\Distributor',39,'Testtest','Test',NULL,2580578654,'',NULL,NULL,1,10,205,NULL,NULL,1,'2025-04-08 11:14:28','2025-04-08 11:14:28'),(38,'App\\Models\\Distributor',40,'Test1','Ghh',NULL,9825098250,'',NULL,NULL,1,32,554,NULL,NULL,1,'2025-04-08 12:07:57','2025-04-08 12:07:57'),(39,'App\\Models\\Distributor',41,'Test2','Gj',NULL,8995078541,'',NULL,NULL,1,32,554,NULL,NULL,1,'2025-04-08 12:10:09','2025-04-08 12:10:09'),(40,'App\\Models\\Distributor',42,'Abc','Xyz','abc@gmail.com',3692587410,NULL,NULL,NULL,1,5,116,NULL,NULL,1,'2025-04-25 06:05:49','2025-04-25 09:12:55'),(41,'App\\Models\\Distributor',43,'PQR','Lmn','lmn@gmaik.com',3652890741,'',NULL,NULL,1,5,116,NULL,NULL,1,'2025-04-25 06:15:50','2025-04-25 06:15:50'),(42,'App\\Models\\Distributor',44,'Xyz','Efg','dhd@gmail.com',2536987850,'',NULL,NULL,1,5,116,NULL,NULL,1,'2025-04-25 09:16:42','2025-04-25 09:16:42'),(43,'App\\Models\\Distributor',45,'Rahul','Patel',NULL,3698521470,'',NULL,NULL,1,5,116,NULL,NULL,1,'2025-04-28 12:26:43','2025-04-28 12:26:43'),(44,'App\\Models\\Distributor',46,'Patilff','Dbhdrnrh',NULL,8714565809,'',NULL,NULL,1,32,554,NULL,NULL,1,'2025-05-02 09:04:16','2025-05-02 09:04:16'),(45,'App\\Models\\Distributor',47,'Password','Bdbddb',NULL,8145698708,'',NULL,NULL,1,32,554,NULL,NULL,1,'2025-05-02 10:20:16','2025-05-02 10:20:16'),(46,'App\\Models\\Distributor',48,'Vdb','Dbebr',NULL,5151512568,'',NULL,NULL,1,32,554,NULL,NULL,1,'2025-05-02 10:49:48','2025-05-02 10:49:48'),(47,'App\\Models\\Distributor',49,'Pfnf','Rnfrn',NULL,7414587415,'',NULL,NULL,1,32,554,NULL,NULL,1,'2025-05-02 11:13:08','2025-05-02 11:13:08'),(48,'App\\Models\\Distributor',50,'Dhdh','Dhs',NULL,2587414785,'',NULL,NULL,1,32,554,NULL,NULL,1,'2025-05-02 11:18:30','2025-05-02 11:18:30'),(49,'App\\Models\\Distributor',51,'Ttt','Fff',NULL,2121414785,'',NULL,NULL,1,26,545,NULL,NULL,1,'2025-05-02 11:19:25','2025-05-02 11:19:25'),(50,'App\\Models\\Distributor',52,'Ssd','Ssd',NULL,8686868686,'',NULL,NULL,1,32,554,NULL,NULL,1,'2025-05-02 11:23:24','2025-05-02 11:23:24'),(51,'App\\Models\\Distributor',53,'Nuttzo1','Nut',NULL,9852898528,'',NULL,NULL,1,5,93,NULL,NULL,1,'2025-05-12 13:13:42','2025-05-12 13:13:42');
/*!40000 ALTER TABLE `addresses` ENABLE KEYS */;
UNLOCK TABLES;

--
-- Table structure for table `areas`
--

DROP TABLE IF EXISTS `areas`;
/*!40101 SET @saved_cs_client     = @@character_set_client */;
/*!50503 SET character_set_client = utf8mb4 */;
CREATE TABLE `areas` (
  `id` bigint unsigned NOT NULL AUTO_INCREMENT,
  `distributor_id` bigint unsigned DEFAULT NULL,
  `name` varchar(255) COLLATE utf8mb4_unicode_ci DEFAULT NULL,
  `sort_order` int DEFAULT NULL,
  `status` enum('Active','Inactive') COLLATE utf8mb4_unicode_ci NOT NULL DEFAULT 'Active',
  `created_at` timestamp NULL DEFAULT NULL,
  `updated_at` timestamp NULL DEFAULT NULL,
  `deleted_at` timestamp NULL DEFAULT NULL,
  PRIMARY KEY (`id`),
  KEY `areas_distributor_id_index` (`distributor_id`)
) ENGINE=InnoDB AUTO_INCREMENT=32 DEFAULT CHARSET=utf8mb4 COLLATE=utf8mb4_unicode_ci;
/*!40101 SET character_set_client = @saved_cs_client */;

--
-- Dumping data for table `areas`
--

LOCK TABLES `areas` WRITE;
/*!40000 ALTER TABLE `areas` DISABLE KEYS */;
INSERT INTO `areas` VALUES (1,NULL,'Bhayli',1,'Active','2024-09-19 08:32:02','2025-03-07 12:02:54','2025-03-07 12:02:54'),(2,NULL,'Karelibag',2,'Active','2024-10-15 08:28:23','2025-03-07 12:02:48','2025-03-07 12:02:48'),(3,NULL,'Race Course',3,'Active','2024-10-25 09:56:02','2025-03-07 12:02:54','2025-03-07 12:02:54'),(4,NULL,'Ccc',4,'Active','2024-11-04 06:20:47','2024-11-04 06:20:47',NULL),(5,NULL,'Iuch',5,'Active','2024-11-05 05:00:03','2024-11-05 05:00:03',NULL),(6,NULL,'nizampura',6,'Active','2025-02-25 10:25:47','2025-02-25 10:25:47',NULL),(7,NULL,'waghodiya',7,'Active','2025-02-25 10:26:43','2025-02-25 10:26:43',NULL),(8,NULL,'Padra',8,'Active','2025-02-27 08:44:02','2025-02-27 08:44:02',NULL),(10,NULL,'sa',9,'Active','2025-03-05 11:54:36','2025-03-05 11:54:36',NULL),(11,NULL,'aaaaa',10,'Active','2025-03-06 12:06:26','2025-03-06 12:06:26',NULL),(12,23,'bbbb',11,'Active','2025-03-06 12:27:27','2025-03-07 12:02:38',NULL),(13,17,'Test Area',12,'Active','2025-03-07 12:03:11','2025-03-07 12:03:11',NULL),(14,25,'West Test',13,'Active','2025-03-10 05:35:42','2025-03-10 05:35:42',NULL),(15,1,'Gotri',14,'Active','2025-03-11 11:41:36','2025-03-11 11:41:36',NULL),(16,1,'Halol',15,'Active','2025-03-11 11:42:10','2025-03-11 11:42:10',NULL),(17,17,'Dd',16,'Active','2025-03-11 13:14:36','2025-03-11 13:14:36',NULL),(18,11,'Ffff',17,'Active','2025-03-12 05:46:20','2025-03-12 05:46:20',NULL),(19,2,'Bhayli',18,'Active','2025-03-12 07:23:08','2025-04-25 10:26:51',NULL),(20,17,'Check',19,'Active','2025-03-12 09:19:00','2025-03-12 09:19:00',NULL),(21,35,'You',20,'Active','2025-03-12 10:47:49','2025-03-12 10:47:49',NULL),(22,1,'Kalol',21,'Active','2025-03-12 10:53:12','2025-03-13 05:03:12',NULL),(23,38,'123',22,'Active','2025-03-13 08:02:32','2025-03-13 08:02:32',NULL),(24,38,'456',23,'Active','2025-03-13 08:02:39','2025-03-13 08:02:39',NULL),(25,17,'1345',24,'Active','2025-04-08 11:42:54','2025-04-08 11:42:54',NULL),(26,24,'357',25,'Active','2025-04-08 11:49:39','2025-04-08 11:49:39',NULL),(27,24,'12367',26,'Active','2025-04-08 11:49:48','2025-04-08 11:49:48',NULL),(28,42,'Hsf',27,'Active','2025-04-25 10:58:44','2025-04-25 10:58:44',NULL),(29,53,'Abc',28,'Active','2025-05-12 13:21:02','2025-05-12 13:21:02',NULL),(30,53,'Def',29,'Active','2025-05-12 13:21:09','2025-05-12 13:21:09',NULL),(31,53,'Ghi',30,'Active','2025-05-12 13:21:17','2025-05-12 13:21:17',NULL);
/*!40000 ALTER TABLE `areas` ENABLE KEYS */;
UNLOCK TABLES;

--
-- Table structure for table `cache`
--

DROP TABLE IF EXISTS `cache`;
/*!40101 SET @saved_cs_client     = @@character_set_client */;
/*!50503 SET character_set_client = utf8mb4 */;
CREATE TABLE `cache` (
  `key` varchar(255) COLLATE utf8mb4_unicode_ci NOT NULL,
  `value` mediumtext COLLATE utf8mb4_unicode_ci NOT NULL,
  `expiration` int NOT NULL,
  PRIMARY KEY (`key`)
) ENGINE=InnoDB DEFAULT CHARSET=utf8mb4 COLLATE=utf8mb4_unicode_ci;
/*!40101 SET character_set_client = @saved_cs_client */;

--
-- Dumping data for table `cache`
--

LOCK TABLES `cache` WRITE;
/*!40000 ALTER TABLE `cache` DISABLE KEYS */;
INSERT INTO `cache` VALUES ('configSetting','a:16:{s:12:\"company_name\";s:14:\"Nuttoz Peanuts\";s:13:\"company_email\";s:16:\"sales@nuttoz.com\";s:14:\"company_mobile\";s:15:\"+91-2692-247007\";s:16:\"company_landline\";N;s:19:\"customer_care_email\";s:16:\"qa@nividaweb.com\";s:20:\"customer_care_mob_no\";s:10:\"8140088840\";s:22:\"administration_address\";s:69:\"104, Vaibhav Towers, Vidhyanagar Road, ANAND-388001, (Gujarat), India\";s:15:\"company_address\";s:69:\"104, Vaibhav Towers, Vidhyanagar Road, ANAND-388001, (Gujarat), India\";s:29:\"getting_contact_details_email\";s:16:\"qa@nividaweb.com\";s:14:\"company_gst_no\";N;s:12:\"company_logo\";s:8:\"logo.png\";s:16:\"company_fav_logo\";s:8:\"logo.png\";s:13:\"company_state\";s:7:\"Gujarat\";s:11:\"order_email\";s:16:\"qa@nividaweb.com\";s:12:\"order_prefix\";s:6:\"Order-\";s:14:\"invoice_prefix\";s:7:\"Nuttoz-\";}',2067338063),('variantTypes','O:29:\"Illuminate\\Support\\Collection\":2:{s:8:\"\0*\0items\";a:2:{i:1;s:4:\"Pack\";i:2;s:5:\"Pouch\";}s:28:\"\0*\0escapeWhenCastingToString\";b:0;}',2067340759),('variantValues','O:29:\"Illuminate\\Support\\Collection\":2:{s:8:\"\0*\0items\";a:4:{i:1;s:4:\"2 KG\";i:2;s:4:\"1 Kg\";i:3;s:8:\"40 Grams\";i:4;s:9:\"160 Grams\";}s:28:\"\0*\0escapeWhenCastingToString\";b:0;}',2067340759);
/*!40000 ALTER TABLE `cache` ENABLE KEYS */;
UNLOCK TABLES;

--
-- Table structure for table `cache_locks`
--

DROP TABLE IF EXISTS `cache_locks`;
/*!40101 SET @saved_cs_client     = @@character_set_client */;
/*!50503 SET character_set_client = utf8mb4 */;
CREATE TABLE `cache_locks` (
  `key` varchar(255) COLLATE utf8mb4_unicode_ci NOT NULL,
  `owner` varchar(255) COLLATE utf8mb4_unicode_ci NOT NULL,
  `expiration` int NOT NULL,
  PRIMARY KEY (`key`)
) ENGINE=InnoDB DEFAULT CHARSET=utf8mb4 COLLATE=utf8mb4_unicode_ci;
/*!40101 SET character_set_client = @saved_cs_client */;

--
-- Dumping data for table `cache_locks`
--

LOCK TABLES `cache_locks` WRITE;
/*!40000 ALTER TABLE `cache_locks` DISABLE KEYS */;
/*!40000 ALTER TABLE `cache_locks` ENABLE KEYS */;
UNLOCK TABLES;

--
-- Table structure for table `carts`
--

DROP TABLE IF EXISTS `carts`;
/*!40101 SET @saved_cs_client     = @@character_set_client */;
/*!50503 SET character_set_client = utf8mb4 */;
CREATE TABLE `carts` (
  `id` bigint unsigned NOT NULL AUTO_INCREMENT,
  `user_id` int NOT NULL,
  `distributor_id` bigint unsigned NOT NULL,
  `shop_id` bigint unsigned DEFAULT NULL,
  `meeting_id` bigint unsigned DEFAULT NULL,
  `category_id` int NOT NULL,
  `product_id` int NOT NULL,
  `product_code` varchar(255) COLLATE utf8mb4_unicode_ci DEFAULT NULL,
  `variant_id` int DEFAULT NULL,
  `name` varchar(255) COLLATE utf8mb4_unicode_ci NOT NULL,
  `variant_type` varchar(50) COLLATE utf8mb4_unicode_ci DEFAULT NULL,
  `variant_value` varchar(50) COLLATE utf8mb4_unicode_ci DEFAULT NULL,
  `image` varchar(255) COLLATE utf8mb4_unicode_ci DEFAULT NULL,
  `seo_url` varchar(255) COLLATE utf8mb4_unicode_ci DEFAULT NULL,
  `quantity` int NOT NULL,
  `mrp` double NOT NULL,
  `selling_price` double NOT NULL,
  `gst_per` double DEFAULT NULL,
  `gst_val` double DEFAULT NULL,
  `cgst_per` double DEFAULT NULL,
  `cgst_val` double DEFAULT NULL,
  `sgst_per` double DEFAULT NULL,
  `sgst_val` double DEFAULT NULL,
  `with_out_gst_price` double DEFAULT NULL,
  `total_gst_val` double DEFAULT NULL,
  `amount` double NOT NULL,
  `amount_without_gst` double DEFAULT NULL,
  `created_at` timestamp NULL DEFAULT NULL,
  `updated_at` timestamp NULL DEFAULT NULL,
  PRIMARY KEY (`id`),
  KEY `carts_distributor_id_index` (`distributor_id`),
  KEY `carts_shop_id_index` (`shop_id`),
  KEY `carts_meeting_id_index` (`meeting_id`)
) ENGINE=InnoDB AUTO_INCREMENT=431 DEFAULT CHARSET=utf8mb4 COLLATE=utf8mb4_unicode_ci;
/*!40101 SET character_set_client = @saved_cs_client */;

--
-- Dumping data for table `carts`
--

LOCK TABLES `carts` WRITE;
/*!40000 ALTER TABLE `carts` DISABLE KEYS */;
INSERT INTO `carts` VALUES (170,8,4,2,NULL,4,5,'1008',3,'Soya Stick Masala Pack 1 Kg','Pack','1 Kg','chikki.png','-2',1,100,100,5,4.76,2.5,2.38,2.5,2.38,95.24,4.76,100,95.238095238095,'2024-11-05 05:17:36','2024-11-05 05:17:36'),(171,8,4,2,NULL,4,7,'2002',9,'Khakhra Ajwain Pouch 1 Kg','Pouch','1 Kg','kha.png','-5',1,50,50,5,2.38,2.5,1.19,2.5,1.19,47.62,2.38,50,47.619047619048,'2024-11-05 05:17:37','2024-11-05 05:17:37'),(172,8,4,2,NULL,4,8,'2006',7,'Roasted Chana Hing Jeera Pack 1 Kg','Pack','1 Kg','chana.png','-4',1,50,50,5,2.38,2.5,1.19,2.5,1.19,47.62,2.38,50,47.619047619048,'2024-11-05 05:17:38','2024-11-05 05:17:38'),(234,2,12,NULL,NULL,3,9,'2010',5,'Plain Salted Khakhra 12 Case',NULL,'40 Grams','kha.png','plain-salted-khakhra',1,12,12,5,0.57142857142857,2.5,0.28571428571429,2.5,0.28571428571429,11.428571428571,0.57142857142857,12,11.428571428571,'2025-03-03 12:14:42','2025-03-03 12:14:42');
/*!40000 ALTER TABLE `carts` ENABLE KEYS */;
UNLOCK TABLES;

--
-- Table structure for table `categories`
--

DROP TABLE IF EXISTS `categories`;
/*!40101 SET @saved_cs_client     = @@character_set_client */;
/*!50503 SET character_set_client = utf8mb4 */;
CREATE TABLE `categories` (
  `id` bigint unsigned NOT NULL AUTO_INCREMENT,
  `name` varchar(255) COLLATE utf8mb4_unicode_ci DEFAULT NULL,
  `is_parent` int DEFAULT NULL COMMENT '1 for Yes, 0 for No',
  `parent_category_id` int DEFAULT NULL,
  `category_type_id` tinyint unsigned DEFAULT NULL,
  `description` longtext COLLATE utf8mb4_unicode_ci,
  `image` text COLLATE utf8mb4_unicode_ci,
  `app_image` text COLLATE utf8mb4_unicode_ci,
  `banner_image` text COLLATE utf8mb4_unicode_ci,
  `seo_keyword` varchar(255) COLLATE utf8mb4_unicode_ci DEFAULT NULL,
  `meta_title` varchar(255) COLLATE utf8mb4_unicode_ci DEFAULT NULL,
  `meta_keyword` varchar(255) COLLATE utf8mb4_unicode_ci DEFAULT NULL,
  `meta_description` text COLLATE utf8mb4_unicode_ci,
  `schema_tag` text COLLATE utf8mb4_unicode_ci,
  `sort_order` int DEFAULT NULL,
  `status` enum('Active','Inactive') COLLATE utf8mb4_unicode_ci NOT NULL DEFAULT 'Active',
  `created_at` timestamp NULL DEFAULT NULL,
  `updated_at` timestamp NULL DEFAULT NULL,
  `deleted_at` timestamp NULL DEFAULT NULL,
  PRIMARY KEY (`id`),
  KEY `categories_category_type_id_foreign` (`category_type_id`),
  CONSTRAINT `categories_category_type_id_foreign` FOREIGN KEY (`category_type_id`) REFERENCES `category_types` (`id`) ON DELETE CASCADE
) ENGINE=InnoDB AUTO_INCREMENT=8 DEFAULT CHARSET=utf8mb4 COLLATE=utf8mb4_unicode_ci;
/*!40101 SET character_set_client = @saved_cs_client */;

--
-- Dumping data for table `categories`
--

LOCK TABLES `categories` WRITE;
/*!40000 ALTER TABLE `categories` DISABLE KEYS */;
INSERT INTO `categories` VALUES (1,'Chikki',1,NULL,1,NULL,'chikki.png','chikki.png',NULL,'chikki',NULL,NULL,NULL,NULL,1,'Active','2024-10-04 12:45:06','2025-02-28 11:45:24',NULL),(2,'Khakhra',1,NULL,2,NULL,'kha.png','kha.png',NULL,'khakhra',NULL,NULL,NULL,NULL,2,'Active','2024-10-04 12:45:21','2025-02-05 05:26:46',NULL),(3,'Namkeen',1,NULL,3,NULL,'nam.png','nam.png',NULL,'namkeen',NULL,NULL,NULL,NULL,3,'Active','2024-10-04 12:45:31','2025-02-05 05:26:41',NULL),(4,'Roasted Cashew',1,NULL,1,NULL,'cash.png','cash.png',NULL,'roasted-cashew',NULL,NULL,NULL,NULL,4,'Active','2024-10-04 12:45:46','2025-02-05 05:26:38',NULL),(5,'Roasted Chana',1,NULL,2,NULL,'chana.png','chana.png',NULL,'roasted-chana',NULL,NULL,NULL,NULL,5,'Active','2024-10-04 12:46:03','2025-02-05 05:26:35',NULL),(6,'Roasted Peanut',1,NULL,3,NULL,'pren.png','pren.png',NULL,'roasted-peanut',NULL,NULL,NULL,NULL,6,'Active','2024-10-04 12:46:15','2025-02-05 05:26:29',NULL),(7,'cc',1,NULL,2,NULL,NULL,NULL,NULL,'cc',NULL,NULL,NULL,NULL,7,'Active','2025-02-28 11:41:22','2025-03-12 09:26:51',NULL);
/*!40000 ALTER TABLE `categories` ENABLE KEYS */;
UNLOCK TABLES;

--
-- Table structure for table `category_types`
--

DROP TABLE IF EXISTS `category_types`;
/*!40101 SET @saved_cs_client     = @@character_set_client */;
/*!50503 SET character_set_client = utf8mb4 */;
CREATE TABLE `category_types` (
  `id` tinyint unsigned NOT NULL AUTO_INCREMENT,
  `name` varchar(255) COLLATE utf8mb4_unicode_ci NOT NULL,
  `status` enum('Active','Inactive') COLLATE utf8mb4_unicode_ci NOT NULL DEFAULT 'Active',
  `created_at` timestamp NULL DEFAULT NULL,
  `updated_at` timestamp NULL DEFAULT NULL,
  `deleted_at` timestamp NULL DEFAULT NULL,
  PRIMARY KEY (`id`),
  KEY `category_types_name_index` (`name`)
) ENGINE=InnoDB AUTO_INCREMENT=6 DEFAULT CHARSET=utf8mb4 COLLATE=utf8mb4_unicode_ci;
/*!40101 SET character_set_client = @saved_cs_client */;

--
-- Dumping data for table `category_types`
--

LOCK TABLES `category_types` WRITE;
/*!40000 ALTER TABLE `category_types` DISABLE KEYS */;
INSERT INTO `category_types` VALUES (1,'Small Packs','Active','2025-02-05 05:25:30','2025-03-13 04:51:15',NULL),(2,'Institutional Packs','Active','2025-02-05 05:25:42','2025-02-05 05:25:42',NULL),(3,'Big Packs','Active','2025-02-05 05:25:51','2025-02-19 13:24:22',NULL),(4,'AAAB','Active','2025-02-27 11:38:57','2025-02-27 11:39:21','2025-02-27 11:39:21'),(5,'ass','Active','2025-02-28 05:17:59','2025-02-28 05:20:10','2025-02-28 05:20:10');
/*!40000 ALTER TABLE `category_types` ENABLE KEYS */;
UNLOCK TABLES;

--
-- Table structure for table `cities`
--

DROP TABLE IF EXISTS `cities`;
/*!40101 SET @saved_cs_client     = @@character_set_client */;
/*!50503 SET character_set_client = utf8mb4 */;
CREATE TABLE `cities` (
  `id` bigint unsigned NOT NULL AUTO_INCREMENT,
  `state_id` bigint unsigned DEFAULT NULL,
  `name` varchar(255) COLLATE utf8mb4_unicode_ci DEFAULT NULL,
  `code` varchar(5) COLLATE utf8mb4_unicode_ci DEFAULT NULL,
  `sort_order` int DEFAULT NULL,
  `status` enum('Active','Inactive') COLLATE utf8mb4_unicode_ci NOT NULL DEFAULT 'Active',
  `created_at` timestamp NULL DEFAULT NULL,
  `updated_at` timestamp NULL DEFAULT NULL,
  `deleted_at` timestamp NULL DEFAULT NULL,
  PRIMARY KEY (`id`),
  KEY `cities_state_id_index` (`state_id`)
) ENGINE=InnoDB AUTO_INCREMENT=605 DEFAULT CHARSET=utf8mb4 COLLATE=utf8mb4_unicode_ci;
/*!40101 SET character_set_client = @saved_cs_client */;

--
-- Dumping data for table `cities`
--

LOCK TABLES `cities` WRITE;
/*!40000 ALTER TABLE `cities` DISABLE KEYS */;
INSERT INTO `cities` VALUES (1,1,'Adilabad',NULL,NULL,'Active','2024-09-12 12:15:36','2024-09-12 12:15:36',NULL),(2,1,'Anantapur',NULL,NULL,'Active','2024-09-12 12:15:36','2024-09-12 12:15:36',NULL),(3,1,'Chittoor',NULL,NULL,'Active','2024-09-12 12:15:36','2024-09-12 12:15:36',NULL),(4,1,'East Godavari',NULL,NULL,'Active','2024-09-12 12:15:36','2024-09-12 12:15:36',NULL),(5,1,'Guntur',NULL,NULL,'Active','2024-09-12 12:15:36','2024-09-12 12:15:36',NULL),(6,1,'Hyderabad',NULL,NULL,'Active','2024-09-12 12:15:36','2024-09-12 12:15:36',NULL),(7,1,'Kadapa',NULL,NULL,'Active','2024-09-12 12:15:36','2024-09-12 12:15:36',NULL),(8,1,'Karimnagar',NULL,NULL,'Active','2024-09-12 12:15:36','2024-09-12 12:15:36',NULL),(9,1,'Khammam',NULL,NULL,'Active','2024-09-12 12:15:36','2024-09-12 12:15:36',NULL),(10,1,'Krishna',NULL,NULL,'Active','2024-09-12 12:15:36','2024-09-12 12:15:36',NULL),(11,1,'Kurnool',NULL,NULL,'Active','2024-09-12 12:15:36','2024-09-12 12:15:36',NULL),(12,1,'Mahbubnagar',NULL,NULL,'Active','2024-09-12 12:15:36','2024-09-12 12:15:36',NULL),(13,1,'Medak',NULL,NULL,'Active','2024-09-12 12:15:36','2024-09-12 12:15:36',NULL),(14,1,'Nalgonda',NULL,NULL,'Active','2024-09-12 12:15:36','2024-09-12 12:15:36',NULL),(15,1,'Nellore',NULL,NULL,'Active','2024-09-12 12:15:36','2024-09-12 12:15:36',NULL),(16,1,'Nizamabad',NULL,NULL,'Active','2024-09-12 12:15:36','2024-09-12 12:15:36',NULL),(17,1,'Prakasam',NULL,NULL,'Active','2024-09-12 12:15:36','2024-09-12 12:15:36',NULL),(18,1,'Rangareddi',NULL,NULL,'Active','2024-09-12 12:15:36','2024-09-12 12:15:36',NULL),(19,1,'Srikakulam',NULL,NULL,'Active','2024-09-12 12:15:36','2024-09-12 12:15:36',NULL),(20,1,'Vishakhapatnam',NULL,NULL,'Active','2024-09-12 12:15:36','2024-09-12 12:15:36',NULL),(21,1,'Vizianagaram',NULL,NULL,'Active','2024-09-12 12:15:36','2024-09-12 12:15:36',NULL),(22,1,'Warangal',NULL,NULL,'Active','2024-09-12 12:15:36','2024-09-12 12:15:36',NULL),(23,1,'West Godavari',NULL,NULL,'Active','2024-09-12 12:15:36','2024-09-12 12:15:36',NULL),(24,2,'Barpeta',NULL,NULL,'Active','2024-09-12 12:15:36','2024-09-12 12:15:36',NULL),(25,2,'Bongaigaon',NULL,NULL,'Active','2024-09-12 12:15:36','2024-09-12 12:15:36',NULL),(26,2,'Cachar',NULL,NULL,'Active','2024-09-12 12:15:36','2024-09-12 12:15:36',NULL),(27,2,'Darrang',NULL,NULL,'Active','2024-09-12 12:15:36','2024-09-12 12:15:36',NULL),(28,2,'Dhemaji',NULL,NULL,'Active','2024-09-12 12:15:36','2024-09-12 12:15:36',NULL),(29,2,'Dhubri',NULL,NULL,'Active','2024-09-12 12:15:36','2024-09-12 12:15:36',NULL),(30,2,'Dibrugarh',NULL,NULL,'Active','2024-09-12 12:15:36','2024-09-12 12:15:36',NULL),(31,2,'Goalpara',NULL,NULL,'Active','2024-09-12 12:15:36','2024-09-12 12:15:36',NULL),(32,2,'Golaghat',NULL,NULL,'Active','2024-09-12 12:15:36','2024-09-12 12:15:36',NULL),(33,2,'Hailakandi',NULL,NULL,'Active','2024-09-12 12:15:36','2024-09-12 12:15:36',NULL),(34,2,'Jorhat',NULL,NULL,'Active','2024-09-12 12:15:36','2024-09-12 12:15:36',NULL),(35,2,'Karbi Anglong',NULL,NULL,'Active','2024-09-12 12:15:36','2024-09-12 12:15:36',NULL),(36,2,'Karimganj',NULL,NULL,'Active','2024-09-12 12:15:36','2024-09-12 12:15:36',NULL),(37,2,'Kokrajhar',NULL,NULL,'Active','2024-09-12 12:15:36','2024-09-12 12:15:36',NULL),(38,2,'Lakhimpur',NULL,NULL,'Active','2024-09-12 12:15:36','2024-09-12 12:15:36',NULL),(39,2,'Marigaon',NULL,NULL,'Active','2024-09-12 12:15:36','2024-09-12 12:15:36',NULL),(40,2,'Nagaon',NULL,NULL,'Active','2024-09-12 12:15:36','2024-09-12 12:15:36',NULL),(41,2,'Nalbari',NULL,NULL,'Active','2024-09-12 12:15:36','2024-09-12 12:15:36',NULL),(42,2,'North Cachar Hills',NULL,NULL,'Active','2024-09-12 12:15:36','2024-09-12 12:15:36',NULL),(43,2,'Sibsagar',NULL,NULL,'Active','2024-09-12 12:15:37','2024-09-12 12:15:37',NULL),(44,2,'Sonitpur',NULL,NULL,'Active','2024-09-12 12:15:37','2024-09-12 12:15:37',NULL),(45,2,'Tinsukia',NULL,NULL,'Active','2024-09-12 12:15:37','2024-09-12 12:15:37',NULL),(46,3,'Anjaw',NULL,NULL,'Active','2024-09-12 12:15:37','2024-09-12 12:15:37',NULL),(47,3,'Changlang',NULL,NULL,'Active','2024-09-12 12:15:37','2024-09-12 12:15:37',NULL),(48,3,'East Kameng',NULL,NULL,'Active','2024-09-12 12:15:37','2024-09-12 12:15:37',NULL),(49,3,'Lohit',NULL,NULL,'Active','2024-09-12 12:15:37','2024-09-12 12:15:37',NULL),(50,3,'Lower Subansiri',NULL,NULL,'Active','2024-09-12 12:15:37','2024-09-12 12:15:37',NULL),(51,3,'Papum Pare',NULL,NULL,'Active','2024-09-12 12:15:37','2024-09-12 12:15:37',NULL),(52,3,'Tirap',NULL,NULL,'Active','2024-09-12 12:15:37','2024-09-12 12:15:37',NULL),(53,3,'Dibang Valley',NULL,NULL,'Active','2024-09-12 12:15:37','2024-09-12 12:15:37',NULL),(54,3,'Upper Subansiri',NULL,NULL,'Active','2024-09-12 12:15:37','2024-09-12 12:15:37',NULL),(55,3,'West Kameng',NULL,NULL,'Active','2024-09-12 12:15:37','2024-09-12 12:15:37',NULL),(56,4,'Araria',NULL,NULL,'Active','2024-09-12 12:15:37','2024-09-12 12:15:37',NULL),(57,4,'Aurangabad',NULL,NULL,'Active','2024-09-12 12:15:37','2024-09-12 12:15:37',NULL),(58,4,'Banka',NULL,NULL,'Active','2024-09-12 12:15:37','2024-09-12 12:15:37',NULL),(59,4,'Begusarai',NULL,NULL,'Active','2024-09-12 12:15:37','2024-09-12 12:15:37',NULL),(60,4,'Bhagalpur',NULL,NULL,'Active','2024-09-12 12:15:37','2024-09-12 12:15:37',NULL),(61,4,'Bhojpur',NULL,NULL,'Active','2024-09-12 12:15:37','2024-09-12 12:15:37',NULL),(62,4,'Buxar',NULL,NULL,'Active','2024-09-12 12:15:37','2024-09-12 12:15:37',NULL),(63,4,'Darbhanga',NULL,NULL,'Active','2024-09-12 12:15:37','2024-09-12 12:15:37',NULL),(64,4,'Purba Champaran',NULL,NULL,'Active','2024-09-12 12:15:37','2024-09-12 12:15:37',NULL),(65,4,'Gaya',NULL,NULL,'Active','2024-09-12 12:15:37','2024-09-12 12:15:37',NULL),(66,4,'Gopalganj',NULL,NULL,'Active','2024-09-12 12:15:37','2024-09-12 12:15:37',NULL),(67,4,'Jamui',NULL,NULL,'Active','2024-09-12 12:15:37','2024-09-12 12:15:37',NULL),(68,4,'Jehanabad',NULL,NULL,'Active','2024-09-12 12:15:37','2024-09-12 12:15:37',NULL),(69,4,'Khagaria',NULL,NULL,'Active','2024-09-12 12:15:37','2024-09-12 12:15:37',NULL),(70,4,'Kishanganj',NULL,NULL,'Active','2024-09-12 12:15:37','2024-09-12 12:15:37',NULL),(71,4,'Kaimur',NULL,NULL,'Active','2024-09-12 12:15:37','2024-09-12 12:15:37',NULL),(72,4,'Katihar',NULL,NULL,'Active','2024-09-12 12:15:37','2024-09-12 12:15:37',NULL),(73,4,'Lakhisarai',NULL,NULL,'Active','2024-09-12 12:15:37','2024-09-12 12:15:37',NULL),(74,4,'Madhubani',NULL,NULL,'Active','2024-09-12 12:15:37','2024-09-12 12:15:37',NULL),(75,4,'Munger',NULL,NULL,'Active','2024-09-12 12:15:37','2024-09-12 12:15:37',NULL),(76,4,'Madhepura',NULL,NULL,'Active','2024-09-12 12:15:37','2024-09-12 12:15:37',NULL),(77,4,'Muzaffarpur',NULL,NULL,'Active','2024-09-12 12:15:37','2024-09-12 12:15:37',NULL),(78,4,'Nalanda',NULL,NULL,'Active','2024-09-12 12:15:37','2024-09-12 12:15:37',NULL),(79,4,'Nawada',NULL,NULL,'Active','2024-09-12 12:15:37','2024-09-12 12:15:37',NULL),(80,4,'Patna',NULL,NULL,'Active','2024-09-12 12:15:37','2024-09-12 12:15:37',NULL),(81,4,'Purnia',NULL,NULL,'Active','2024-09-12 12:15:37','2024-09-12 12:15:37',NULL),(82,4,'Rohtas',NULL,NULL,'Active','2024-09-12 12:15:37','2024-09-12 12:15:37',NULL),(83,4,'Saharsa',NULL,NULL,'Active','2024-09-12 12:15:37','2024-09-12 12:15:37',NULL),(84,4,'Samastipur',NULL,NULL,'Active','2024-09-12 12:15:37','2024-09-12 12:15:37',NULL),(85,4,'Sheohar',NULL,NULL,'Active','2024-09-12 12:15:37','2024-09-12 12:15:37',NULL),(86,4,'Sheikhpura',NULL,NULL,'Active','2024-09-12 12:15:37','2024-09-12 12:15:37',NULL),(87,4,'Saran',NULL,NULL,'Active','2024-09-12 12:15:37','2024-09-12 12:15:37',NULL),(88,4,'Sitamarhi',NULL,NULL,'Active','2024-09-12 12:15:37','2024-09-12 12:15:37',NULL),(89,4,'Supaul',NULL,NULL,'Active','2024-09-12 12:15:37','2024-09-12 12:15:37',NULL),(90,4,'Siwan',NULL,NULL,'Active','2024-09-12 12:15:37','2024-09-12 12:15:37',NULL),(91,4,'Vaishali',NULL,NULL,'Active','2024-09-12 12:15:37','2024-09-12 12:15:37',NULL),(92,4,'Pashchim Champaran',NULL,NULL,'Active','2024-09-12 12:15:37','2024-09-12 12:15:37',NULL),(93,5,'Ahmedabad',NULL,NULL,'Active','2024-09-12 12:15:37','2024-09-12 12:15:37',NULL),(94,5,'Amreli District',NULL,NULL,'Active','2024-09-12 12:15:37','2024-09-12 12:15:37',NULL),(95,5,'Anand',NULL,NULL,'Active','2024-09-12 12:15:37','2024-09-12 12:15:37',NULL),(96,5,'Banaskantha',NULL,NULL,'Active','2024-09-12 12:15:37','2024-09-12 12:15:37',NULL),(97,5,'Bharuch',NULL,NULL,'Active','2024-09-12 12:15:37','2024-09-12 12:15:37',NULL),(98,5,'Bhavnagar',NULL,NULL,'Active','2024-09-12 12:15:37','2024-09-12 12:15:37',NULL),(99,5,'Dahod',NULL,NULL,'Active','2024-09-12 12:15:37','2024-09-12 12:15:37',NULL),(100,5,'The Dangs',NULL,NULL,'Active','2024-09-12 12:15:37','2024-09-12 12:15:37',NULL),(101,5,'Gandhinagar',NULL,NULL,'Active','2024-09-12 12:15:37','2024-09-12 12:15:37',NULL),(102,5,'Jamnagar',NULL,NULL,'Active','2024-09-12 12:15:37','2024-09-12 12:15:37',NULL),(103,5,'Junagadh',NULL,NULL,'Active','2024-09-12 12:15:37','2024-09-12 12:15:37',NULL),(104,5,'Kutch',NULL,NULL,'Active','2024-09-12 12:15:37','2024-09-12 12:15:37',NULL),(105,5,'Kheda',NULL,NULL,'Active','2024-09-12 12:15:37','2024-09-12 12:15:37',NULL),(106,5,'Mehsana',NULL,NULL,'Active','2024-09-12 12:15:37','2024-09-12 12:15:37',NULL),(107,5,'Narmada',NULL,NULL,'Active','2024-09-12 12:15:37','2024-09-12 12:15:37',NULL),(108,5,'Navsari',NULL,NULL,'Active','2024-09-12 12:15:37','2024-09-12 12:15:37',NULL),(109,5,'Patan',NULL,NULL,'Active','2024-09-12 12:15:37','2024-09-12 12:15:37',NULL),(110,5,'Panchmahal',NULL,NULL,'Active','2024-09-12 12:15:37','2024-09-12 12:15:37',NULL),(111,5,'Porbandar',NULL,NULL,'Active','2024-09-12 12:15:37','2024-09-12 12:15:37',NULL),(112,5,'Rajkot',NULL,NULL,'Active','2024-09-12 12:15:37','2024-09-12 12:15:37',NULL),(113,5,'Sabarkantha',NULL,NULL,'Active','2024-09-12 12:15:37','2024-09-12 12:15:37',NULL),(114,5,'Surendranagar',NULL,NULL,'Active','2024-09-12 12:15:37','2024-09-12 12:15:37',NULL),(115,5,'Surat',NULL,NULL,'Active','2024-09-12 12:15:37','2024-09-12 12:15:37',NULL),(116,5,'Vadodara',NULL,NULL,'Active','2024-09-12 12:15:37','2024-09-12 12:15:37',NULL),(117,5,'Valsad',NULL,NULL,'Active','2024-09-12 12:15:37','2024-09-12 12:15:37',NULL),(118,6,'Ambala',NULL,NULL,'Active','2024-09-12 12:15:37','2024-09-12 12:15:37',NULL),(119,6,'Bhiwani',NULL,NULL,'Active','2024-09-12 12:15:37','2024-09-12 12:15:37',NULL),(120,6,'Faridabad',NULL,NULL,'Active','2024-09-12 12:15:37','2024-09-12 12:15:37',NULL),(121,6,'Fatehabad',NULL,NULL,'Active','2024-09-12 12:15:37','2024-09-12 12:15:37',NULL),(122,6,'Gurgaon',NULL,NULL,'Active','2024-09-12 12:15:37','2024-09-12 12:15:37',NULL),(123,6,'Hissar',NULL,NULL,'Active','2024-09-12 12:15:37','2024-09-12 12:15:37',NULL),(124,6,'Jhajjar',NULL,NULL,'Active','2024-09-12 12:15:37','2024-09-12 12:15:37',NULL),(125,6,'Jind',NULL,NULL,'Active','2024-09-12 12:15:37','2024-09-12 12:15:37',NULL),(126,6,'Karnal',NULL,NULL,'Active','2024-09-12 12:15:37','2024-09-12 12:15:37',NULL),(127,6,'Kaithal',NULL,NULL,'Active','2024-09-12 12:15:37','2024-09-12 12:15:37',NULL),(128,6,'Kurukshetra',NULL,NULL,'Active','2024-09-12 12:15:37','2024-09-12 12:15:37',NULL),(129,6,'Mahendragarh',NULL,NULL,'Active','2024-09-12 12:15:37','2024-09-12 12:15:37',NULL),(130,6,'Mewat',NULL,NULL,'Active','2024-09-12 12:15:37','2024-09-12 12:15:37',NULL),(131,6,'Panchkula',NULL,NULL,'Active','2024-09-12 12:15:37','2024-09-12 12:15:37',NULL),(132,6,'Panipat',NULL,NULL,'Active','2024-09-12 12:15:37','2024-09-12 12:15:37',NULL),(133,6,'Rewari',NULL,NULL,'Active','2024-09-12 12:15:37','2024-09-12 12:15:37',NULL),(134,6,'Rohtak',NULL,NULL,'Active','2024-09-12 12:15:37','2024-09-12 12:15:37',NULL),(135,6,'Sirsa',NULL,NULL,'Active','2024-09-12 12:15:37','2024-09-12 12:15:37',NULL),(136,6,'Sonepat',NULL,NULL,'Active','2024-09-12 12:15:37','2024-09-12 12:15:37',NULL),(137,6,'Yamuna Nagar',NULL,NULL,'Active','2024-09-12 12:15:37','2024-09-12 12:15:37',NULL),(138,6,'Palwal',NULL,NULL,'Active','2024-09-12 12:15:37','2024-09-12 12:15:37',NULL),(139,7,'Bilaspur',NULL,NULL,'Active','2024-09-12 12:15:37','2024-09-12 12:15:37',NULL),(140,7,'Chamba',NULL,NULL,'Active','2024-09-12 12:15:37','2024-09-12 12:15:37',NULL),(141,7,'Hamirpur',NULL,NULL,'Active','2024-09-12 12:15:37','2024-09-12 12:15:37',NULL),(142,7,'Kangra',NULL,NULL,'Active','2024-09-12 12:15:37','2024-09-12 12:15:37',NULL),(143,7,'Kinnaur',NULL,NULL,'Active','2024-09-12 12:15:37','2024-09-12 12:15:37',NULL),(144,7,'Kulu',NULL,NULL,'Active','2024-09-12 12:15:37','2024-09-12 12:15:37',NULL),(145,7,'Lahaul and Spiti',NULL,NULL,'Active','2024-09-12 12:15:37','2024-09-12 12:15:37',NULL),(146,7,'Mandi',NULL,NULL,'Active','2024-09-12 12:15:37','2024-09-12 12:15:37',NULL),(147,7,'Shimla',NULL,NULL,'Active','2024-09-12 12:15:37','2024-09-12 12:15:37',NULL),(148,7,'Sirmaur',NULL,NULL,'Active','2024-09-12 12:15:37','2024-09-12 12:15:37',NULL),(149,7,'Solan',NULL,NULL,'Active','2024-09-12 12:15:37','2024-09-12 12:15:37',NULL),(150,7,'Una',NULL,NULL,'Active','2024-09-12 12:15:37','2024-09-12 12:15:37',NULL),(151,8,'Anantnag',NULL,NULL,'Active','2024-09-12 12:15:37','2024-09-12 12:15:37',NULL),(152,8,'Badgam',NULL,NULL,'Active','2024-09-12 12:15:37','2024-09-12 12:15:37',NULL),(153,8,'Bandipore',NULL,NULL,'Active','2024-09-12 12:15:37','2024-09-12 12:15:37',NULL),(154,8,'Baramula',NULL,NULL,'Active','2024-09-12 12:15:37','2024-09-12 12:15:37',NULL),(155,8,'Doda',NULL,NULL,'Active','2024-09-12 12:15:37','2024-09-12 12:15:37',NULL),(156,8,'Jammu',NULL,NULL,'Active','2024-09-12 12:15:37','2024-09-12 12:15:37',NULL),(157,8,'Kargil',NULL,NULL,'Active','2024-09-12 12:15:37','2024-09-12 12:15:37',NULL),(158,8,'Kathua',NULL,NULL,'Active','2024-09-12 12:15:37','2024-09-12 12:15:37',NULL),(159,8,'Kupwara',NULL,NULL,'Active','2024-09-12 12:15:37','2024-09-12 12:15:37',NULL),(160,8,'Leh',NULL,NULL,'Active','2024-09-12 12:15:37','2024-09-12 12:15:37',NULL),(161,8,'Poonch',NULL,NULL,'Active','2024-09-12 12:15:37','2024-09-12 12:15:37',NULL),(162,8,'Pulwama',NULL,NULL,'Active','2024-09-12 12:15:37','2024-09-12 12:15:37',NULL),(163,8,'Rajauri',NULL,NULL,'Active','2024-09-12 12:15:37','2024-09-12 12:15:37',NULL),(164,8,'Srinagar',NULL,NULL,'Active','2024-09-12 12:15:37','2024-09-12 12:15:37',NULL),(165,8,'Samba',NULL,NULL,'Active','2024-09-12 12:15:38','2024-09-12 12:15:38',NULL),(166,8,'Udhampur',NULL,NULL,'Active','2024-09-12 12:15:38','2024-09-12 12:15:38',NULL),(167,9,'Bidar',NULL,NULL,'Active','2024-09-12 12:15:38','2024-09-12 12:15:38',NULL),(168,9,'Belgaum',NULL,NULL,'Active','2024-09-12 12:15:38','2024-09-12 12:15:38',NULL),(169,9,'Bijapur',NULL,NULL,'Active','2024-09-12 12:15:38','2024-09-12 12:15:38',NULL),(170,9,'Bagalkot',NULL,NULL,'Active','2024-09-12 12:15:38','2024-09-12 12:15:38',NULL),(171,9,'Bellary',NULL,NULL,'Active','2024-09-12 12:15:38','2024-09-12 12:15:38',NULL),(172,9,'Bangalore Rural District',NULL,NULL,'Active','2024-09-12 12:15:38','2024-09-12 12:15:38',NULL),(173,9,'Bangalore Urban District',NULL,NULL,'Active','2024-09-12 12:15:38','2024-09-12 12:15:38',NULL),(174,9,'Chamarajnagar',NULL,NULL,'Active','2024-09-12 12:15:38','2024-09-12 12:15:38',NULL),(175,9,'Chikmagalur',NULL,NULL,'Active','2024-09-12 12:15:38','2024-09-12 12:15:38',NULL),(176,9,'Chitradurga',NULL,NULL,'Active','2024-09-12 12:15:38','2024-09-12 12:15:38',NULL),(177,9,'Davanagere',NULL,NULL,'Active','2024-09-12 12:15:38','2024-09-12 12:15:38',NULL),(178,9,'Dharwad',NULL,NULL,'Active','2024-09-12 12:15:38','2024-09-12 12:15:38',NULL),(179,9,'Dakshina Kannada',NULL,NULL,'Active','2024-09-12 12:15:38','2024-09-12 12:15:38',NULL),(180,9,'Gadag',NULL,NULL,'Active','2024-09-12 12:15:38','2024-09-12 12:15:38',NULL),(181,9,'Gulbarga',NULL,NULL,'Active','2024-09-12 12:15:38','2024-09-12 12:15:38',NULL),(182,9,'Hassan',NULL,NULL,'Active','2024-09-12 12:15:38','2024-09-12 12:15:38',NULL),(183,9,'Haveri District',NULL,NULL,'Active','2024-09-12 12:15:38','2024-09-12 12:15:38',NULL),(184,9,'Kodagu',NULL,NULL,'Active','2024-09-12 12:15:38','2024-09-12 12:15:38',NULL),(185,9,'Kolar',NULL,NULL,'Active','2024-09-12 12:15:38','2024-09-12 12:15:38',NULL),(186,9,'Koppal',NULL,NULL,'Active','2024-09-12 12:15:38','2024-09-12 12:15:38',NULL),(187,9,'Mandya',NULL,NULL,'Active','2024-09-12 12:15:38','2024-09-12 12:15:38',NULL),(188,9,'Mysore',NULL,NULL,'Active','2024-09-12 12:15:38','2024-09-12 12:15:38',NULL),(189,9,'Raichur',NULL,NULL,'Active','2024-09-12 12:15:38','2024-09-12 12:15:38',NULL),(190,9,'Shimoga',NULL,NULL,'Active','2024-09-12 12:15:38','2024-09-12 12:15:38',NULL),(191,9,'Tumkur',NULL,NULL,'Active','2024-09-12 12:15:38','2024-09-12 12:15:38',NULL),(192,9,'Udupi',NULL,NULL,'Active','2024-09-12 12:15:38','2024-09-12 12:15:38',NULL),(193,9,'Uttara Kannada',NULL,NULL,'Active','2024-09-12 12:15:38','2024-09-12 12:15:38',NULL),(194,9,'Ramanagara',NULL,NULL,'Active','2024-09-12 12:15:38','2024-09-12 12:15:38',NULL),(195,9,'Chikballapur',NULL,NULL,'Active','2024-09-12 12:15:38','2024-09-12 12:15:38',NULL),(196,9,'Yadagiri',NULL,NULL,'Active','2024-09-12 12:15:38','2024-09-12 12:15:38',NULL),(197,10,'Alappuzha',NULL,NULL,'Active','2024-09-12 12:15:38','2024-09-12 12:15:38',NULL),(198,10,'Ernakulam',NULL,NULL,'Active','2024-09-12 12:15:38','2024-09-12 12:15:38',NULL),(199,10,'Idukki',NULL,NULL,'Active','2024-09-12 12:15:38','2024-09-12 12:15:38',NULL),(200,10,'Kollam',NULL,NULL,'Active','2024-09-12 12:15:38','2024-09-12 12:15:38',NULL),(201,10,'Kannur',NULL,NULL,'Active','2024-09-12 12:15:38','2024-09-12 12:15:38',NULL),(202,10,'Kasaragod',NULL,NULL,'Active','2024-09-12 12:15:38','2024-09-12 12:15:38',NULL),(203,10,'Kottayam',NULL,NULL,'Active','2024-09-12 12:15:38','2024-09-12 12:15:38',NULL),(204,10,'Kozhikode',NULL,NULL,'Active','2024-09-12 12:15:38','2024-09-12 12:15:38',NULL),(205,10,'Malappuram',NULL,NULL,'Active','2024-09-12 12:15:38','2024-09-12 12:15:38',NULL),(206,10,'Palakkad',NULL,NULL,'Active','2024-09-12 12:15:38','2024-09-12 12:15:38',NULL),(207,10,'Pathanamthitta',NULL,NULL,'Active','2024-09-12 12:15:38','2024-09-12 12:15:38',NULL),(208,10,'Thrissur',NULL,NULL,'Active','2024-09-12 12:15:38','2024-09-12 12:15:38',NULL),(209,10,'Thiruvananthapuram',NULL,NULL,'Active','2024-09-12 12:15:38','2024-09-12 12:15:38',NULL),(210,10,'Wayanad',NULL,NULL,'Active','2024-09-12 12:15:38','2024-09-12 12:15:38',NULL),(211,11,'Alirajpur',NULL,NULL,'Active','2024-09-12 12:15:38','2024-09-12 12:15:38',NULL),(212,11,'Anuppur',NULL,NULL,'Active','2024-09-12 12:15:38','2024-09-12 12:15:38',NULL),(213,11,'Ashok Nagar',NULL,NULL,'Active','2024-09-12 12:15:38','2024-09-12 12:15:38',NULL),(214,11,'Balaghat',NULL,NULL,'Active','2024-09-12 12:15:38','2024-09-12 12:15:38',NULL),(215,11,'Barwani',NULL,NULL,'Active','2024-09-12 12:15:38','2024-09-12 12:15:38',NULL),(216,11,'Betul',NULL,NULL,'Active','2024-09-12 12:15:38','2024-09-12 12:15:38',NULL),(217,11,'Bhind',NULL,NULL,'Active','2024-09-12 12:15:38','2024-09-12 12:15:38',NULL),(218,11,'Bhopal',NULL,NULL,'Active','2024-09-12 12:15:38','2024-09-12 12:15:38',NULL),(219,11,'Burhanpur',NULL,NULL,'Active','2024-09-12 12:15:38','2024-09-12 12:15:38',NULL),(220,11,'Chhatarpur',NULL,NULL,'Active','2024-09-12 12:15:38','2024-09-12 12:15:38',NULL),(221,11,'Chhindwara',NULL,NULL,'Active','2024-09-12 12:15:38','2024-09-12 12:15:38',NULL),(222,11,'Damoh',NULL,NULL,'Active','2024-09-12 12:15:38','2024-09-12 12:15:38',NULL),(223,11,'Datia',NULL,NULL,'Active','2024-09-12 12:15:38','2024-09-12 12:15:38',NULL),(224,11,'Dewas',NULL,NULL,'Active','2024-09-12 12:15:38','2024-09-12 12:15:38',NULL),(225,11,'Dhar',NULL,NULL,'Active','2024-09-12 12:15:38','2024-09-12 12:15:38',NULL),(226,11,'Dindori',NULL,NULL,'Active','2024-09-12 12:15:38','2024-09-12 12:15:38',NULL),(227,11,'Guna',NULL,NULL,'Active','2024-09-12 12:15:38','2024-09-12 12:15:38',NULL),(228,11,'Gwalior',NULL,NULL,'Active','2024-09-12 12:15:38','2024-09-12 12:15:38',NULL),(229,11,'Harda',NULL,NULL,'Active','2024-09-12 12:15:38','2024-09-12 12:15:38',NULL),(230,11,'Hoshangabad',NULL,NULL,'Active','2024-09-12 12:15:38','2024-09-12 12:15:38',NULL),(231,11,'Indore',NULL,NULL,'Active','2024-09-12 12:15:38','2024-09-12 12:15:38',NULL),(232,11,'Jabalpur',NULL,NULL,'Active','2024-09-12 12:15:38','2024-09-12 12:15:38',NULL),(233,11,'Jhabua',NULL,NULL,'Active','2024-09-12 12:15:38','2024-09-12 12:15:38',NULL),(234,11,'Katni',NULL,NULL,'Active','2024-09-12 12:15:38','2024-09-12 12:15:38',NULL),(235,11,'Khandwa',NULL,NULL,'Active','2024-09-12 12:15:38','2024-09-12 12:15:38',NULL),(236,11,'Khargone',NULL,NULL,'Active','2024-09-12 12:15:38','2024-09-12 12:15:38',NULL),(237,11,'Mandla',NULL,NULL,'Active','2024-09-12 12:15:38','2024-09-12 12:15:38',NULL),(238,11,'Mandsaur',NULL,NULL,'Active','2024-09-12 12:15:38','2024-09-12 12:15:38',NULL),(239,11,'Morena',NULL,NULL,'Active','2024-09-12 12:15:38','2024-09-12 12:15:38',NULL),(240,11,'Narsinghpur',NULL,NULL,'Active','2024-09-12 12:15:38','2024-09-12 12:15:38',NULL),(241,11,'Neemuch',NULL,NULL,'Active','2024-09-12 12:15:38','2024-09-12 12:15:38',NULL),(242,11,'Panna',NULL,NULL,'Active','2024-09-12 12:15:38','2024-09-12 12:15:38',NULL),(243,11,'Rewa',NULL,NULL,'Active','2024-09-12 12:15:38','2024-09-12 12:15:38',NULL),(244,11,'Rajgarh',NULL,NULL,'Active','2024-09-12 12:15:38','2024-09-12 12:15:38',NULL),(245,11,'Ratlam',NULL,NULL,'Active','2024-09-12 12:15:38','2024-09-12 12:15:38',NULL),(246,11,'Raisen',NULL,NULL,'Active','2024-09-12 12:15:38','2024-09-12 12:15:38',NULL),(247,11,'Sagar',NULL,NULL,'Active','2024-09-12 12:15:38','2024-09-12 12:15:38',NULL),(248,11,'Satna',NULL,NULL,'Active','2024-09-12 12:15:38','2024-09-12 12:15:38',NULL),(249,11,'Sehore',NULL,NULL,'Active','2024-09-12 12:15:38','2024-09-12 12:15:38',NULL),(250,11,'Seoni',NULL,NULL,'Active','2024-09-12 12:15:38','2024-09-12 12:15:38',NULL),(251,11,'Shahdol',NULL,NULL,'Active','2024-09-12 12:15:38','2024-09-12 12:15:38',NULL),(252,11,'Shajapur',NULL,NULL,'Active','2024-09-12 12:15:38','2024-09-12 12:15:38',NULL),(253,11,'Sheopur',NULL,NULL,'Active','2024-09-12 12:15:38','2024-09-12 12:15:38',NULL),(254,11,'Shivpuri',NULL,NULL,'Active','2024-09-12 12:15:38','2024-09-12 12:15:38',NULL),(255,11,'Sidhi',NULL,NULL,'Active','2024-09-12 12:15:38','2024-09-12 12:15:38',NULL),(256,11,'Singrauli',NULL,NULL,'Active','2024-09-12 12:15:38','2024-09-12 12:15:38',NULL),(257,11,'Tikamgarh',NULL,NULL,'Active','2024-09-12 12:15:38','2024-09-12 12:15:38',NULL),(258,11,'Ujjain',NULL,NULL,'Active','2024-09-12 12:15:38','2024-09-12 12:15:38',NULL),(259,11,'Umaria',NULL,NULL,'Active','2024-09-12 12:15:38','2024-09-12 12:15:38',NULL),(260,11,'Vidisha',NULL,NULL,'Active','2024-09-12 12:15:38','2024-09-12 12:15:38',NULL),(261,12,'Ahmednagar',NULL,NULL,'Active','2024-09-12 12:15:38','2024-09-12 12:15:38',NULL),(262,12,'Akola',NULL,NULL,'Active','2024-09-12 12:15:38','2024-09-12 12:15:38',NULL),(263,12,'Amrawati',NULL,NULL,'Active','2024-09-12 12:15:38','2024-09-12 12:15:38',NULL),(264,12,'Aurangabad',NULL,NULL,'Active','2024-09-12 12:15:38','2024-09-12 12:15:38',NULL),(265,12,'Bhandara',NULL,NULL,'Active','2024-09-12 12:15:38','2024-09-12 12:15:38',NULL),(266,12,'Beed',NULL,NULL,'Active','2024-09-12 12:15:38','2024-09-12 12:15:38',NULL),(267,12,'Buldhana',NULL,NULL,'Active','2024-09-12 12:15:38','2024-09-12 12:15:38',NULL),(268,12,'Chandrapur',NULL,NULL,'Active','2024-09-12 12:15:38','2024-09-12 12:15:38',NULL),(269,12,'Dhule',NULL,NULL,'Active','2024-09-12 12:15:38','2024-09-12 12:15:38',NULL),(270,12,'Gadchiroli',NULL,NULL,'Active','2024-09-12 12:15:38','2024-09-12 12:15:38',NULL),(271,12,'Gondiya',NULL,NULL,'Active','2024-09-12 12:15:38','2024-09-12 12:15:38',NULL),(272,12,'Hingoli',NULL,NULL,'Active','2024-09-12 12:15:38','2024-09-12 12:15:38',NULL),(273,12,'Jalgaon',NULL,NULL,'Active','2024-09-12 12:15:38','2024-09-12 12:15:38',NULL),(274,12,'Jalna',NULL,NULL,'Active','2024-09-12 12:15:38','2024-09-12 12:15:38',NULL),(275,12,'Kolhapur',NULL,NULL,'Active','2024-09-12 12:15:38','2024-09-12 12:15:38',NULL),(276,12,'Latur',NULL,NULL,'Active','2024-09-12 12:15:39','2024-09-12 12:15:39',NULL),(277,12,'Mumbai City',NULL,NULL,'Active','2024-09-12 12:15:39','2024-09-12 12:15:39',NULL),(278,12,'Mumbai suburban',NULL,NULL,'Active','2024-09-12 12:15:39','2024-09-12 12:15:39',NULL),(279,12,'Nandurbar',NULL,NULL,'Active','2024-09-12 12:15:39','2024-09-12 12:15:39',NULL),(280,12,'Nanded',NULL,NULL,'Active','2024-09-12 12:15:39','2024-09-12 12:15:39',NULL),(281,12,'Nagpur',NULL,NULL,'Active','2024-09-12 12:15:39','2024-09-12 12:15:39',NULL),(282,12,'Nashik',NULL,NULL,'Active','2024-09-12 12:15:39','2024-09-12 12:15:39',NULL),(283,12,'Osmanabad',NULL,NULL,'Active','2024-09-12 12:15:39','2024-09-12 12:15:39',NULL),(284,12,'Parbhani',NULL,NULL,'Active','2024-09-12 12:15:39','2024-09-12 12:15:39',NULL),(285,12,'Pune',NULL,NULL,'Active','2024-09-12 12:15:39','2024-09-12 12:15:39',NULL),(286,12,'Raigad',NULL,NULL,'Active','2024-09-12 12:15:39','2024-09-12 12:15:39',NULL),(287,12,'Ratnagiri',NULL,NULL,'Active','2024-09-12 12:15:39','2024-09-12 12:15:39',NULL),(288,12,'Sindhudurg',NULL,NULL,'Active','2024-09-12 12:15:39','2024-09-12 12:15:39',NULL),(289,12,'Sangli',NULL,NULL,'Active','2024-09-12 12:15:39','2024-09-12 12:15:39',NULL),(290,12,'Solapur',NULL,NULL,'Active','2024-09-12 12:15:39','2024-09-12 12:15:39',NULL),(291,12,'Satara',NULL,NULL,'Active','2024-09-12 12:15:39','2024-09-12 12:15:39',NULL),(292,12,'Thane',NULL,NULL,'Active','2024-09-12 12:15:39','2024-09-12 12:15:39',NULL),(293,12,'Wardha',NULL,NULL,'Active','2024-09-12 12:15:39','2024-09-12 12:15:39',NULL),(294,12,'Washim',NULL,NULL,'Active','2024-09-12 12:15:39','2024-09-12 12:15:39',NULL),(295,12,'Yavatmal',NULL,NULL,'Active','2024-09-12 12:15:39','2024-09-12 12:15:39',NULL),(296,13,'Bishnupur',NULL,NULL,'Active','2024-09-12 12:15:39','2024-09-12 12:15:39',NULL),(297,13,'Churachandpur',NULL,NULL,'Active','2024-09-12 12:15:39','2024-09-12 12:15:39',NULL),(298,13,'Chandel',NULL,NULL,'Active','2024-09-12 12:15:39','2024-09-12 12:15:39',NULL),(299,13,'Imphal East',NULL,NULL,'Active','2024-09-12 12:15:39','2024-09-12 12:15:39',NULL),(300,13,'Senapati',NULL,NULL,'Active','2024-09-12 12:15:39','2024-09-12 12:15:39',NULL),(301,13,'Tamenglong',NULL,NULL,'Active','2024-09-12 12:15:39','2024-09-12 12:15:39',NULL),(302,13,'Thoubal',NULL,NULL,'Active','2024-09-12 12:15:39','2024-09-12 12:15:39',NULL),(303,13,'Ukhrul',NULL,NULL,'Active','2024-09-12 12:15:39','2024-09-12 12:15:39',NULL),(304,13,'Imphal West',NULL,NULL,'Active','2024-09-12 12:15:39','2024-09-12 12:15:39',NULL),(305,14,'East Garo Hills',NULL,NULL,'Active','2024-09-12 12:15:39','2024-09-12 12:15:39',NULL),(306,14,'East Khasi Hills',NULL,NULL,'Active','2024-09-12 12:15:39','2024-09-12 12:15:39',NULL),(307,14,'Jaintia Hills',NULL,NULL,'Active','2024-09-12 12:15:39','2024-09-12 12:15:39',NULL),(308,14,'Ri-Bhoi',NULL,NULL,'Active','2024-09-12 12:15:39','2024-09-12 12:15:39',NULL),(309,14,'South Garo Hills',NULL,NULL,'Active','2024-09-12 12:15:39','2024-09-12 12:15:39',NULL),(310,14,'West Garo Hills',NULL,NULL,'Active','2024-09-12 12:15:39','2024-09-12 12:15:39',NULL),(311,14,'West Khasi Hills',NULL,NULL,'Active','2024-09-12 12:15:39','2024-09-12 12:15:39',NULL),(312,15,'Aizawl',NULL,NULL,'Active','2024-09-12 12:15:39','2024-09-12 12:15:39',NULL),(313,15,'Champhai',NULL,NULL,'Active','2024-09-12 12:15:39','2024-09-12 12:15:39',NULL),(314,15,'Kolasib',NULL,NULL,'Active','2024-09-12 12:15:39','2024-09-12 12:15:39',NULL),(315,15,'Lawngtlai',NULL,NULL,'Active','2024-09-12 12:15:39','2024-09-12 12:15:39',NULL),(316,15,'Lunglei',NULL,NULL,'Active','2024-09-12 12:15:39','2024-09-12 12:15:39',NULL),(317,15,'Mamit',NULL,NULL,'Active','2024-09-12 12:15:39','2024-09-12 12:15:39',NULL),(318,15,'Saiha',NULL,NULL,'Active','2024-09-12 12:15:39','2024-09-12 12:15:39',NULL),(319,15,'Serchhip',NULL,NULL,'Active','2024-09-12 12:15:39','2024-09-12 12:15:39',NULL),(320,16,'Dimapur',NULL,NULL,'Active','2024-09-12 12:15:39','2024-09-12 12:15:39',NULL),(321,16,'Kohima',NULL,NULL,'Active','2024-09-12 12:15:39','2024-09-12 12:15:39',NULL),(322,16,'Mokokchung',NULL,NULL,'Active','2024-09-12 12:15:39','2024-09-12 12:15:39',NULL),(323,16,'Mon',NULL,NULL,'Active','2024-09-12 12:15:39','2024-09-12 12:15:39',NULL),(324,16,'Phek',NULL,NULL,'Active','2024-09-12 12:15:39','2024-09-12 12:15:39',NULL),(325,16,'Tuensang',NULL,NULL,'Active','2024-09-12 12:15:39','2024-09-12 12:15:39',NULL),(326,16,'Wokha',NULL,NULL,'Active','2024-09-12 12:15:39','2024-09-12 12:15:39',NULL),(327,16,'Zunheboto',NULL,NULL,'Active','2024-09-12 12:15:39','2024-09-12 12:15:39',NULL),(328,17,'Angul',NULL,NULL,'Active','2024-09-12 12:15:39','2024-09-12 12:15:39',NULL),(329,17,'Boudh',NULL,NULL,'Active','2024-09-12 12:15:39','2024-09-12 12:15:39',NULL),(330,17,'Bhadrak',NULL,NULL,'Active','2024-09-12 12:15:39','2024-09-12 12:15:39',NULL),(331,17,'Bolangir',NULL,NULL,'Active','2024-09-12 12:15:39','2024-09-12 12:15:39',NULL),(332,17,'Bargarh',NULL,NULL,'Active','2024-09-12 12:15:39','2024-09-12 12:15:39',NULL),(333,17,'Baleswar',NULL,NULL,'Active','2024-09-12 12:15:39','2024-09-12 12:15:39',NULL),(334,17,'Cuttack',NULL,NULL,'Active','2024-09-12 12:15:39','2024-09-12 12:15:39',NULL),(335,17,'Debagarh',NULL,NULL,'Active','2024-09-12 12:15:39','2024-09-12 12:15:39',NULL),(336,17,'Dhenkanal',NULL,NULL,'Active','2024-09-12 12:15:39','2024-09-12 12:15:39',NULL),(337,17,'Ganjam',NULL,NULL,'Active','2024-09-12 12:15:39','2024-09-12 12:15:39',NULL),(338,17,'Gajapati',NULL,NULL,'Active','2024-09-12 12:15:39','2024-09-12 12:15:39',NULL),(339,17,'Jharsuguda',NULL,NULL,'Active','2024-09-12 12:15:39','2024-09-12 12:15:39',NULL),(340,17,'Jajapur',NULL,NULL,'Active','2024-09-12 12:15:39','2024-09-12 12:15:39',NULL),(341,17,'Jagatsinghpur',NULL,NULL,'Active','2024-09-12 12:15:39','2024-09-12 12:15:39',NULL),(342,17,'Khordha',NULL,NULL,'Active','2024-09-12 12:15:39','2024-09-12 12:15:39',NULL),(343,17,'Kendujhar',NULL,NULL,'Active','2024-09-12 12:15:39','2024-09-12 12:15:39',NULL),(344,17,'Kalahandi',NULL,NULL,'Active','2024-09-12 12:15:39','2024-09-12 12:15:39',NULL),(345,17,'Kandhamal',NULL,NULL,'Active','2024-09-12 12:15:39','2024-09-12 12:15:39',NULL),(346,17,'Koraput',NULL,NULL,'Active','2024-09-12 12:15:39','2024-09-12 12:15:39',NULL),(347,17,'Kendrapara',NULL,NULL,'Active','2024-09-12 12:15:39','2024-09-12 12:15:39',NULL),(348,17,'Malkangiri',NULL,NULL,'Active','2024-09-12 12:15:39','2024-09-12 12:15:39',NULL),(349,17,'Mayurbhanj',NULL,NULL,'Active','2024-09-12 12:15:39','2024-09-12 12:15:39',NULL),(350,17,'Nabarangpur',NULL,NULL,'Active','2024-09-12 12:15:39','2024-09-12 12:15:39',NULL),(351,17,'Nuapada',NULL,NULL,'Active','2024-09-12 12:15:39','2024-09-12 12:15:39',NULL),(352,17,'Nayagarh',NULL,NULL,'Active','2024-09-12 12:15:39','2024-09-12 12:15:39',NULL),(353,17,'Puri',NULL,NULL,'Active','2024-09-12 12:15:39','2024-09-12 12:15:39',NULL),(354,17,'Rayagada',NULL,NULL,'Active','2024-09-12 12:15:39','2024-09-12 12:15:39',NULL),(355,17,'Sambalpur',NULL,NULL,'Active','2024-09-12 12:15:39','2024-09-12 12:15:39',NULL),(356,17,'Subarnapur',NULL,NULL,'Active','2024-09-12 12:15:39','2024-09-12 12:15:39',NULL),(357,17,'Sundargarh',NULL,NULL,'Active','2024-09-12 12:15:39','2024-09-12 12:15:39',NULL),(358,18,'Amritsar',NULL,NULL,'Active','2024-09-12 12:15:39','2024-09-12 12:15:39',NULL),(359,18,'Bathinda',NULL,NULL,'Active','2024-09-12 12:15:39','2024-09-12 12:15:39',NULL),(360,18,'Firozpur',NULL,NULL,'Active','2024-09-12 12:15:39','2024-09-12 12:15:39',NULL),(361,18,'Faridkot',NULL,NULL,'Active','2024-09-12 12:15:39','2024-09-12 12:15:39',NULL),(362,18,'Fatehgarh Sahib',NULL,NULL,'Active','2024-09-12 12:15:39','2024-09-12 12:15:39',NULL),(363,18,'Gurdaspur',NULL,NULL,'Active','2024-09-12 12:15:39','2024-09-12 12:15:39',NULL),(364,18,'Hoshiarpur',NULL,NULL,'Active','2024-09-12 12:15:39','2024-09-12 12:15:39',NULL),(365,18,'Jalandhar',NULL,NULL,'Active','2024-09-12 12:15:39','2024-09-12 12:15:39',NULL),(366,18,'Kapurthala',NULL,NULL,'Active','2024-09-12 12:15:39','2024-09-12 12:15:39',NULL),(367,18,'Ludhiana',NULL,NULL,'Active','2024-09-12 12:15:39','2024-09-12 12:15:39',NULL),(368,18,'Mansa',NULL,NULL,'Active','2024-09-12 12:15:39','2024-09-12 12:15:39',NULL),(369,18,'Moga',NULL,NULL,'Active','2024-09-12 12:15:39','2024-09-12 12:15:39',NULL),(370,18,'Mukatsar',NULL,NULL,'Active','2024-09-12 12:15:39','2024-09-12 12:15:39',NULL),(371,18,'Nawan Shehar',NULL,NULL,'Active','2024-09-12 12:15:39','2024-09-12 12:15:39',NULL),(372,18,'Patiala',NULL,NULL,'Active','2024-09-12 12:15:39','2024-09-12 12:15:39',NULL),(373,18,'Rupnagar',NULL,NULL,'Active','2024-09-12 12:15:39','2024-09-12 12:15:39',NULL),(374,18,'Sangrur',NULL,NULL,'Active','2024-09-12 12:15:39','2024-09-12 12:15:39',NULL),(375,19,'Ajmer',NULL,NULL,'Active','2024-09-12 12:15:39','2024-09-12 12:15:39',NULL),(376,19,'Alwar',NULL,NULL,'Active','2024-09-12 12:15:39','2024-09-12 12:15:39',NULL),(377,19,'Bikaner',NULL,NULL,'Active','2024-09-12 12:15:39','2024-09-12 12:15:39',NULL),(378,19,'Barmer',NULL,NULL,'Active','2024-09-12 12:15:39','2024-09-12 12:15:39',NULL),(379,19,'Banswara',NULL,NULL,'Active','2024-09-12 12:15:39','2024-09-12 12:15:39',NULL),(380,19,'Bharatpur',NULL,NULL,'Active','2024-09-12 12:15:39','2024-09-12 12:15:39',NULL),(381,19,'Baran',NULL,NULL,'Active','2024-09-12 12:15:39','2024-09-12 12:15:39',NULL),(382,19,'Bundi',NULL,NULL,'Active','2024-09-12 12:15:39','2024-09-12 12:15:39',NULL),(383,19,'Bhilwara',NULL,NULL,'Active','2024-09-12 12:15:39','2024-09-12 12:15:39',NULL),(384,19,'Churu',NULL,NULL,'Active','2024-09-12 12:15:39','2024-09-12 12:15:39',NULL),(385,19,'Chittorgarh',NULL,NULL,'Active','2024-09-12 12:15:39','2024-09-12 12:15:39',NULL),(386,19,'Dausa',NULL,NULL,'Active','2024-09-12 12:15:39','2024-09-12 12:15:39',NULL),(387,19,'Dholpur',NULL,NULL,'Active','2024-09-12 12:15:39','2024-09-12 12:15:39',NULL),(388,19,'Dungapur',NULL,NULL,'Active','2024-09-12 12:15:39','2024-09-12 12:15:39',NULL),(389,19,'Ganganagar',NULL,NULL,'Active','2024-09-12 12:15:39','2024-09-12 12:15:39',NULL),(390,19,'Hanumangarh',NULL,NULL,'Active','2024-09-12 12:15:39','2024-09-12 12:15:39',NULL),(391,19,'Juhnjhunun',NULL,NULL,'Active','2024-09-12 12:15:39','2024-09-12 12:15:39',NULL),(392,19,'Jalore',NULL,NULL,'Active','2024-09-12 12:15:39','2024-09-12 12:15:39',NULL),(393,19,'Jodhpur',NULL,NULL,'Active','2024-09-12 12:15:39','2024-09-12 12:15:39',NULL),(394,19,'Jaipur',NULL,NULL,'Active','2024-09-12 12:15:39','2024-09-12 12:15:39',NULL),(395,19,'Jaisalmer',NULL,NULL,'Active','2024-09-12 12:15:39','2024-09-12 12:15:39',NULL),(396,19,'Jhalawar',NULL,NULL,'Active','2024-09-12 12:15:39','2024-09-12 12:15:39',NULL),(397,19,'Karauli',NULL,NULL,'Active','2024-09-12 12:15:39','2024-09-12 12:15:39',NULL),(398,19,'Kota',NULL,NULL,'Active','2024-09-12 12:15:39','2024-09-12 12:15:39',NULL),(399,19,'Nagaur',NULL,NULL,'Active','2024-09-12 12:15:40','2024-09-12 12:15:40',NULL),(400,19,'Pali',NULL,NULL,'Active','2024-09-12 12:15:40','2024-09-12 12:15:40',NULL),(401,19,'Pratapgarh',NULL,NULL,'Active','2024-09-12 12:15:40','2024-09-12 12:15:40',NULL),(402,19,'Rajsamand',NULL,NULL,'Active','2024-09-12 12:15:40','2024-09-12 12:15:40',NULL),(403,19,'Sikar',NULL,NULL,'Active','2024-09-12 12:15:40','2024-09-12 12:15:40',NULL),(404,19,'Sawai Madhopur',NULL,NULL,'Active','2024-09-12 12:15:40','2024-09-12 12:15:40',NULL),(405,19,'Sirohi',NULL,NULL,'Active','2024-09-12 12:15:40','2024-09-12 12:15:40',NULL),(406,19,'Tonk',NULL,NULL,'Active','2024-09-12 12:15:40','2024-09-12 12:15:40',NULL),(407,19,'Udaipur',NULL,NULL,'Active','2024-09-12 12:15:40','2024-09-12 12:15:40',NULL),(408,20,'East Sikkim',NULL,NULL,'Active','2024-09-12 12:15:40','2024-09-12 12:15:40',NULL),(409,20,'North Sikkim',NULL,NULL,'Active','2024-09-12 12:15:40','2024-09-12 12:15:40',NULL),(410,20,'South Sikkim',NULL,NULL,'Active','2024-09-12 12:15:40','2024-09-12 12:15:40',NULL),(411,20,'West Sikkim',NULL,NULL,'Active','2024-09-12 12:15:40','2024-09-12 12:15:40',NULL),(412,21,'Ariyalur',NULL,NULL,'Active','2024-09-12 12:15:40','2024-09-12 12:15:40',NULL),(413,21,'Chennai',NULL,NULL,'Active','2024-09-12 12:15:40','2024-09-12 12:15:40',NULL),(414,21,'Coimbatore',NULL,NULL,'Active','2024-09-12 12:15:40','2024-09-12 12:15:40',NULL),(415,21,'Cuddalore',NULL,NULL,'Active','2024-09-12 12:15:40','2024-09-12 12:15:40',NULL),(416,21,'Dharmapuri',NULL,NULL,'Active','2024-09-12 12:15:40','2024-09-12 12:15:40',NULL),(417,21,'Dindigul',NULL,NULL,'Active','2024-09-12 12:15:40','2024-09-12 12:15:40',NULL),(418,21,'Erode',NULL,NULL,'Active','2024-09-12 12:15:40','2024-09-12 12:15:40',NULL),(419,21,'Kanchipuram',NULL,NULL,'Active','2024-09-12 12:15:40','2024-09-12 12:15:40',NULL),(420,21,'Kanyakumari',NULL,NULL,'Active','2024-09-12 12:15:40','2024-09-12 12:15:40',NULL),(421,21,'Karur',NULL,NULL,'Active','2024-09-12 12:15:40','2024-09-12 12:15:40',NULL),(422,21,'Madurai',NULL,NULL,'Active','2024-09-12 12:15:40','2024-09-12 12:15:40',NULL),(423,21,'Nagapattinam',NULL,NULL,'Active','2024-09-12 12:15:40','2024-09-12 12:15:40',NULL),(424,21,'The Nilgiris',NULL,NULL,'Active','2024-09-12 12:15:40','2024-09-12 12:15:40',NULL),(425,21,'Namakkal',NULL,NULL,'Active','2024-09-12 12:15:40','2024-09-12 12:15:40',NULL),(426,21,'Perambalur',NULL,NULL,'Active','2024-09-12 12:15:40','2024-09-12 12:15:40',NULL),(427,21,'Pudukkottai',NULL,NULL,'Active','2024-09-12 12:15:40','2024-09-12 12:15:40',NULL),(428,21,'Ramanathapuram',NULL,NULL,'Active','2024-09-12 12:15:40','2024-09-12 12:15:40',NULL),(429,21,'Salem',NULL,NULL,'Active','2024-09-12 12:15:40','2024-09-12 12:15:40',NULL),(430,21,'Sivagangai',NULL,NULL,'Active','2024-09-12 12:15:40','2024-09-12 12:15:40',NULL),(431,21,'Tiruppur',NULL,NULL,'Active','2024-09-12 12:15:40','2024-09-12 12:15:40',NULL),(432,21,'Tiruchirappalli',NULL,NULL,'Active','2024-09-12 12:15:40','2024-09-12 12:15:40',NULL),(433,21,'Theni',NULL,NULL,'Active','2024-09-12 12:15:40','2024-09-12 12:15:40',NULL),(434,21,'Tirunelveli',NULL,NULL,'Active','2024-09-12 12:15:40','2024-09-12 12:15:40',NULL),(435,21,'Thanjavur',NULL,NULL,'Active','2024-09-12 12:15:40','2024-09-12 12:15:40',NULL),(436,21,'Thoothukudi',NULL,NULL,'Active','2024-09-12 12:15:40','2024-09-12 12:15:40',NULL),(437,21,'Thiruvallur',NULL,NULL,'Active','2024-09-12 12:15:40','2024-09-12 12:15:40',NULL),(438,21,'Thiruvarur',NULL,NULL,'Active','2024-09-12 12:15:40','2024-09-12 12:15:40',NULL),(439,21,'Tiruvannamalai',NULL,NULL,'Active','2024-09-12 12:15:40','2024-09-12 12:15:40',NULL),(440,21,'Vellore',NULL,NULL,'Active','2024-09-12 12:15:40','2024-09-12 12:15:40',NULL),(441,21,'Villupuram',NULL,NULL,'Active','2024-09-12 12:15:40','2024-09-12 12:15:40',NULL),(442,22,'Dhalai',NULL,NULL,'Active','2024-09-12 12:15:40','2024-09-12 12:15:40',NULL),(443,22,'North Tripura',NULL,NULL,'Active','2024-09-12 12:15:40','2024-09-12 12:15:40',NULL),(444,22,'South Tripura',NULL,NULL,'Active','2024-09-12 12:15:40','2024-09-12 12:15:40',NULL),(445,22,'West Tripura',NULL,NULL,'Active','2024-09-12 12:15:40','2024-09-12 12:15:40',NULL),(446,23,'Agra',NULL,NULL,'Active','2024-09-12 12:15:40','2024-09-12 12:15:40',NULL),(447,23,'Allahabad',NULL,NULL,'Active','2024-09-12 12:15:40','2024-09-12 12:15:40',NULL),(448,23,'Aligarh',NULL,NULL,'Active','2024-09-12 12:15:40','2024-09-12 12:15:40',NULL),(449,23,'Ambedkar Nagar',NULL,NULL,'Active','2024-09-12 12:15:40','2024-09-12 12:15:40',NULL),(450,23,'Auraiya',NULL,NULL,'Active','2024-09-12 12:15:40','2024-09-12 12:15:40',NULL),(451,23,'Azamgarh',NULL,NULL,'Active','2024-09-12 12:15:40','2024-09-12 12:15:40',NULL),(452,23,'Barabanki',NULL,NULL,'Active','2024-09-12 12:15:40','2024-09-12 12:15:40',NULL),(453,23,'Badaun',NULL,NULL,'Active','2024-09-12 12:15:40','2024-09-12 12:15:40',NULL),(454,23,'Bagpat',NULL,NULL,'Active','2024-09-12 12:15:40','2024-09-12 12:15:40',NULL),(455,23,'Bahraich',NULL,NULL,'Active','2024-09-12 12:15:40','2024-09-12 12:15:40',NULL),(456,23,'Bijnor',NULL,NULL,'Active','2024-09-12 12:15:40','2024-09-12 12:15:40',NULL),(457,23,'Ballia',NULL,NULL,'Active','2024-09-12 12:15:40','2024-09-12 12:15:40',NULL),(458,23,'Banda',NULL,NULL,'Active','2024-09-12 12:15:40','2024-09-12 12:15:40',NULL),(459,23,'Balrampur',NULL,NULL,'Active','2024-09-12 12:15:40','2024-09-12 12:15:40',NULL),(460,23,'Bareilly',NULL,NULL,'Active','2024-09-12 12:15:40','2024-09-12 12:15:40',NULL),(461,23,'Basti',NULL,NULL,'Active','2024-09-12 12:15:40','2024-09-12 12:15:40',NULL),(462,23,'Bulandshahr',NULL,NULL,'Active','2024-09-12 12:15:40','2024-09-12 12:15:40',NULL),(463,23,'Chandauli',NULL,NULL,'Active','2024-09-12 12:15:40','2024-09-12 12:15:40',NULL),(464,23,'Chitrakoot',NULL,NULL,'Active','2024-09-12 12:15:40','2024-09-12 12:15:40',NULL),(465,23,'Deoria',NULL,NULL,'Active','2024-09-12 12:15:40','2024-09-12 12:15:40',NULL),(466,23,'Etah',NULL,NULL,'Active','2024-09-12 12:15:40','2024-09-12 12:15:40',NULL),(467,23,'Kanshiram Nagar',NULL,NULL,'Active','2024-09-12 12:15:40','2024-09-12 12:15:40',NULL),(468,23,'Etawah',NULL,NULL,'Active','2024-09-12 12:15:40','2024-09-12 12:15:40',NULL),(469,23,'Firozabad',NULL,NULL,'Active','2024-09-12 12:15:40','2024-09-12 12:15:40',NULL),(470,23,'Farrukhabad',NULL,NULL,'Active','2024-09-12 12:15:40','2024-09-12 12:15:40',NULL),(471,23,'Fatehpur',NULL,NULL,'Active','2024-09-12 12:15:40','2024-09-12 12:15:40',NULL),(472,23,'Faizabad',NULL,NULL,'Active','2024-09-12 12:15:40','2024-09-12 12:15:40',NULL),(473,23,'Gautam Buddha Nagar',NULL,NULL,'Active','2024-09-12 12:15:40','2024-09-12 12:15:40',NULL),(474,23,'Gonda',NULL,NULL,'Active','2024-09-12 12:15:40','2024-09-12 12:15:40',NULL),(475,23,'Ghazipur',NULL,NULL,'Active','2024-09-12 12:15:40','2024-09-12 12:15:40',NULL),(476,23,'Gorkakhpur',NULL,NULL,'Active','2024-09-12 12:15:40','2024-09-12 12:15:40',NULL),(477,23,'Ghaziabad',NULL,NULL,'Active','2024-09-12 12:15:40','2024-09-12 12:15:40',NULL),(478,23,'Hamirpur',NULL,NULL,'Active','2024-09-12 12:15:40','2024-09-12 12:15:40',NULL),(479,23,'Hardoi',NULL,NULL,'Active','2024-09-12 12:15:40','2024-09-12 12:15:40',NULL),(480,23,'Mahamaya Nagar',NULL,NULL,'Active','2024-09-12 12:15:40','2024-09-12 12:15:40',NULL),(481,23,'Jhansi',NULL,NULL,'Active','2024-09-12 12:15:40','2024-09-12 12:15:40',NULL),(482,23,'Jalaun',NULL,NULL,'Active','2024-09-12 12:15:40','2024-09-12 12:15:40',NULL),(483,23,'Jyotiba Phule Nagar',NULL,NULL,'Active','2024-09-12 12:15:40','2024-09-12 12:15:40',NULL),(484,23,'Jaunpur District',NULL,NULL,'Active','2024-09-12 12:15:40','2024-09-12 12:15:40',NULL),(485,23,'Kanpur Dehat',NULL,NULL,'Active','2024-09-12 12:15:40','2024-09-12 12:15:40',NULL),(486,23,'Kannauj',NULL,NULL,'Active','2024-09-12 12:15:40','2024-09-12 12:15:40',NULL),(487,23,'Kanpur Nagar',NULL,NULL,'Active','2024-09-12 12:15:40','2024-09-12 12:15:40',NULL),(488,23,'Kaushambi',NULL,NULL,'Active','2024-09-12 12:15:40','2024-09-12 12:15:40',NULL),(489,23,'Kushinagar',NULL,NULL,'Active','2024-09-12 12:15:40','2024-09-12 12:15:40',NULL),(490,23,'Lalitpur',NULL,NULL,'Active','2024-09-12 12:15:40','2024-09-12 12:15:40',NULL),(491,23,'Lakhimpur Kheri',NULL,NULL,'Active','2024-09-12 12:15:40','2024-09-12 12:15:40',NULL),(492,23,'Lucknow',NULL,NULL,'Active','2024-09-12 12:15:40','2024-09-12 12:15:40',NULL),(493,23,'Mau',NULL,NULL,'Active','2024-09-12 12:15:40','2024-09-12 12:15:40',NULL),(494,23,'Meerut',NULL,NULL,'Active','2024-09-12 12:15:40','2024-09-12 12:15:40',NULL),(495,23,'Maharajganj',NULL,NULL,'Active','2024-09-12 12:15:40','2024-09-12 12:15:40',NULL),(496,23,'Mahoba',NULL,NULL,'Active','2024-09-12 12:15:40','2024-09-12 12:15:40',NULL),(497,23,'Mirzapur',NULL,NULL,'Active','2024-09-12 12:15:40','2024-09-12 12:15:40',NULL),(498,23,'Moradabad',NULL,NULL,'Active','2024-09-12 12:15:40','2024-09-12 12:15:40',NULL),(499,23,'Mainpuri',NULL,NULL,'Active','2024-09-12 12:15:40','2024-09-12 12:15:40',NULL),(500,23,'Mathura',NULL,NULL,'Active','2024-09-12 12:15:40','2024-09-12 12:15:40',NULL),(501,23,'Muzaffarnagar',NULL,NULL,'Active','2024-09-12 12:15:40','2024-09-12 12:15:40',NULL),(502,23,'Pilibhit',NULL,NULL,'Active','2024-09-12 12:15:40','2024-09-12 12:15:40',NULL),(503,23,'Pratapgarh',NULL,NULL,'Active','2024-09-12 12:15:40','2024-09-12 12:15:40',NULL),(504,23,'Rampur',NULL,NULL,'Active','2024-09-12 12:15:40','2024-09-12 12:15:40',NULL),(505,23,'Rae Bareli',NULL,NULL,'Active','2024-09-12 12:15:40','2024-09-12 12:15:40',NULL),(506,23,'Saharanpur',NULL,NULL,'Active','2024-09-12 12:15:40','2024-09-12 12:15:40',NULL),(507,23,'Sitapur',NULL,NULL,'Active','2024-09-12 12:15:40','2024-09-12 12:15:40',NULL),(508,23,'Shahjahanpur',NULL,NULL,'Active','2024-09-12 12:15:40','2024-09-12 12:15:40',NULL),(509,23,'Sant Kabir Nagar',NULL,NULL,'Active','2024-09-12 12:15:40','2024-09-12 12:15:40',NULL),(510,23,'Siddharthnagar',NULL,NULL,'Active','2024-09-12 12:15:40','2024-09-12 12:15:40',NULL),(511,23,'Sonbhadra',NULL,NULL,'Active','2024-09-12 12:15:40','2024-09-12 12:15:40',NULL),(512,23,'Sant Ravidas Nagar',NULL,NULL,'Active','2024-09-12 12:15:40','2024-09-12 12:15:40',NULL),(513,23,'Sultanpur',NULL,NULL,'Active','2024-09-12 12:15:40','2024-09-12 12:15:40',NULL),(514,23,'Shravasti',NULL,NULL,'Active','2024-09-12 12:15:41','2024-09-12 12:15:41',NULL),(515,23,'Unnao',NULL,NULL,'Active','2024-09-12 12:15:41','2024-09-12 12:15:41',NULL),(516,23,'Varanasi',NULL,NULL,'Active','2024-09-12 12:15:41','2024-09-12 12:15:41',NULL),(517,24,'Birbhum',NULL,NULL,'Active','2024-09-12 12:15:41','2024-09-12 12:15:41',NULL),(518,24,'Bankura',NULL,NULL,'Active','2024-09-12 12:15:41','2024-09-12 12:15:41',NULL),(519,24,'Bardhaman',NULL,NULL,'Active','2024-09-12 12:15:41','2024-09-12 12:15:41',NULL),(520,24,'Darjeeling',NULL,NULL,'Active','2024-09-12 12:15:41','2024-09-12 12:15:41',NULL),(521,24,'Dakshin Dinajpur',NULL,NULL,'Active','2024-09-12 12:15:41','2024-09-12 12:15:41',NULL),(522,24,'Hooghly',NULL,NULL,'Active','2024-09-12 12:15:41','2024-09-12 12:15:41',NULL),(523,24,'Howrah',NULL,NULL,'Active','2024-09-12 12:15:41','2024-09-12 12:15:41',NULL),(524,24,'Jalpaiguri',NULL,NULL,'Active','2024-09-12 12:15:41','2024-09-12 12:15:41',NULL),(525,24,'Cooch Behar',NULL,NULL,'Active','2024-09-12 12:15:41','2024-09-12 12:15:41',NULL),(526,24,'Kolkata',NULL,NULL,'Active','2024-09-12 12:15:41','2024-09-12 12:15:41',NULL),(527,24,'Malda',NULL,NULL,'Active','2024-09-12 12:15:41','2024-09-12 12:15:41',NULL),(528,24,'Midnapore',NULL,NULL,'Active','2024-09-12 12:15:41','2024-09-12 12:15:41',NULL),(529,24,'Murshidabad',NULL,NULL,'Active','2024-09-12 12:15:41','2024-09-12 12:15:41',NULL),(530,24,'Nadia',NULL,NULL,'Active','2024-09-12 12:15:41','2024-09-12 12:15:41',NULL),(531,24,'North 24 Parganas',NULL,NULL,'Active','2024-09-12 12:15:41','2024-09-12 12:15:41',NULL),(532,24,'South 24 Parganas',NULL,NULL,'Active','2024-09-12 12:15:41','2024-09-12 12:15:41',NULL),(533,24,'Purulia',NULL,NULL,'Active','2024-09-12 12:15:41','2024-09-12 12:15:41',NULL),(534,24,'Uttar Dinajpur',NULL,NULL,'Active','2024-09-12 12:15:41','2024-09-12 12:15:41',NULL),(535,25,'Central Delhi',NULL,NULL,'Active','2024-09-12 12:15:41','2024-09-12 12:15:41',NULL),(536,25,'East Delhi',NULL,NULL,'Active','2024-09-12 12:15:41','2024-09-12 12:15:41',NULL),(537,25,'New Delhi',NULL,NULL,'Active','2024-09-12 12:15:41','2024-09-12 12:15:41',NULL),(538,25,'North Delhi',NULL,NULL,'Active','2024-09-12 12:15:41','2024-09-12 12:15:41',NULL),(539,25,'North East Delhi',NULL,NULL,'Active','2024-09-12 12:15:41','2024-09-12 12:15:41',NULL),(540,25,'North West Delhi',NULL,NULL,'Active','2024-09-12 12:15:41','2024-09-12 12:15:41',NULL),(541,25,'South Delhi',NULL,NULL,'Active','2024-09-12 12:15:41','2024-09-12 12:15:41',NULL),(542,25,'South West Delhi',NULL,NULL,'Active','2024-09-12 12:15:41','2024-09-12 12:15:41',NULL),(543,25,'West Delhi',NULL,NULL,'Active','2024-09-12 12:15:41','2024-09-12 12:15:41',NULL),(544,26,'North Goa',NULL,NULL,'Active','2024-09-12 12:15:41','2024-09-12 12:15:41',NULL),(545,26,'South Goa',NULL,NULL,'Active','2024-09-12 12:15:41','2024-09-12 12:15:41',NULL),(546,27,'Karaikal',NULL,NULL,'Active','2024-09-12 12:15:41','2024-09-12 12:15:41',NULL),(547,27,'Mahe',NULL,NULL,'Active','2024-09-12 12:15:41','2024-09-12 12:15:41',NULL),(548,27,'Puducherry',NULL,NULL,'Active','2024-09-12 12:15:41','2024-09-12 12:15:41',NULL),(549,27,'Yanam',NULL,NULL,'Active','2024-09-12 12:15:41','2024-09-12 12:15:41',NULL),(550,29,'Diu',NULL,NULL,'Active','2024-09-12 12:15:41','2024-09-12 12:15:41',NULL),(551,29,'Daman',NULL,NULL,'Active','2024-09-12 12:15:41','2024-09-12 12:15:41',NULL),(552,32,'North and Middle Andaman',NULL,NULL,'Active','2024-09-12 12:15:41','2024-09-12 12:15:41',NULL),(553,32,'South Andaman',NULL,NULL,'Active','2024-09-12 12:15:41','2024-09-12 12:15:41',NULL),(554,32,'Nicobar',NULL,NULL,'Active','2024-09-12 12:15:41','2024-09-12 12:15:41',NULL),(555,33,'Almora',NULL,NULL,'Active','2024-09-12 12:15:41','2024-09-12 12:15:41',NULL),(556,33,'Bageshwar',NULL,NULL,'Active','2024-09-12 12:15:41','2024-09-12 12:15:41',NULL),(557,33,'Chamoli',NULL,NULL,'Active','2024-09-12 12:15:41','2024-09-12 12:15:41',NULL),(558,33,'Champawat',NULL,NULL,'Active','2024-09-12 12:15:41','2024-09-12 12:15:41',NULL),(559,33,'Dehradun',NULL,NULL,'Active','2024-09-12 12:15:41','2024-09-12 12:15:41',NULL),(560,33,'Haridwar',NULL,NULL,'Active','2024-09-12 12:15:41','2024-09-12 12:15:41',NULL),(561,33,'Nainital',NULL,NULL,'Active','2024-09-12 12:15:41','2024-09-12 12:15:41',NULL),(562,33,'Pauri Garhwal',NULL,NULL,'Active','2024-09-12 12:15:41','2024-09-12 12:15:41',NULL),(563,33,'Pithoragharh',NULL,NULL,'Active','2024-09-12 12:15:41','2024-09-12 12:15:41',NULL),(564,33,'Rudraprayag',NULL,NULL,'Active','2024-09-12 12:15:41','2024-09-12 12:15:41',NULL),(565,33,'Tehri Garhwal',NULL,NULL,'Active','2024-09-12 12:15:41','2024-09-12 12:15:41',NULL),(566,33,'Udham Singh Nagar',NULL,NULL,'Active','2024-09-12 12:15:41','2024-09-12 12:15:41',NULL),(567,33,'Uttarkashi',NULL,NULL,'Active','2024-09-12 12:15:41','2024-09-12 12:15:41',NULL),(568,34,'Bokaro',NULL,NULL,'Active','2024-09-12 12:15:41','2024-09-12 12:15:41',NULL),(569,34,'Chatra',NULL,NULL,'Active','2024-09-12 12:15:41','2024-09-12 12:15:41',NULL),(570,34,'Deoghar',NULL,NULL,'Active','2024-09-12 12:15:41','2024-09-12 12:15:41',NULL),(571,34,'Dhanbad',NULL,NULL,'Active','2024-09-12 12:15:41','2024-09-12 12:15:41',NULL),(572,34,'Dumka',NULL,NULL,'Active','2024-09-12 12:15:41','2024-09-12 12:15:41',NULL),(573,34,'Purba Singhbhum',NULL,NULL,'Active','2024-09-12 12:15:41','2024-09-12 12:15:41',NULL),(574,34,'Garhwa',NULL,NULL,'Active','2024-09-12 12:15:41','2024-09-12 12:15:41',NULL),(575,34,'Giridih',NULL,NULL,'Active','2024-09-12 12:15:41','2024-09-12 12:15:41',NULL),(576,34,'Godda',NULL,NULL,'Active','2024-09-12 12:15:41','2024-09-12 12:15:41',NULL),(577,34,'Gumla',NULL,NULL,'Active','2024-09-12 12:15:41','2024-09-12 12:15:41',NULL),(578,34,'Hazaribagh',NULL,NULL,'Active','2024-09-12 12:15:41','2024-09-12 12:15:41',NULL),(579,34,'Koderma',NULL,NULL,'Active','2024-09-12 12:15:41','2024-09-12 12:15:41',NULL),(580,34,'Lohardaga',NULL,NULL,'Active','2024-09-12 12:15:41','2024-09-12 12:15:41',NULL),(581,34,'Pakur',NULL,NULL,'Active','2024-09-12 12:15:41','2024-09-12 12:15:41',NULL),(582,34,'Palamu',NULL,NULL,'Active','2024-09-12 12:15:41','2024-09-12 12:15:41',NULL),(583,34,'Ranchi',NULL,NULL,'Active','2024-09-12 12:15:41','2024-09-12 12:15:41',NULL),(584,34,'Sahibganj',NULL,NULL,'Active','2024-09-12 12:15:41','2024-09-12 12:15:41',NULL),(585,34,'Seraikela and Kharsawan',NULL,NULL,'Active','2024-09-12 12:15:41','2024-09-12 12:15:41',NULL),(586,34,'Pashchim Singhbhum',NULL,NULL,'Active','2024-09-12 12:15:41','2024-09-12 12:15:41',NULL),(587,34,'Ramgarh',NULL,NULL,'Active','2024-09-12 12:15:41','2024-09-12 12:15:41',NULL),(588,35,'Bastar',NULL,NULL,'Active','2024-09-12 12:15:41','2024-09-12 12:15:41',NULL),(589,35,'Bilaspur',NULL,NULL,'Active','2024-09-12 12:15:41','2024-09-12 12:15:41',NULL),(590,35,'Dantewada',NULL,NULL,'Active','2024-09-12 12:15:41','2024-09-12 12:15:41',NULL),(591,35,'Dhamtari',NULL,NULL,'Active','2024-09-12 12:15:41','2024-09-12 12:15:41',NULL),(592,35,'Durg',NULL,NULL,'Active','2024-09-12 12:15:41','2024-09-12 12:15:41',NULL),(593,35,'Jashpur',NULL,NULL,'Active','2024-09-12 12:15:41','2024-09-12 12:15:41',NULL),(594,35,'Janjgir-Champa',NULL,NULL,'Active','2024-09-12 12:15:41','2024-09-12 12:15:41',NULL),(595,35,'Korba',NULL,NULL,'Active','2024-09-12 12:15:41','2024-09-12 12:15:41',NULL),(596,35,'Koriya',NULL,NULL,'Active','2024-09-12 12:15:41','2024-09-12 12:15:41',NULL),(597,35,'Kanker',NULL,NULL,'Active','2024-09-12 12:15:41','2024-09-12 12:15:41',NULL),(598,35,'Kawardha',NULL,NULL,'Active','2024-09-12 12:15:41','2024-09-12 12:15:41',NULL),(599,35,'Mahasamund',NULL,NULL,'Active','2024-09-12 12:15:41','2024-09-12 12:15:41',NULL),(600,35,'Raigarh',NULL,NULL,'Active','2024-09-12 12:15:41','2024-09-12 12:15:41',NULL),(601,35,'Rajnandgaon',NULL,NULL,'Active','2024-09-12 12:15:41','2024-09-12 12:15:41',NULL),(602,35,'Raipur',NULL,NULL,'Active','2024-09-12 12:15:41','2024-09-12 12:15:41',NULL),(603,35,'Surguja',NULL,NULL,'Active','2024-09-12 12:15:41','2025-03-13 05:02:23',NULL),(604,36,'Ga','12',1,'Active','2025-02-28 05:27:45','2025-02-28 05:29:07','2025-02-28 05:29:07');
/*!40000 ALTER TABLE `cities` ENABLE KEYS */;
UNLOCK TABLES;

--
-- Table structure for table `countries`
--

DROP TABLE IF EXISTS `countries`;
/*!40101 SET @saved_cs_client     = @@character_set_client */;
/*!50503 SET character_set_client = utf8mb4 */;
CREATE TABLE `countries` (
  `id` bigint unsigned NOT NULL AUTO_INCREMENT,
  `name` varchar(255) COLLATE utf8mb4_unicode_ci DEFAULT NULL,
  `code` varchar(5) COLLATE utf8mb4_unicode_ci DEFAULT NULL,
  `sort_order` int DEFAULT NULL,
  `status` enum('Active','Inactive') COLLATE utf8mb4_unicode_ci NOT NULL DEFAULT 'Active',
  `created_at` timestamp NULL DEFAULT NULL,
  `updated_at` timestamp NULL DEFAULT NULL,
  `deleted_at` timestamp NULL DEFAULT NULL,
  PRIMARY KEY (`id`)
) ENGINE=InnoDB AUTO_INCREMENT=4 DEFAULT CHARSET=utf8mb4 COLLATE=utf8mb4_unicode_ci;
/*!40101 SET character_set_client = @saved_cs_client */;

--
-- Dumping data for table `countries`
--

LOCK TABLES `countries` WRITE;
/*!40000 ALTER TABLE `countries` DISABLE KEYS */;
INSERT INTO `countries` VALUES (1,'India','IN',NULL,'Active','2024-09-12 12:15:36','2025-03-13 04:51:46',NULL),(2,'US','01',1,'Inactive','2025-02-28 05:20:44','2025-02-28 05:26:07',NULL),(3,'df','w',2,'Active','2025-03-13 04:52:01','2025-03-13 04:52:05','2025-03-13 04:52:05');
/*!40000 ALTER TABLE `countries` ENABLE KEYS */;
UNLOCK TABLES;

--
-- Table structure for table `coupon_histories`
--

DROP TABLE IF EXISTS `coupon_histories`;
/*!40101 SET @saved_cs_client     = @@character_set_client */;
/*!50503 SET character_set_client = utf8mb4 */;
CREATE TABLE `coupon_histories` (
  `id` bigint unsigned NOT NULL AUTO_INCREMENT,
  `coupon_id` bigint unsigned NOT NULL,
  `order_id` bigint unsigned DEFAULT NULL,
  `user_id` bigint unsigned NOT NULL,
  `distributor_id` bigint unsigned NOT NULL,
  `shop_id` bigint unsigned DEFAULT NULL,
  `amount` float DEFAULT NULL,
  `created_at` timestamp NULL DEFAULT NULL,
  PRIMARY KEY (`id`),
  KEY `coupon_histories_coupon_id_index` (`coupon_id`),
  KEY `coupon_histories_order_id_index` (`order_id`),
  KEY `coupon_histories_user_id_index` (`user_id`),
  KEY `coupon_histories_distributor_id_index` (`distributor_id`),
  KEY `coupon_histories_shop_id_index` (`shop_id`)
) ENGINE=InnoDB AUTO_INCREMENT=4 DEFAULT CHARSET=utf8mb4 COLLATE=utf8mb4_unicode_ci;
/*!40101 SET character_set_client = @saved_cs_client */;

--
-- Dumping data for table `coupon_histories`
--

LOCK TABLES `coupon_histories` WRITE;
/*!40000 ALTER TABLE `coupon_histories` DISABLE KEYS */;
INSERT INTO `coupon_histories` VALUES (2,1,5,2,1,NULL,95,'2024-10-08 13:23:02');
/*!40000 ALTER TABLE `coupon_histories` ENABLE KEYS */;
UNLOCK TABLES;

--
-- Table structure for table `coupons`
--

DROP TABLE IF EXISTS `coupons`;
/*!40101 SET @saved_cs_client     = @@character_set_client */;
/*!50503 SET character_set_client = utf8mb4 */;
CREATE TABLE `coupons` (
  `id` bigint unsigned NOT NULL AUTO_INCREMENT,
  `name` varchar(255) COLLATE utf8mb4_unicode_ci NOT NULL,
  `code` varchar(255) COLLATE utf8mb4_unicode_ci NOT NULL,
  `type` enum('Percentage','Fixed Amount') COLLATE utf8mb4_unicode_ci NOT NULL DEFAULT 'Percentage',
  `discount` decimal(8,2) NOT NULL,
  `min_order_value` decimal(8,2) DEFAULT NULL,
  `start_date` date NOT NULL,
  `end_date` date NOT NULL,
  `total_coupon` int DEFAULT NULL,
  `max_discount_allow` int DEFAULT NULL,
  `coupon_use_time` int DEFAULT NULL,
  `status` enum('Active','Inactive') COLLATE utf8mb4_unicode_ci NOT NULL DEFAULT 'Active',
  `created_at` timestamp NULL DEFAULT NULL,
  `updated_at` timestamp NULL DEFAULT NULL,
  `deleted_at` timestamp NULL DEFAULT NULL,
  PRIMARY KEY (`id`)
) ENGINE=InnoDB AUTO_INCREMENT=2 DEFAULT CHARSET=utf8mb4 COLLATE=utf8mb4_unicode_ci;
/*!40101 SET character_set_client = @saved_cs_client */;

--
-- Dumping data for table `coupons`
--

LOCK TABLES `coupons` WRITE;
/*!40000 ALTER TABLE `coupons` DISABLE KEYS */;
INSERT INTO `coupons` VALUES (1,'test','TEST45','Percentage',50.00,250.00,'2024-10-01','2025-05-28',12,95,2,'Active','2024-10-08 12:52:40','2025-02-20 12:13:37',NULL);
/*!40000 ALTER TABLE `coupons` ENABLE KEYS */;
UNLOCK TABLES;

--
-- Table structure for table `designations`
--

DROP TABLE IF EXISTS `designations`;
/*!40101 SET @saved_cs_client     = @@character_set_client */;
/*!50503 SET character_set_client = utf8mb4 */;
CREATE TABLE `designations` (
  `id` smallint unsigned NOT NULL AUTO_INCREMENT,
  `name` varchar(50) COLLATE utf8mb4_unicode_ci NOT NULL,
  `status` enum('Active','Inactive') COLLATE utf8mb4_unicode_ci NOT NULL DEFAULT 'Active',
  `sort_order` int DEFAULT NULL,
  `created_at` timestamp NULL DEFAULT NULL,
  `updated_at` timestamp NULL DEFAULT NULL,
  `deleted_at` timestamp NULL DEFAULT NULL,
  PRIMARY KEY (`id`)
) ENGINE=InnoDB AUTO_INCREMENT=8 DEFAULT CHARSET=utf8mb4 COLLATE=utf8mb4_unicode_ci;
/*!40101 SET character_set_client = @saved_cs_client */;

--
-- Dumping data for table `designations`
--

LOCK TABLES `designations` WRITE;
/*!40000 ALTER TABLE `designations` DISABLE KEYS */;
INSERT INTO `designations` VALUES (1,'NSM','Active',1,'2024-09-12 12:15:36','2024-10-16 05:35:02',NULL),(2,'ZSM','Active',2,'2024-09-12 12:15:36','2024-10-16 05:35:15',NULL),(3,'RSM','Active',3,'2024-10-16 05:35:39','2024-10-16 05:35:39',NULL),(4,'ASM','Active',4,'2024-10-16 05:35:46','2024-10-16 05:35:46',NULL),(5,'S0','Active',5,'2024-10-16 05:35:53','2024-10-16 05:35:53',NULL),(6,'SR','Active',6,'2024-10-16 05:36:02','2024-10-16 05:36:02',NULL),(7,'wa','Inactive',7,'2025-02-28 05:34:08','2025-02-28 05:41:00','2025-02-28 05:41:00');
/*!40000 ALTER TABLE `designations` ENABLE KEYS */;
UNLOCK TABLES;

--
-- Table structure for table `distributers`
--

DROP TABLE IF EXISTS `distributers`;
/*!40101 SET @saved_cs_client     = @@character_set_client */;
/*!50503 SET character_set_client = utf8mb4 */;
CREATE TABLE `distributers` (
  `id` bigint unsigned NOT NULL AUTO_INCREMENT,
  `firstname` varchar(50) COLLATE utf8mb4_unicode_ci NOT NULL,
  `lastname` varchar(50) COLLATE utf8mb4_unicode_ci NOT NULL,
  `email` varchar(255) COLLATE utf8mb4_unicode_ci NOT NULL,
  `mobile` varchar(20) COLLATE utf8mb4_unicode_ci DEFAULT NULL,
  `shop_name` varchar(150) COLLATE utf8mb4_unicode_ci NOT NULL,
  `is_interested` tinyint unsigned NOT NULL DEFAULT '0',
  `pan_no_of_company` varchar(50) COLLATE utf8mb4_unicode_ci NOT NULL,
  `vat_tin_no` varchar(50) COLLATE utf8mb4_unicode_ci DEFAULT NULL,
  `cst_gst_no` varchar(50) COLLATE utf8mb4_unicode_ci NOT NULL,
  `image` text COLLATE utf8mb4_unicode_ci,
  `gst_doc` text COLLATE utf8mb4_unicode_ci,
  `website` text COLLATE utf8mb4_unicode_ci,
  `address` text COLLATE utf8mb4_unicode_ci NOT NULL,
  `country_id` bigint unsigned NOT NULL,
  `state_id` bigint unsigned NOT NULL,
  `city_id` bigint unsigned NOT NULL,
  `area_id` bigint unsigned NOT NULL,
  `pincode` varchar(10) COLLATE utf8mb4_unicode_ci DEFAULT NULL,
  `default_address` tinyint(1) NOT NULL DEFAULT '0' COMMENT '0 for Not Default Address, 1 for Default Address',
  `status` enum('Active','Inactive') COLLATE utf8mb4_unicode_ci NOT NULL DEFAULT 'Active',
  `created_at` timestamp NULL DEFAULT NULL,
  `updated_at` timestamp NULL DEFAULT NULL,
  PRIMARY KEY (`id`),
  UNIQUE KEY `distributers_email_unique` (`email`),
  UNIQUE KEY `distributers_mobile_unique` (`mobile`),
  KEY `distributers_country_id_foreign` (`country_id`),
  KEY `distributers_state_id_foreign` (`state_id`),
  KEY `distributers_city_id_foreign` (`city_id`),
  KEY `distributers_area_id_foreign` (`area_id`),
  CONSTRAINT `distributers_area_id_foreign` FOREIGN KEY (`area_id`) REFERENCES `areas` (`id`),
  CONSTRAINT `distributers_city_id_foreign` FOREIGN KEY (`city_id`) REFERENCES `cities` (`id`),
  CONSTRAINT `distributers_country_id_foreign` FOREIGN KEY (`country_id`) REFERENCES `countries` (`id`),
  CONSTRAINT `distributers_state_id_foreign` FOREIGN KEY (`state_id`) REFERENCES `states` (`id`)
) ENGINE=InnoDB DEFAULT CHARSET=utf8mb4 COLLATE=utf8mb4_unicode_ci;
/*!40101 SET character_set_client = @saved_cs_client */;

--
-- Dumping data for table `distributers`
--

LOCK TABLES `distributers` WRITE;
/*!40000 ALTER TABLE `distributers` DISABLE KEYS */;
/*!40000 ALTER TABLE `distributers` ENABLE KEYS */;
UNLOCK TABLES;

--
-- Table structure for table `distributors`
--

DROP TABLE IF EXISTS `distributors`;
/*!40101 SET @saved_cs_client     = @@character_set_client */;
/*!50503 SET character_set_client = utf8mb4 */;
CREATE TABLE `distributors` (
  `id` bigint unsigned NOT NULL AUTO_INCREMENT,
  `area_of_operation` varchar(255) COLLATE utf8mb4_unicode_ci DEFAULT NULL,
  `current_dealership` varchar(255) COLLATE utf8mb4_unicode_ci DEFAULT NULL,
  `firstname` varchar(50) COLLATE utf8mb4_unicode_ci NOT NULL,
  `lastname` varchar(50) COLLATE utf8mb4_unicode_ci NOT NULL,
  `email` varchar(255) COLLATE utf8mb4_unicode_ci DEFAULT NULL,
  `mobile` varchar(20) COLLATE utf8mb4_unicode_ci DEFAULT NULL,
  `shop_name` varchar(150) COLLATE utf8mb4_unicode_ci DEFAULT NULL,
  `is_interested` tinyint unsigned NOT NULL DEFAULT '0',
  `contact_person` varchar(255) COLLATE utf8mb4_unicode_ci DEFAULT NULL,
  `customer_code` varchar(255) COLLATE utf8mb4_unicode_ci DEFAULT NULL,
  `pan_no` varchar(255) COLLATE utf8mb4_unicode_ci DEFAULT NULL,
  `vat_tin_no` varchar(50) COLLATE utf8mb4_unicode_ci DEFAULT NULL,
  `cst_gst_no` varchar(255) COLLATE utf8mb4_unicode_ci DEFAULT NULL,
  `pan_doc` text COLLATE utf8mb4_unicode_ci,
  `gst_doc` text COLLATE utf8mb4_unicode_ci,
  `address` varchar(255) COLLATE utf8mb4_unicode_ci DEFAULT NULL,
  `country_id` bigint unsigned NOT NULL,
  `state_id` bigint unsigned NOT NULL,
  `city_id` bigint unsigned NOT NULL,
  `pincode` varchar(10) COLLATE utf8mb4_unicode_ci DEFAULT NULL,
  `zone_id` smallint unsigned DEFAULT NULL,
  `status` enum('Active','Inactive') COLLATE utf8mb4_unicode_ci NOT NULL DEFAULT 'Active',
  `created_at` timestamp NULL DEFAULT NULL,
  `updated_at` timestamp NULL DEFAULT NULL,
  PRIMARY KEY (`id`),
  UNIQUE KEY `distributors_email_unique` (`email`),
  UNIQUE KEY `distributors_mobile_unique` (`mobile`),
  KEY `distributors_country_id_foreign` (`country_id`),
  KEY `distributors_state_id_foreign` (`state_id`),
  KEY `distributors_city_id_foreign` (`city_id`),
  KEY `distributors_zone_id_foreign` (`zone_id`),
  CONSTRAINT `distributors_city_id_foreign` FOREIGN KEY (`city_id`) REFERENCES `cities` (`id`),
  CONSTRAINT `distributors_country_id_foreign` FOREIGN KEY (`country_id`) REFERENCES `countries` (`id`),
  CONSTRAINT `distributors_state_id_foreign` FOREIGN KEY (`state_id`) REFERENCES `states` (`id`),
  CONSTRAINT `distributors_zone_id_foreign` FOREIGN KEY (`zone_id`) REFERENCES `zones` (`id`) ON DELETE CASCADE
) ENGINE=InnoDB AUTO_INCREMENT=54 DEFAULT CHARSET=utf8mb4 COLLATE=utf8mb4_unicode_ci;
/*!40101 SET character_set_client = @saved_cs_client */;

--
-- Dumping data for table `distributors`
--

LOCK TABLES `distributors` WRITE;
/*!40000 ALTER TABLE `distributors` DISABLE KEYS */;
INSERT INTO `distributors` VALUES (1,NULL,NULL,'Haresh','Jadav','haresh@nivida.in','1122334455',NULL,1,NULL,NULL,'wretfdgf',NULL,'fgfdgf','user-profile.png','user-profile.png','Bhayli',1,5,116,NULL,3,'Active','2024-09-19 08:32:57','2025-02-26 09:08:46'),(2,NULL,NULL,'Haresh','Jadeja','php4@nividaweb.com','1122334459',NULL,0,NULL,NULL,'gjghj',NULL,'fghfgh','1727927738_home.png','1727927738_aboutusLogo.png','Vadsar',1,5,116,'390021',1,'Active','2024-10-03 03:55:38','2025-02-05 05:19:38'),(3,NULL,NULL,'Jon','Keri','jon@j.com','9085236741',NULL,0,NULL,'890','GJFU6857tu',NULL,'75HGHG8586','1727928435_scaled_1000005971.jpg','1727928435_scaled_1000006101.jpg','789',1,5,116,'351531',4,'Active','2024-10-03 04:07:15','2025-02-05 05:19:23'),(4,NULL,NULL,'Yogesh','Jani','yogesh@yopmail.com','8877445511',NULL,0,NULL,NULL,'agopk0999i',NULL,'90009','logo.png','logo.png','Baroda',1,5,116,NULL,1,'Active','2024-10-22 06:36:00','2025-02-05 05:18:53'),(5,NULL,NULL,'Vandan','Patel','vandan@yopmail.com','8888888888',NULL,0,NULL,NULL,'Shjddj',NULL,'Dessjdj','1730785430_scaled_1000034881.jpg','1730785430_scaled_8a2348a9-200b-49b7-9b03-23a47f7be88b4867874195844230897.jpg','Dkkdf',1,32,554,'456',3,'Active','2024-11-05 05:43:50','2025-02-05 05:24:01'),(9,NULL,NULL,'Rahul','Patil','patil@r.com','9911556633','shop_name',3,NULL,NULL,NULL,NULL,'656565thuj','1740473235_scaled_38de16cc-2128-400d-84c8-a3467ee1f77e5501483063876540909.jpg','1740473235_scaled_1000013451.jpg',NULL,1,32,554,NULL,3,'Active','2025-02-25 08:47:15','2025-03-04 05:55:44'),(10,NULL,NULL,'Rahul P','Patilg','r@patil.com','2356852365','shop_name',1,NULL,'Yyyyy 576yy','Bshxhh76',NULL,'Isy3yyyhh','1740473943_scaled_4793dc1c-0936-4ba7-8ec9-35286b16771a6869136980263709349.jpg','1740473943_scaled_1000009613.jpg','Rorva',1,32,554,'3256',3,'Active','2025-02-25 08:59:03','2025-03-04 11:37:26'),(11,NULL,NULL,'Dhaval','Jadav','dhavalnivida@gmail.com','8140088866','shop_name',1,NULL,NULL,'fkkd',NULL,'cjckc',NULL,NULL,'ffj',1,5,110,NULL,3,'Active','2025-02-25 10:24:22','2025-02-26 09:21:01'),(12,NULL,NULL,'Dbbdb','Brnrj','jdjxj@jdjd.com','3431515252','shop_name',1,NULL,'Dhdhdhh','Bxbxbcb',NULL,'Bxxbbd','1740481004_scaled_0f2e3ee5-f925-4b55-9f16-ebd5f7ada1a36975586159632363990.jpg','1740481004_scaled_1000013451.jpg','Xnxbbx',1,32,554,'565695',3,'Active','2025-02-25 10:56:44','2025-04-25 06:14:18'),(13,NULL,NULL,'vivek','Joshi','php@nividasoftware.com','8140099988','shop_name',2,NULL,NULL,'fkff',NULL,'fkff',NULL,NULL,'dmd',1,5,101,NULL,3,'Active','2025-02-27 08:43:34','2025-02-27 08:46:21'),(14,NULL,NULL,'Parth','bhatia','account@nividaweb.com','8140088833','shop_name',1,NULL,NULL,'dd',NULL,'ss','1740649487_scaled_198074f0-4af4-4324-8f50-365130f96f875694637301547476090.jpg','1740649487_scaled_cf3e7e32-2a38-4d8f-8c32-201c51ab6fe88433128485811165558.jpg','vadodara',1,5,101,NULL,3,'Active','2025-02-27 09:44:47','2025-02-27 09:53:19'),(15,NULL,NULL,'vikram','patel','vikram@nividaweb.com','8140088890','shop_name',3,NULL,NULL,'dd',NULL,'dd','1740650101_scaled_93c42713-0c2e-4f46-ad4a-c4f44ef83cb63185546547848718288.jpg','1740650101_scaled_885a861c-cf18-43b9-a539-ae58bf85480d2905092661822965212.jpg','dd',1,5,101,NULL,3,'Active','2025-02-27 09:55:01','2025-03-05 06:19:17'),(16,NULL,NULL,'vraj','patel','qa2@nividasoftware.com','8140088860','shop_name',2,NULL,NULL,'xx',NULL,'cx','1740720799_scaled_7c5fd4e4-ae8b-46e4-b1e9-6498e4b8c37c6881143812565429327.jpg','1740720799_scaled_6edc24d8-b9cf-44e0-8aa5-1bf7e6988a1a3423327917745823785.jpg','cc',1,32,554,NULL,3,'Active','2025-02-28 05:33:19','2025-03-05 06:39:48'),(17,'test','test','chintan','mahanat',NULL,'8140789236',NULL,3,NULL,NULL,NULL,NULL,'xyc',NULL,NULL,NULL,1,5,104,NULL,3,'Active','2025-03-06 09:05:06','2025-05-26 13:28:08'),(18,NULL,NULL,'hetal','he',NULL,'8484848478',NULL,3,NULL,NULL,NULL,NULL,'xx',NULL,NULL,NULL,1,5,93,NULL,3,'Active','2025-03-06 11:29:37','2025-03-06 11:31:32'),(19,NULL,NULL,'het','hetal',NULL,'7474686868',NULL,2,NULL,NULL,NULL,NULL,'ecr',NULL,NULL,NULL,1,5,116,NULL,3,'Active','2025-03-06 11:50:22','2025-03-06 11:56:37'),(20,NULL,NULL,'het','he',NULL,'5353535353',NULL,2,NULL,NULL,NULL,NULL,'cc',NULL,NULL,NULL,1,5,116,NULL,3,'Active','2025-03-06 11:54:24','2025-03-06 11:56:19'),(21,NULL,NULL,'Dhaval','J',NULL,'4747484847',NULL,1,NULL,NULL,NULL,NULL,'Sd',NULL,NULL,NULL,1,5,116,NULL,3,'Active','2025-03-07 11:45:33','2025-03-07 11:46:45'),(22,NULL,NULL,'Primary','Pr',NULL,'8686869538',NULL,0,NULL,NULL,NULL,NULL,'F',NULL,NULL,NULL,1,5,93,NULL,3,'Active','2025-03-07 11:48:57','2025-03-07 11:48:57'),(23,NULL,NULL,'Aa','Aa',NULL,'8523698514',NULL,3,NULL,NULL,NULL,NULL,'C',NULL,NULL,NULL,1,32,554,NULL,3,'Active','2025-03-07 11:49:33','2025-05-02 09:03:27'),(24,'api area opt','api dealrship','Api','Name','apitest@nividaweb.com','1122334456','Chintan Nivida',1,NULL,NULL,'gjghj',NULL,'fghfgh',NULL,NULL,'Vadsar',1,5,116,'390021',3,'Active','2025-03-10 05:25:21','2025-03-11 09:12:57'),(25,'Test Operation','Test Dealership','Rahul','Darji','rahuldarji@yopmail.com','8965471230',NULL,0,NULL,NULL,NULL,NULL,NULL,NULL,NULL,NULL,1,7,140,NULL,2,'Active','2025-03-10 05:35:03','2025-03-10 05:35:03'),(26,'Africa','Google','Rahul','Patel','rahul@gmail.com','3256325985',NULL,0,NULL,NULL,NULL,NULL,'8677guu',NULL,NULL,NULL,1,5,116,NULL,3,'Active','2025-03-11 06:10:17','2025-03-11 06:23:31'),(27,'Text','Text','meet','Meetw',NULL,'8400888800',NULL,0,NULL,NULL,NULL,NULL,NULL,NULL,NULL,NULL,1,29,551,NULL,3,'Active','2025-03-11 09:17:15','2025-03-11 09:17:15'),(28,'Bh','Gg','Gghh','Gh',NULL,'5858585958',NULL,0,NULL,NULL,NULL,NULL,NULL,NULL,NULL,NULL,1,32,554,NULL,3,'Active','2025-03-11 11:53:53','2025-03-11 11:53:53'),(29,'Gh','Vh','Gg','Gg',NULL,'5653525898',NULL,0,NULL,NULL,NULL,NULL,NULL,NULL,NULL,NULL,1,32,554,NULL,3,'Active','2025-03-12 08:46:44','2025-03-12 08:46:44'),(30,'Dd','Dd','Primary Person','Dd',NULL,'4575759585',NULL,0,NULL,NULL,NULL,NULL,NULL,NULL,NULL,NULL,1,5,93,NULL,3,'Active','2025-03-12 09:23:39','2025-03-12 09:23:39'),(31,'Ihvbn','Uiop','Znnxn','Opu','djd@jfh.com','3333555566',NULL,3,NULL,NULL,NULL,NULL,NULL,NULL,NULL,NULL,1,32,554,NULL,3,'Active','2025-03-12 10:03:01','2025-04-25 05:19:31'),(32,'Jdhdh','Sjhdh','Jhrhhr','Jrjrj','jehd@jfjf.com','3589663333',NULL,0,NULL,NULL,NULL,NULL,NULL,NULL,NULL,NULL,1,32,554,NULL,3,'Active','2025-03-12 10:17:32','2025-03-12 10:17:32'),(33,'Udhdhdh','Euhehd','Vikram','Rahul',NULL,'3399885566',NULL,0,NULL,NULL,NULL,NULL,NULL,NULL,NULL,NULL,1,32,554,NULL,3,'Active','2025-03-12 10:26:48','2025-03-12 10:26:48'),(34,'Hdhdh','Dhdhh','Rahul','Vikram',NULL,'2222228855',NULL,0,NULL,NULL,NULL,NULL,NULL,NULL,NULL,NULL,1,32,554,NULL,3,'Active','2025-03-12 10:29:24','2025-03-12 10:29:24'),(35,'Dhhdh','Hsbdh','Nis','Jon',NULL,'1111666688',NULL,0,NULL,NULL,NULL,NULL,NULL,NULL,NULL,NULL,1,32,554,NULL,3,'Active','2025-03-12 10:31:46','2025-03-12 10:31:46'),(36,'Cg','Tvt','Vt','Vybyy','qa2@nividaweb.com','2828282285',NULL,0,NULL,NULL,NULL,NULL,NULL,NULL,NULL,NULL,1,35,598,NULL,3,'Active','2025-03-12 12:49:48','2025-03-12 12:49:48'),(37,'A','A','AS','AS',NULL,'3535353535',NULL,0,NULL,NULL,NULL,NULL,NULL,NULL,NULL,NULL,1,10,201,NULL,1,'Active','2025-03-13 06:56:35','2025-03-13 06:56:35'),(38,'Tghhh','Vggg','Nuttoz1','Abc',NULL,'9825079513',NULL,1,NULL,NULL,NULL,NULL,NULL,NULL,NULL,NULL,1,5,95,NULL,3,'Active','2025-03-13 07:57:49','2025-03-13 08:12:43'),(39,'Hjjjkk','Tgy','Testtest','Test',NULL,'2580578654',NULL,1,NULL,NULL,NULL,NULL,NULL,NULL,NULL,NULL,1,10,205,NULL,3,'Active','2025-04-08 11:14:28','2025-04-08 12:06:26'),(40,'Fgk','Fhj','Test1','Ghh',NULL,'9825098250',NULL,1,NULL,NULL,NULL,NULL,NULL,NULL,NULL,NULL,1,32,554,NULL,3,'Active','2025-04-08 12:07:57','2025-04-08 12:08:21'),(41,'Fg','Vb','Test2','Gj',NULL,'8995078541',NULL,2,NULL,NULL,NULL,NULL,NULL,NULL,NULL,NULL,1,32,554,NULL,3,'Active','2025-04-08 12:10:09','2025-04-08 12:11:07'),(42,'Area','Dealership','Abc','Xyz','abc@gmail.com','3692587410',NULL,1,NULL,NULL,NULL,NULL,NULL,NULL,NULL,NULL,1,5,116,NULL,3,'Active','2025-04-25 06:05:49','2025-04-25 09:12:55'),(43,'Area','Dealer','PQR','Lmn','lmn@gmaik.com','3652890741',NULL,2,NULL,NULL,NULL,NULL,NULL,NULL,NULL,NULL,1,5,116,NULL,3,'Active','2025-04-25 06:15:50','2025-04-25 06:18:05'),(44,'Area','Dea','Xyz','Efg','dhd@gmail.com','2536987850',NULL,1,NULL,NULL,NULL,NULL,NULL,NULL,NULL,NULL,1,5,116,NULL,3,'Active','2025-04-25 09:16:42','2025-04-25 09:19:35'),(45,'Area','Lpm','Rahul','Patel',NULL,'3698521470',NULL,0,NULL,NULL,NULL,NULL,'Fhhjss',NULL,NULL,NULL,1,5,116,NULL,3,'Active','2025-04-28 12:26:43','2025-04-28 12:26:43'),(46,'Dndr','Xbdv','Patilff','Dbhdrnrh',NULL,'8714565809',NULL,0,NULL,NULL,NULL,NULL,NULL,NULL,NULL,NULL,1,32,554,NULL,3,'Active','2025-05-02 09:04:16','2025-05-02 09:04:16'),(47,'Dbd','Eheh','Password','Bdbddb',NULL,'8145698708',NULL,1,NULL,NULL,NULL,NULL,NULL,NULL,NULL,NULL,1,32,554,NULL,3,'Active','2025-05-02 10:20:16','2025-05-02 10:20:55'),(48,'Ege','Dbd','Vdb','Dbebr',NULL,'5151512568',NULL,1,NULL,NULL,NULL,NULL,NULL,NULL,NULL,NULL,1,32,554,NULL,3,'Active','2025-05-02 10:49:48','2025-05-02 11:00:16'),(49,'Sbdb','Fbf','Pfnf','Rnfrn',NULL,'7414587415',NULL,0,NULL,NULL,NULL,NULL,NULL,NULL,NULL,NULL,1,32,554,NULL,3,'Active','2025-05-02 11:13:08','2025-05-02 11:13:08'),(50,'Shej','Dhd','Dhdh','Dhs',NULL,'2587414785',NULL,3,NULL,NULL,NULL,NULL,NULL,NULL,NULL,NULL,1,32,554,NULL,3,'Active','2025-05-02 11:18:30','2025-05-02 11:19:02'),(51,'Ckck','Fjfj','Ttt','Fff',NULL,'2121414785',NULL,0,NULL,NULL,NULL,NULL,NULL,NULL,NULL,NULL,1,26,545,NULL,3,'Active','2025-05-02 11:19:25','2025-05-02 11:19:25'),(52,'Vv','Cc','Ssd','Ssd',NULL,'8686868686',NULL,3,NULL,NULL,NULL,NULL,NULL,NULL,NULL,NULL,1,32,554,NULL,3,'Active','2025-05-02 11:23:24','2025-05-02 11:24:06'),(53,'Vhg','Gvy','Nuttzo1','Nut',NULL,'9852898528',NULL,3,NULL,NULL,NULL,NULL,NULL,NULL,NULL,NULL,1,5,93,NULL,3,'Active','2025-05-12 13:13:42','2025-05-12 13:15:46');
/*!40000 ALTER TABLE `distributors` ENABLE KEYS */;
UNLOCK TABLES;

--
-- Table structure for table `failed_jobs`
--

DROP TABLE IF EXISTS `failed_jobs`;
/*!40101 SET @saved_cs_client     = @@character_set_client */;
/*!50503 SET character_set_client = utf8mb4 */;
CREATE TABLE `failed_jobs` (
  `id` bigint unsigned NOT NULL AUTO_INCREMENT,
  `uuid` varchar(255) COLLATE utf8mb4_unicode_ci NOT NULL,
  `connection` text COLLATE utf8mb4_unicode_ci NOT NULL,
  `queue` text COLLATE utf8mb4_unicode_ci NOT NULL,
  `payload` longtext COLLATE utf8mb4_unicode_ci NOT NULL,
  `exception` longtext COLLATE utf8mb4_unicode_ci NOT NULL,
  `failed_at` timestamp NOT NULL DEFAULT CURRENT_TIMESTAMP,
  PRIMARY KEY (`id`),
  UNIQUE KEY `failed_jobs_uuid_unique` (`uuid`)
) ENGINE=InnoDB AUTO_INCREMENT=14 DEFAULT CHARSET=utf8mb4 COLLATE=utf8mb4_unicode_ci;
/*!40101 SET character_set_client = @saved_cs_client */;

--
-- Dumping data for table `failed_jobs`
--

LOCK TABLES `failed_jobs` WRITE;
/*!40000 ALTER TABLE `failed_jobs` DISABLE KEYS */;
INSERT INTO `failed_jobs` VALUES (1,'08633b81-1bf1-42f8-8dea-979f20f707a2','database','default','{\"uuid\":\"08633b81-1bf1-42f8-8dea-979f20f707a2\",\"displayName\":\"App\\\\Jobs\\\\SendOrderInvoiceJob\",\"job\":\"Illuminate\\\\Queue\\\\CallQueuedHandler@call\",\"maxTries\":null,\"maxExceptions\":null,\"failOnTimeout\":false,\"backoff\":null,\"timeout\":null,\"retryUntil\":null,\"data\":{\"commandName\":\"App\\\\Jobs\\\\SendOrderInvoiceJob\",\"command\":\"O:28:\\\"App\\\\Jobs\\\\SendOrderInvoiceJob\\\":2:{s:10:\\\"\\u0000*\\u0000orderId\\\";i:1;s:11:\\\"\\u0000*\\u0000rootPath\\\";s:43:\\\"\\/var\\/www\\/nuttoz\\/storage\\/app\\/public\\/invoices\\\";}\"}}','Symfony\\Component\\Routing\\Exception\\RouteNotFoundException: Route [home] not defined. in /var/www/nuttoz/vendor/laravel/framework/src/Illuminate/Routing/UrlGenerator.php:516\nStack trace:\n#0 /var/www/nuttoz/vendor/laravel/framework/src/Illuminate/Foundation/helpers.php(862): Illuminate\\Routing\\UrlGenerator->route()\n#1 /var/www/nuttoz/storage/framework/views/e46df28abdf38ce4529457a03955ec92.php(18): route()\n#2 /var/www/nuttoz/vendor/laravel/framework/src/Illuminate/Filesystem/Filesystem.php(123): require(\'...\')\n#3 /var/www/nuttoz/vendor/laravel/framework/src/Illuminate/Filesystem/Filesystem.php(124): Illuminate\\Filesystem\\Filesystem::Illuminate\\Filesystem\\{closure}()\n#4 /var/www/nuttoz/vendor/laravel/framework/src/Illuminate/View/Engines/PhpEngine.php(58): Illuminate\\Filesystem\\Filesystem->getRequire()\n#5 /var/www/nuttoz/vendor/laravel/framework/src/Illuminate/View/Engines/CompilerEngine.php(74): Illuminate\\View\\Engines\\PhpEngine->evaluatePath()\n#6 /var/www/nuttoz/vendor/laravel/framework/src/Illuminate/View/View.php(208): Illuminate\\View\\Engines\\CompilerEngine->get()\n#7 /var/www/nuttoz/vendor/laravel/framework/src/Illuminate/View/View.php(191): Illuminate\\View\\View->getContents()\n#8 /var/www/nuttoz/vendor/laravel/framework/src/Illuminate/View/View.php(160): Illuminate\\View\\View->renderContents()\n#9 /var/www/nuttoz/vendor/laravel/framework/src/Illuminate/Mail/Mailer.php(445): Illuminate\\View\\View->render()\n#10 /var/www/nuttoz/vendor/laravel/framework/src/Illuminate/Mail/Mailer.php(420): Illuminate\\Mail\\Mailer->renderView()\n#11 /var/www/nuttoz/vendor/laravel/framework/src/Illuminate/Mail/Mailer.php(313): Illuminate\\Mail\\Mailer->addContent()\n#12 /var/www/nuttoz/vendor/laravel/framework/src/Illuminate/Mail/Mailable.php(205): Illuminate\\Mail\\Mailer->send()\n#13 /var/www/nuttoz/vendor/laravel/framework/src/Illuminate/Support/Traits/Localizable.php(19): Illuminate\\Mail\\Mailable->Illuminate\\Mail\\{closure}()\n#14 /var/www/nuttoz/vendor/laravel/framework/src/Illuminate/Mail/Mailable.php(198): Illuminate\\Mail\\Mailable->withLocale()\n#15 /var/www/nuttoz/vendor/laravel/framework/src/Illuminate/Mail/Mailer.php(354): Illuminate\\Mail\\Mailable->send()\n#16 /var/www/nuttoz/vendor/laravel/framework/src/Illuminate/Mail/Mailer.php(301): Illuminate\\Mail\\Mailer->sendMailable()\n#17 /var/www/nuttoz/vendor/laravel/framework/src/Illuminate/Mail/PendingMail.php(124): Illuminate\\Mail\\Mailer->send()\n#18 /var/www/nuttoz/app/Jobs/SendOrderInvoiceJob.php(68): Illuminate\\Mail\\PendingMail->send()\n#19 /var/www/nuttoz/vendor/laravel/framework/src/Illuminate/Container/BoundMethod.php(36): App\\Jobs\\SendOrderInvoiceJob->handle()\n#20 /var/www/nuttoz/vendor/laravel/framework/src/Illuminate/Container/Util.php(43): Illuminate\\Container\\BoundMethod::Illuminate\\Container\\{closure}()\n#21 /var/www/nuttoz/vendor/laravel/framework/src/Illuminate/Container/BoundMethod.php(95): Illuminate\\Container\\Util::unwrapIfClosure()\n#22 /var/www/nuttoz/vendor/laravel/framework/src/Illuminate/Container/BoundMethod.php(35): Illuminate\\Container\\BoundMethod::callBoundMethod()\n#23 /var/www/nuttoz/vendor/laravel/framework/src/Illuminate/Container/Container.php(690): Illuminate\\Container\\BoundMethod::call()\n#24 /var/www/nuttoz/vendor/laravel/framework/src/Illuminate/Bus/Dispatcher.php(128): Illuminate\\Container\\Container->call()\n#25 /var/www/nuttoz/vendor/laravel/framework/src/Illuminate/Pipeline/Pipeline.php(144): Illuminate\\Bus\\Dispatcher->Illuminate\\Bus\\{closure}()\n#26 /var/www/nuttoz/vendor/laravel/framework/src/Illuminate/Pipeline/Pipeline.php(119): Illuminate\\Pipeline\\Pipeline->Illuminate\\Pipeline\\{closure}()\n#27 /var/www/nuttoz/vendor/laravel/framework/src/Illuminate/Bus/Dispatcher.php(132): Illuminate\\Pipeline\\Pipeline->then()\n#28 /var/www/nuttoz/vendor/laravel/framework/src/Illuminate/Queue/CallQueuedHandler.php(124): Illuminate\\Bus\\Dispatcher->dispatchNow()\n#29 /var/www/nuttoz/vendor/laravel/framework/src/Illuminate/Pipeline/Pipeline.php(144): Illuminate\\Queue\\CallQueuedHandler->Illuminate\\Queue\\{closure}()\n#30 /var/www/nuttoz/vendor/laravel/framework/src/Illuminate/Pipeline/Pipeline.php(119): Illuminate\\Pipeline\\Pipeline->Illuminate\\Pipeline\\{closure}()\n#31 /var/www/nuttoz/vendor/laravel/framework/src/Illuminate/Queue/CallQueuedHandler.php(123): Illuminate\\Pipeline\\Pipeline->then()\n#32 /var/www/nuttoz/vendor/laravel/framework/src/Illuminate/Queue/CallQueuedHandler.php(71): Illuminate\\Queue\\CallQueuedHandler->dispatchThroughMiddleware()\n#33 /var/www/nuttoz/vendor/laravel/framework/src/Illuminate/Queue/Jobs/Job.php(102): Illuminate\\Queue\\CallQueuedHandler->call()\n#34 /var/www/nuttoz/vendor/laravel/framework/src/Illuminate/Queue/Worker.php(440): Illuminate\\Queue\\Jobs\\Job->fire()\n#35 /var/www/nuttoz/vendor/laravel/framework/src/Illuminate/Queue/Worker.php(390): Illuminate\\Queue\\Worker->process()\n#36 /var/www/nuttoz/vendor/laravel/framework/src/Illuminate/Queue/Worker.php(177): Illuminate\\Queue\\Worker->runJob()\n#37 /var/www/nuttoz/vendor/laravel/framework/src/Illuminate/Queue/Console/WorkCommand.php(139): Illuminate\\Queue\\Worker->daemon()\n#38 /var/www/nuttoz/vendor/laravel/framework/src/Illuminate/Queue/Console/WorkCommand.php(122): Illuminate\\Queue\\Console\\WorkCommand->runWorker()\n#39 /var/www/nuttoz/vendor/laravel/framework/src/Illuminate/Container/BoundMethod.php(36): Illuminate\\Queue\\Console\\WorkCommand->handle()\n#40 /var/www/nuttoz/vendor/laravel/framework/src/Illuminate/Container/Util.php(43): Illuminate\\Container\\BoundMethod::Illuminate\\Container\\{closure}()\n#41 /var/www/nuttoz/vendor/laravel/framework/src/Illuminate/Container/BoundMethod.php(95): Illuminate\\Container\\Util::unwrapIfClosure()\n#42 /var/www/nuttoz/vendor/laravel/framework/src/Illuminate/Container/BoundMethod.php(35): Illuminate\\Container\\BoundMethod::callBoundMethod()\n#43 /var/www/nuttoz/vendor/laravel/framework/src/Illuminate/Container/Container.php(690): Illuminate\\Container\\BoundMethod::call()\n#44 /var/www/nuttoz/vendor/laravel/framework/src/Illuminate/Console/Command.php(213): Illuminate\\Container\\Container->call()\n#45 /var/www/nuttoz/vendor/symfony/console/Command/Command.php(279): Illuminate\\Console\\Command->execute()\n#46 /var/www/nuttoz/vendor/laravel/framework/src/Illuminate/Console/Command.php(182): Symfony\\Component\\Console\\Command\\Command->run()\n#47 /var/www/nuttoz/vendor/symfony/console/Application.php(1047): Illuminate\\Console\\Command->run()\n#48 /var/www/nuttoz/vendor/symfony/console/Application.php(316): Symfony\\Component\\Console\\Application->doRunCommand()\n#49 /var/www/nuttoz/vendor/symfony/console/Application.php(167): Symfony\\Component\\Console\\Application->doRun()\n#50 /var/www/nuttoz/vendor/laravel/framework/src/Illuminate/Foundation/Console/Kernel.php(197): Symfony\\Component\\Console\\Application->run()\n#51 /var/www/nuttoz/vendor/laravel/framework/src/Illuminate/Foundation/Application.php(1203): Illuminate\\Foundation\\Console\\Kernel->handle()\n#52 /var/www/nuttoz/artisan(13): Illuminate\\Foundation\\Application->handleCommand()\n#53 {main}\n\nNext Illuminate\\View\\ViewException: Route [home] not defined. (View: /var/www/nuttoz/resources/views/email/new_order.blade.php) in /var/www/nuttoz/vendor/laravel/framework/src/Illuminate/Routing/UrlGenerator.php:516\nStack trace:\n#0 /var/www/nuttoz/vendor/laravel/framework/src/Illuminate/View/Engines/PhpEngine.php(60): Illuminate\\View\\Engines\\CompilerEngine->handleViewException()\n#1 /var/www/nuttoz/vendor/laravel/framework/src/Illuminate/View/Engines/CompilerEngine.php(74): Illuminate\\View\\Engines\\PhpEngine->evaluatePath()\n#2 /var/www/nuttoz/vendor/laravel/framework/src/Illuminate/View/View.php(208): Illuminate\\View\\Engines\\CompilerEngine->get()\n#3 /var/www/nuttoz/vendor/laravel/framework/src/Illuminate/View/View.php(191): Illuminate\\View\\View->getContents()\n#4 /var/www/nuttoz/vendor/laravel/framework/src/Illuminate/View/View.php(160): Illuminate\\View\\View->renderContents()\n#5 /var/www/nuttoz/vendor/laravel/framework/src/Illuminate/Mail/Mailer.php(445): Illuminate\\View\\View->render()\n#6 /var/www/nuttoz/vendor/laravel/framework/src/Illuminate/Mail/Mailer.php(420): Illuminate\\Mail\\Mailer->renderView()\n#7 /var/www/nuttoz/vendor/laravel/framework/src/Illuminate/Mail/Mailer.php(313): Illuminate\\Mail\\Mailer->addContent()\n#8 /var/www/nuttoz/vendor/laravel/framework/src/Illuminate/Mail/Mailable.php(205): Illuminate\\Mail\\Mailer->send()\n#9 /var/www/nuttoz/vendor/laravel/framework/src/Illuminate/Support/Traits/Localizable.php(19): Illuminate\\Mail\\Mailable->Illuminate\\Mail\\{closure}()\n#10 /var/www/nuttoz/vendor/laravel/framework/src/Illuminate/Mail/Mailable.php(198): Illuminate\\Mail\\Mailable->withLocale()\n#11 /var/www/nuttoz/vendor/laravel/framework/src/Illuminate/Mail/Mailer.php(354): Illuminate\\Mail\\Mailable->send()\n#12 /var/www/nuttoz/vendor/laravel/framework/src/Illuminate/Mail/Mailer.php(301): Illuminate\\Mail\\Mailer->sendMailable()\n#13 /var/www/nuttoz/vendor/laravel/framework/src/Illuminate/Mail/PendingMail.php(124): Illuminate\\Mail\\Mailer->send()\n#14 /var/www/nuttoz/app/Jobs/SendOrderInvoiceJob.php(68): Illuminate\\Mail\\PendingMail->send()\n#15 /var/www/nuttoz/vendor/laravel/framework/src/Illuminate/Container/BoundMethod.php(36): App\\Jobs\\SendOrderInvoiceJob->handle()\n#16 /var/www/nuttoz/vendor/laravel/framework/src/Illuminate/Container/Util.php(43): Illuminate\\Container\\BoundMethod::Illuminate\\Container\\{closure}()\n#17 /var/www/nuttoz/vendor/laravel/framework/src/Illuminate/Container/BoundMethod.php(95): Illuminate\\Container\\Util::unwrapIfClosure()\n#18 /var/www/nuttoz/vendor/laravel/framework/src/Illuminate/Container/BoundMethod.php(35): Illuminate\\Container\\BoundMethod::callBoundMethod()\n#19 /var/www/nuttoz/vendor/laravel/framework/src/Illuminate/Container/Container.php(690): Illuminate\\Container\\BoundMethod::call()\n#20 /var/www/nuttoz/vendor/laravel/framework/src/Illuminate/Bus/Dispatcher.php(128): Illuminate\\Container\\Container->call()\n#21 /var/www/nuttoz/vendor/laravel/framework/src/Illuminate/Pipeline/Pipeline.php(144): Illuminate\\Bus\\Dispatcher->Illuminate\\Bus\\{closure}()\n#22 /var/www/nuttoz/vendor/laravel/framework/src/Illuminate/Pipeline/Pipeline.php(119): Illuminate\\Pipeline\\Pipeline->Illuminate\\Pipeline\\{closure}()\n#23 /var/www/nuttoz/vendor/laravel/framework/src/Illuminate/Bus/Dispatcher.php(132): Illuminate\\Pipeline\\Pipeline->then()\n#24 /var/www/nuttoz/vendor/laravel/framework/src/Illuminate/Queue/CallQueuedHandler.php(124): Illuminate\\Bus\\Dispatcher->dispatchNow()\n#25 /var/www/nuttoz/vendor/laravel/framework/src/Illuminate/Pipeline/Pipeline.php(144): Illuminate\\Queue\\CallQueuedHandler->Illuminate\\Queue\\{closure}()\n#26 /var/www/nuttoz/vendor/laravel/framework/src/Illuminate/Pipeline/Pipeline.php(119): Illuminate\\Pipeline\\Pipeline->Illuminate\\Pipeline\\{closure}()\n#27 /var/www/nuttoz/vendor/laravel/framework/src/Illuminate/Queue/CallQueuedHandler.php(123): Illuminate\\Pipeline\\Pipeline->then()\n#28 /var/www/nuttoz/vendor/laravel/framework/src/Illuminate/Queue/CallQueuedHandler.php(71): Illuminate\\Queue\\CallQueuedHandler->dispatchThroughMiddleware()\n#29 /var/www/nuttoz/vendor/laravel/framework/src/Illuminate/Queue/Jobs/Job.php(102): Illuminate\\Queue\\CallQueuedHandler->call()\n#30 /var/www/nuttoz/vendor/laravel/framework/src/Illuminate/Queue/Worker.php(440): Illuminate\\Queue\\Jobs\\Job->fire()\n#31 /var/www/nuttoz/vendor/laravel/framework/src/Illuminate/Queue/Worker.php(390): Illuminate\\Queue\\Worker->process()\n#32 /var/www/nuttoz/vendor/laravel/framework/src/Illuminate/Queue/Worker.php(177): Illuminate\\Queue\\Worker->runJob()\n#33 /var/www/nuttoz/vendor/laravel/framework/src/Illuminate/Queue/Console/WorkCommand.php(139): Illuminate\\Queue\\Worker->daemon()\n#34 /var/www/nuttoz/vendor/laravel/framework/src/Illuminate/Queue/Console/WorkCommand.php(122): Illuminate\\Queue\\Console\\WorkCommand->runWorker()\n#35 /var/www/nuttoz/vendor/laravel/framework/src/Illuminate/Container/BoundMethod.php(36): Illuminate\\Queue\\Console\\WorkCommand->handle()\n#36 /var/www/nuttoz/vendor/laravel/framework/src/Illuminate/Container/Util.php(43): Illuminate\\Container\\BoundMethod::Illuminate\\Container\\{closure}()\n#37 /var/www/nuttoz/vendor/laravel/framework/src/Illuminate/Container/BoundMethod.php(95): Illuminate\\Container\\Util::unwrapIfClosure()\n#38 /var/www/nuttoz/vendor/laravel/framework/src/Illuminate/Container/BoundMethod.php(35): Illuminate\\Container\\BoundMethod::callBoundMethod()\n#39 /var/www/nuttoz/vendor/laravel/framework/src/Illuminate/Container/Container.php(690): Illuminate\\Container\\BoundMethod::call()\n#40 /var/www/nuttoz/vendor/laravel/framework/src/Illuminate/Console/Command.php(213): Illuminate\\Container\\Container->call()\n#41 /var/www/nuttoz/vendor/symfony/console/Command/Command.php(279): Illuminate\\Console\\Command->execute()\n#42 /var/www/nuttoz/vendor/laravel/framework/src/Illuminate/Console/Command.php(182): Symfony\\Component\\Console\\Command\\Command->run()\n#43 /var/www/nuttoz/vendor/symfony/console/Application.php(1047): Illuminate\\Console\\Command->run()\n#44 /var/www/nuttoz/vendor/symfony/console/Application.php(316): Symfony\\Component\\Console\\Application->doRunCommand()\n#45 /var/www/nuttoz/vendor/symfony/console/Application.php(167): Symfony\\Component\\Console\\Application->doRun()\n#46 /var/www/nuttoz/vendor/laravel/framework/src/Illuminate/Foundation/Console/Kernel.php(197): Symfony\\Component\\Console\\Application->run()\n#47 /var/www/nuttoz/vendor/laravel/framework/src/Illuminate/Foundation/Application.php(1203): Illuminate\\Foundation\\Console\\Kernel->handle()\n#48 /var/www/nuttoz/artisan(13): Illuminate\\Foundation\\Application->handleCommand()\n#49 {main}','2024-10-10 11:04:15'),(2,'afeb35a1-a9af-409e-8bfb-7424fcb9d212','database','default','{\"uuid\":\"afeb35a1-a9af-409e-8bfb-7424fcb9d212\",\"displayName\":\"App\\\\Jobs\\\\SendOrderInvoiceJob\",\"job\":\"Illuminate\\\\Queue\\\\CallQueuedHandler@call\",\"maxTries\":null,\"maxExceptions\":null,\"failOnTimeout\":false,\"backoff\":null,\"timeout\":null,\"retryUntil\":null,\"data\":{\"commandName\":\"App\\\\Jobs\\\\SendOrderInvoiceJob\",\"command\":\"O:28:\\\"App\\\\Jobs\\\\SendOrderInvoiceJob\\\":2:{s:10:\\\"\\u0000*\\u0000orderId\\\";i:2;s:11:\\\"\\u0000*\\u0000rootPath\\\";s:43:\\\"\\/var\\/www\\/nuttoz\\/storage\\/app\\/public\\/invoices\\\";}\"}}','Symfony\\Component\\Routing\\Exception\\RouteNotFoundException: Route [home] not defined. in /var/www/nuttoz/vendor/laravel/framework/src/Illuminate/Routing/UrlGenerator.php:516\nStack trace:\n#0 /var/www/nuttoz/vendor/laravel/framework/src/Illuminate/Foundation/helpers.php(862): Illuminate\\Routing\\UrlGenerator->route()\n#1 /var/www/nuttoz/storage/framework/views/e46df28abdf38ce4529457a03955ec92.php(18): route()\n#2 /var/www/nuttoz/vendor/laravel/framework/src/Illuminate/Filesystem/Filesystem.php(123): require(\'...\')\n#3 /var/www/nuttoz/vendor/laravel/framework/src/Illuminate/Filesystem/Filesystem.php(124): Illuminate\\Filesystem\\Filesystem::Illuminate\\Filesystem\\{closure}()\n#4 /var/www/nuttoz/vendor/laravel/framework/src/Illuminate/View/Engines/PhpEngine.php(58): Illuminate\\Filesystem\\Filesystem->getRequire()\n#5 /var/www/nuttoz/vendor/laravel/framework/src/Illuminate/View/Engines/CompilerEngine.php(74): Illuminate\\View\\Engines\\PhpEngine->evaluatePath()\n#6 /var/www/nuttoz/vendor/laravel/framework/src/Illuminate/View/View.php(208): Illuminate\\View\\Engines\\CompilerEngine->get()\n#7 /var/www/nuttoz/vendor/laravel/framework/src/Illuminate/View/View.php(191): Illuminate\\View\\View->getContents()\n#8 /var/www/nuttoz/vendor/laravel/framework/src/Illuminate/View/View.php(160): Illuminate\\View\\View->renderContents()\n#9 /var/www/nuttoz/vendor/laravel/framework/src/Illuminate/Mail/Mailer.php(445): Illuminate\\View\\View->render()\n#10 /var/www/nuttoz/vendor/laravel/framework/src/Illuminate/Mail/Mailer.php(420): Illuminate\\Mail\\Mailer->renderView()\n#11 /var/www/nuttoz/vendor/laravel/framework/src/Illuminate/Mail/Mailer.php(313): Illuminate\\Mail\\Mailer->addContent()\n#12 /var/www/nuttoz/vendor/laravel/framework/src/Illuminate/Mail/Mailable.php(205): Illuminate\\Mail\\Mailer->send()\n#13 /var/www/nuttoz/vendor/laravel/framework/src/Illuminate/Support/Traits/Localizable.php(19): Illuminate\\Mail\\Mailable->Illuminate\\Mail\\{closure}()\n#14 /var/www/nuttoz/vendor/laravel/framework/src/Illuminate/Mail/Mailable.php(198): Illuminate\\Mail\\Mailable->withLocale()\n#15 /var/www/nuttoz/vendor/laravel/framework/src/Illuminate/Mail/Mailer.php(354): Illuminate\\Mail\\Mailable->send()\n#16 /var/www/nuttoz/vendor/laravel/framework/src/Illuminate/Mail/Mailer.php(301): Illuminate\\Mail\\Mailer->sendMailable()\n#17 /var/www/nuttoz/vendor/laravel/framework/src/Illuminate/Mail/PendingMail.php(124): Illuminate\\Mail\\Mailer->send()\n#18 /var/www/nuttoz/app/Jobs/SendOrderInvoiceJob.php(68): Illuminate\\Mail\\PendingMail->send()\n#19 /var/www/nuttoz/vendor/laravel/framework/src/Illuminate/Container/BoundMethod.php(36): App\\Jobs\\SendOrderInvoiceJob->handle()\n#20 /var/www/nuttoz/vendor/laravel/framework/src/Illuminate/Container/Util.php(43): Illuminate\\Container\\BoundMethod::Illuminate\\Container\\{closure}()\n#21 /var/www/nuttoz/vendor/laravel/framework/src/Illuminate/Container/BoundMethod.php(95): Illuminate\\Container\\Util::unwrapIfClosure()\n#22 /var/www/nuttoz/vendor/laravel/framework/src/Illuminate/Container/BoundMethod.php(35): Illuminate\\Container\\BoundMethod::callBoundMethod()\n#23 /var/www/nuttoz/vendor/laravel/framework/src/Illuminate/Container/Container.php(690): Illuminate\\Container\\BoundMethod::call()\n#24 /var/www/nuttoz/vendor/laravel/framework/src/Illuminate/Bus/Dispatcher.php(128): Illuminate\\Container\\Container->call()\n#25 /var/www/nuttoz/vendor/laravel/framework/src/Illuminate/Pipeline/Pipeline.php(144): Illuminate\\Bus\\Dispatcher->Illuminate\\Bus\\{closure}()\n#26 /var/www/nuttoz/vendor/laravel/framework/src/Illuminate/Pipeline/Pipeline.php(119): Illuminate\\Pipeline\\Pipeline->Illuminate\\Pipeline\\{closure}()\n#27 /var/www/nuttoz/vendor/laravel/framework/src/Illuminate/Bus/Dispatcher.php(132): Illuminate\\Pipeline\\Pipeline->then()\n#28 /var/www/nuttoz/vendor/laravel/framework/src/Illuminate/Queue/CallQueuedHandler.php(124): Illuminate\\Bus\\Dispatcher->dispatchNow()\n#29 /var/www/nuttoz/vendor/laravel/framework/src/Illuminate/Pipeline/Pipeline.php(144): Illuminate\\Queue\\CallQueuedHandler->Illuminate\\Queue\\{closure}()\n#30 /var/www/nuttoz/vendor/laravel/framework/src/Illuminate/Pipeline/Pipeline.php(119): Illuminate\\Pipeline\\Pipeline->Illuminate\\Pipeline\\{closure}()\n#31 /var/www/nuttoz/vendor/laravel/framework/src/Illuminate/Queue/CallQueuedHandler.php(123): Illuminate\\Pipeline\\Pipeline->then()\n#32 /var/www/nuttoz/vendor/laravel/framework/src/Illuminate/Queue/CallQueuedHandler.php(71): Illuminate\\Queue\\CallQueuedHandler->dispatchThroughMiddleware()\n#33 /var/www/nuttoz/vendor/laravel/framework/src/Illuminate/Queue/Jobs/Job.php(102): Illuminate\\Queue\\CallQueuedHandler->call()\n#34 /var/www/nuttoz/vendor/laravel/framework/src/Illuminate/Queue/Worker.php(440): Illuminate\\Queue\\Jobs\\Job->fire()\n#35 /var/www/nuttoz/vendor/laravel/framework/src/Illuminate/Queue/Worker.php(390): Illuminate\\Queue\\Worker->process()\n#36 /var/www/nuttoz/vendor/laravel/framework/src/Illuminate/Queue/Worker.php(177): Illuminate\\Queue\\Worker->runJob()\n#37 /var/www/nuttoz/vendor/laravel/framework/src/Illuminate/Queue/Console/WorkCommand.php(139): Illuminate\\Queue\\Worker->daemon()\n#38 /var/www/nuttoz/vendor/laravel/framework/src/Illuminate/Queue/Console/WorkCommand.php(122): Illuminate\\Queue\\Console\\WorkCommand->runWorker()\n#39 /var/www/nuttoz/vendor/laravel/framework/src/Illuminate/Container/BoundMethod.php(36): Illuminate\\Queue\\Console\\WorkCommand->handle()\n#40 /var/www/nuttoz/vendor/laravel/framework/src/Illuminate/Container/Util.php(43): Illuminate\\Container\\BoundMethod::Illuminate\\Container\\{closure}()\n#41 /var/www/nuttoz/vendor/laravel/framework/src/Illuminate/Container/BoundMethod.php(95): Illuminate\\Container\\Util::unwrapIfClosure()\n#42 /var/www/nuttoz/vendor/laravel/framework/src/Illuminate/Container/BoundMethod.php(35): Illuminate\\Container\\BoundMethod::callBoundMethod()\n#43 /var/www/nuttoz/vendor/laravel/framework/src/Illuminate/Container/Container.php(690): Illuminate\\Container\\BoundMethod::call()\n#44 /var/www/nuttoz/vendor/laravel/framework/src/Illuminate/Console/Command.php(213): Illuminate\\Container\\Container->call()\n#45 /var/www/nuttoz/vendor/symfony/console/Command/Command.php(279): Illuminate\\Console\\Command->execute()\n#46 /var/www/nuttoz/vendor/laravel/framework/src/Illuminate/Console/Command.php(182): Symfony\\Component\\Console\\Command\\Command->run()\n#47 /var/www/nuttoz/vendor/symfony/console/Application.php(1047): Illuminate\\Console\\Command->run()\n#48 /var/www/nuttoz/vendor/symfony/console/Application.php(316): Symfony\\Component\\Console\\Application->doRunCommand()\n#49 /var/www/nuttoz/vendor/symfony/console/Application.php(167): Symfony\\Component\\Console\\Application->doRun()\n#50 /var/www/nuttoz/vendor/laravel/framework/src/Illuminate/Foundation/Console/Kernel.php(197): Symfony\\Component\\Console\\Application->run()\n#51 /var/www/nuttoz/vendor/laravel/framework/src/Illuminate/Foundation/Application.php(1203): Illuminate\\Foundation\\Console\\Kernel->handle()\n#52 /var/www/nuttoz/artisan(13): Illuminate\\Foundation\\Application->handleCommand()\n#53 {main}\n\nNext Illuminate\\View\\ViewException: Route [home] not defined. (View: /var/www/nuttoz/resources/views/email/new_order.blade.php) in /var/www/nuttoz/vendor/laravel/framework/src/Illuminate/Routing/UrlGenerator.php:516\nStack trace:\n#0 /var/www/nuttoz/vendor/laravel/framework/src/Illuminate/View/Engines/PhpEngine.php(60): Illuminate\\View\\Engines\\CompilerEngine->handleViewException()\n#1 /var/www/nuttoz/vendor/laravel/framework/src/Illuminate/View/Engines/CompilerEngine.php(74): Illuminate\\View\\Engines\\PhpEngine->evaluatePath()\n#2 /var/www/nuttoz/vendor/laravel/framework/src/Illuminate/View/View.php(208): Illuminate\\View\\Engines\\CompilerEngine->get()\n#3 /var/www/nuttoz/vendor/laravel/framework/src/Illuminate/View/View.php(191): Illuminate\\View\\View->getContents()\n#4 /var/www/nuttoz/vendor/laravel/framework/src/Illuminate/View/View.php(160): Illuminate\\View\\View->renderContents()\n#5 /var/www/nuttoz/vendor/laravel/framework/src/Illuminate/Mail/Mailer.php(445): Illuminate\\View\\View->render()\n#6 /var/www/nuttoz/vendor/laravel/framework/src/Illuminate/Mail/Mailer.php(420): Illuminate\\Mail\\Mailer->renderView()\n#7 /var/www/nuttoz/vendor/laravel/framework/src/Illuminate/Mail/Mailer.php(313): Illuminate\\Mail\\Mailer->addContent()\n#8 /var/www/nuttoz/vendor/laravel/framework/src/Illuminate/Mail/Mailable.php(205): Illuminate\\Mail\\Mailer->send()\n#9 /var/www/nuttoz/vendor/laravel/framework/src/Illuminate/Support/Traits/Localizable.php(19): Illuminate\\Mail\\Mailable->Illuminate\\Mail\\{closure}()\n#10 /var/www/nuttoz/vendor/laravel/framework/src/Illuminate/Mail/Mailable.php(198): Illuminate\\Mail\\Mailable->withLocale()\n#11 /var/www/nuttoz/vendor/laravel/framework/src/Illuminate/Mail/Mailer.php(354): Illuminate\\Mail\\Mailable->send()\n#12 /var/www/nuttoz/vendor/laravel/framework/src/Illuminate/Mail/Mailer.php(301): Illuminate\\Mail\\Mailer->sendMailable()\n#13 /var/www/nuttoz/vendor/laravel/framework/src/Illuminate/Mail/PendingMail.php(124): Illuminate\\Mail\\Mailer->send()\n#14 /var/www/nuttoz/app/Jobs/SendOrderInvoiceJob.php(68): Illuminate\\Mail\\PendingMail->send()\n#15 /var/www/nuttoz/vendor/laravel/framework/src/Illuminate/Container/BoundMethod.php(36): App\\Jobs\\SendOrderInvoiceJob->handle()\n#16 /var/www/nuttoz/vendor/laravel/framework/src/Illuminate/Container/Util.php(43): Illuminate\\Container\\BoundMethod::Illuminate\\Container\\{closure}()\n#17 /var/www/nuttoz/vendor/laravel/framework/src/Illuminate/Container/BoundMethod.php(95): Illuminate\\Container\\Util::unwrapIfClosure()\n#18 /var/www/nuttoz/vendor/laravel/framework/src/Illuminate/Container/BoundMethod.php(35): Illuminate\\Container\\BoundMethod::callBoundMethod()\n#19 /var/www/nuttoz/vendor/laravel/framework/src/Illuminate/Container/Container.php(690): Illuminate\\Container\\BoundMethod::call()\n#20 /var/www/nuttoz/vendor/laravel/framework/src/Illuminate/Bus/Dispatcher.php(128): Illuminate\\Container\\Container->call()\n#21 /var/www/nuttoz/vendor/laravel/framework/src/Illuminate/Pipeline/Pipeline.php(144): Illuminate\\Bus\\Dispatcher->Illuminate\\Bus\\{closure}()\n#22 /var/www/nuttoz/vendor/laravel/framework/src/Illuminate/Pipeline/Pipeline.php(119): Illuminate\\Pipeline\\Pipeline->Illuminate\\Pipeline\\{closure}()\n#23 /var/www/nuttoz/vendor/laravel/framework/src/Illuminate/Bus/Dispatcher.php(132): Illuminate\\Pipeline\\Pipeline->then()\n#24 /var/www/nuttoz/vendor/laravel/framework/src/Illuminate/Queue/CallQueuedHandler.php(124): Illuminate\\Bus\\Dispatcher->dispatchNow()\n#25 /var/www/nuttoz/vendor/laravel/framework/src/Illuminate/Pipeline/Pipeline.php(144): Illuminate\\Queue\\CallQueuedHandler->Illuminate\\Queue\\{closure}()\n#26 /var/www/nuttoz/vendor/laravel/framework/src/Illuminate/Pipeline/Pipeline.php(119): Illuminate\\Pipeline\\Pipeline->Illuminate\\Pipeline\\{closure}()\n#27 /var/www/nuttoz/vendor/laravel/framework/src/Illuminate/Queue/CallQueuedHandler.php(123): Illuminate\\Pipeline\\Pipeline->then()\n#28 /var/www/nuttoz/vendor/laravel/framework/src/Illuminate/Queue/CallQueuedHandler.php(71): Illuminate\\Queue\\CallQueuedHandler->dispatchThroughMiddleware()\n#29 /var/www/nuttoz/vendor/laravel/framework/src/Illuminate/Queue/Jobs/Job.php(102): Illuminate\\Queue\\CallQueuedHandler->call()\n#30 /var/www/nuttoz/vendor/laravel/framework/src/Illuminate/Queue/Worker.php(440): Illuminate\\Queue\\Jobs\\Job->fire()\n#31 /var/www/nuttoz/vendor/laravel/framework/src/Illuminate/Queue/Worker.php(390): Illuminate\\Queue\\Worker->process()\n#32 /var/www/nuttoz/vendor/laravel/framework/src/Illuminate/Queue/Worker.php(177): Illuminate\\Queue\\Worker->runJob()\n#33 /var/www/nuttoz/vendor/laravel/framework/src/Illuminate/Queue/Console/WorkCommand.php(139): Illuminate\\Queue\\Worker->daemon()\n#34 /var/www/nuttoz/vendor/laravel/framework/src/Illuminate/Queue/Console/WorkCommand.php(122): Illuminate\\Queue\\Console\\WorkCommand->runWorker()\n#35 /var/www/nuttoz/vendor/laravel/framework/src/Illuminate/Container/BoundMethod.php(36): Illuminate\\Queue\\Console\\WorkCommand->handle()\n#36 /var/www/nuttoz/vendor/laravel/framework/src/Illuminate/Container/Util.php(43): Illuminate\\Container\\BoundMethod::Illuminate\\Container\\{closure}()\n#37 /var/www/nuttoz/vendor/laravel/framework/src/Illuminate/Container/BoundMethod.php(95): Illuminate\\Container\\Util::unwrapIfClosure()\n#38 /var/www/nuttoz/vendor/laravel/framework/src/Illuminate/Container/BoundMethod.php(35): Illuminate\\Container\\BoundMethod::callBoundMethod()\n#39 /var/www/nuttoz/vendor/laravel/framework/src/Illuminate/Container/Container.php(690): Illuminate\\Container\\BoundMethod::call()\n#40 /var/www/nuttoz/vendor/laravel/framework/src/Illuminate/Console/Command.php(213): Illuminate\\Container\\Container->call()\n#41 /var/www/nuttoz/vendor/symfony/console/Command/Command.php(279): Illuminate\\Console\\Command->execute()\n#42 /var/www/nuttoz/vendor/laravel/framework/src/Illuminate/Console/Command.php(182): Symfony\\Component\\Console\\Command\\Command->run()\n#43 /var/www/nuttoz/vendor/symfony/console/Application.php(1047): Illuminate\\Console\\Command->run()\n#44 /var/www/nuttoz/vendor/symfony/console/Application.php(316): Symfony\\Component\\Console\\Application->doRunCommand()\n#45 /var/www/nuttoz/vendor/symfony/console/Application.php(167): Symfony\\Component\\Console\\Application->doRun()\n#46 /var/www/nuttoz/vendor/laravel/framework/src/Illuminate/Foundation/Console/Kernel.php(197): Symfony\\Component\\Console\\Application->run()\n#47 /var/www/nuttoz/vendor/laravel/framework/src/Illuminate/Foundation/Application.php(1203): Illuminate\\Foundation\\Console\\Kernel->handle()\n#48 /var/www/nuttoz/artisan(13): Illuminate\\Foundation\\Application->handleCommand()\n#49 {main}','2024-10-10 11:04:15'),(3,'1643a968-4a5d-478e-84e4-23915788ba32','database','default','{\"uuid\":\"1643a968-4a5d-478e-84e4-23915788ba32\",\"displayName\":\"App\\\\Jobs\\\\SendOrderInvoiceJob\",\"job\":\"Illuminate\\\\Queue\\\\CallQueuedHandler@call\",\"maxTries\":null,\"maxExceptions\":null,\"failOnTimeout\":false,\"backoff\":null,\"timeout\":null,\"retryUntil\":null,\"data\":{\"commandName\":\"App\\\\Jobs\\\\SendOrderInvoiceJob\",\"command\":\"O:28:\\\"App\\\\Jobs\\\\SendOrderInvoiceJob\\\":2:{s:10:\\\"\\u0000*\\u0000orderId\\\";i:3;s:11:\\\"\\u0000*\\u0000rootPath\\\";s:43:\\\"\\/var\\/www\\/nuttoz\\/storage\\/app\\/public\\/invoices\\\";}\"}}','Symfony\\Component\\Routing\\Exception\\RouteNotFoundException: Route [home] not defined. in /var/www/nuttoz/vendor/laravel/framework/src/Illuminate/Routing/UrlGenerator.php:516\nStack trace:\n#0 /var/www/nuttoz/vendor/laravel/framework/src/Illuminate/Foundation/helpers.php(862): Illuminate\\Routing\\UrlGenerator->route()\n#1 /var/www/nuttoz/storage/framework/views/e46df28abdf38ce4529457a03955ec92.php(18): route()\n#2 /var/www/nuttoz/vendor/laravel/framework/src/Illuminate/Filesystem/Filesystem.php(123): require(\'...\')\n#3 /var/www/nuttoz/vendor/laravel/framework/src/Illuminate/Filesystem/Filesystem.php(124): Illuminate\\Filesystem\\Filesystem::Illuminate\\Filesystem\\{closure}()\n#4 /var/www/nuttoz/vendor/laravel/framework/src/Illuminate/View/Engines/PhpEngine.php(58): Illuminate\\Filesystem\\Filesystem->getRequire()\n#5 /var/www/nuttoz/vendor/laravel/framework/src/Illuminate/View/Engines/CompilerEngine.php(74): Illuminate\\View\\Engines\\PhpEngine->evaluatePath()\n#6 /var/www/nuttoz/vendor/laravel/framework/src/Illuminate/View/View.php(208): Illuminate\\View\\Engines\\CompilerEngine->get()\n#7 /var/www/nuttoz/vendor/laravel/framework/src/Illuminate/View/View.php(191): Illuminate\\View\\View->getContents()\n#8 /var/www/nuttoz/vendor/laravel/framework/src/Illuminate/View/View.php(160): Illuminate\\View\\View->renderContents()\n#9 /var/www/nuttoz/vendor/laravel/framework/src/Illuminate/Mail/Mailer.php(445): Illuminate\\View\\View->render()\n#10 /var/www/nuttoz/vendor/laravel/framework/src/Illuminate/Mail/Mailer.php(420): Illuminate\\Mail\\Mailer->renderView()\n#11 /var/www/nuttoz/vendor/laravel/framework/src/Illuminate/Mail/Mailer.php(313): Illuminate\\Mail\\Mailer->addContent()\n#12 /var/www/nuttoz/vendor/laravel/framework/src/Illuminate/Mail/Mailable.php(205): Illuminate\\Mail\\Mailer->send()\n#13 /var/www/nuttoz/vendor/laravel/framework/src/Illuminate/Support/Traits/Localizable.php(19): Illuminate\\Mail\\Mailable->Illuminate\\Mail\\{closure}()\n#14 /var/www/nuttoz/vendor/laravel/framework/src/Illuminate/Mail/Mailable.php(198): Illuminate\\Mail\\Mailable->withLocale()\n#15 /var/www/nuttoz/vendor/laravel/framework/src/Illuminate/Mail/Mailer.php(354): Illuminate\\Mail\\Mailable->send()\n#16 /var/www/nuttoz/vendor/laravel/framework/src/Illuminate/Mail/Mailer.php(301): Illuminate\\Mail\\Mailer->sendMailable()\n#17 /var/www/nuttoz/vendor/laravel/framework/src/Illuminate/Mail/PendingMail.php(124): Illuminate\\Mail\\Mailer->send()\n#18 /var/www/nuttoz/app/Jobs/SendOrderInvoiceJob.php(68): Illuminate\\Mail\\PendingMail->send()\n#19 /var/www/nuttoz/vendor/laravel/framework/src/Illuminate/Container/BoundMethod.php(36): App\\Jobs\\SendOrderInvoiceJob->handle()\n#20 /var/www/nuttoz/vendor/laravel/framework/src/Illuminate/Container/Util.php(43): Illuminate\\Container\\BoundMethod::Illuminate\\Container\\{closure}()\n#21 /var/www/nuttoz/vendor/laravel/framework/src/Illuminate/Container/BoundMethod.php(95): Illuminate\\Container\\Util::unwrapIfClosure()\n#22 /var/www/nuttoz/vendor/laravel/framework/src/Illuminate/Container/BoundMethod.php(35): Illuminate\\Container\\BoundMethod::callBoundMethod()\n#23 /var/www/nuttoz/vendor/laravel/framework/src/Illuminate/Container/Container.php(690): Illuminate\\Container\\BoundMethod::call()\n#24 /var/www/nuttoz/vendor/laravel/framework/src/Illuminate/Bus/Dispatcher.php(128): Illuminate\\Container\\Container->call()\n#25 /var/www/nuttoz/vendor/laravel/framework/src/Illuminate/Pipeline/Pipeline.php(144): Illuminate\\Bus\\Dispatcher->Illuminate\\Bus\\{closure}()\n#26 /var/www/nuttoz/vendor/laravel/framework/src/Illuminate/Pipeline/Pipeline.php(119): Illuminate\\Pipeline\\Pipeline->Illuminate\\Pipeline\\{closure}()\n#27 /var/www/nuttoz/vendor/laravel/framework/src/Illuminate/Bus/Dispatcher.php(132): Illuminate\\Pipeline\\Pipeline->then()\n#28 /var/www/nuttoz/vendor/laravel/framework/src/Illuminate/Queue/CallQueuedHandler.php(124): Illuminate\\Bus\\Dispatcher->dispatchNow()\n#29 /var/www/nuttoz/vendor/laravel/framework/src/Illuminate/Pipeline/Pipeline.php(144): Illuminate\\Queue\\CallQueuedHandler->Illuminate\\Queue\\{closure}()\n#30 /var/www/nuttoz/vendor/laravel/framework/src/Illuminate/Pipeline/Pipeline.php(119): Illuminate\\Pipeline\\Pipeline->Illuminate\\Pipeline\\{closure}()\n#31 /var/www/nuttoz/vendor/laravel/framework/src/Illuminate/Queue/CallQueuedHandler.php(123): Illuminate\\Pipeline\\Pipeline->then()\n#32 /var/www/nuttoz/vendor/laravel/framework/src/Illuminate/Queue/CallQueuedHandler.php(71): Illuminate\\Queue\\CallQueuedHandler->dispatchThroughMiddleware()\n#33 /var/www/nuttoz/vendor/laravel/framework/src/Illuminate/Queue/Jobs/Job.php(102): Illuminate\\Queue\\CallQueuedHandler->call()\n#34 /var/www/nuttoz/vendor/laravel/framework/src/Illuminate/Queue/Worker.php(440): Illuminate\\Queue\\Jobs\\Job->fire()\n#35 /var/www/nuttoz/vendor/laravel/framework/src/Illuminate/Queue/Worker.php(390): Illuminate\\Queue\\Worker->process()\n#36 /var/www/nuttoz/vendor/laravel/framework/src/Illuminate/Queue/Worker.php(177): Illuminate\\Queue\\Worker->runJob()\n#37 /var/www/nuttoz/vendor/laravel/framework/src/Illuminate/Queue/Console/WorkCommand.php(139): Illuminate\\Queue\\Worker->daemon()\n#38 /var/www/nuttoz/vendor/laravel/framework/src/Illuminate/Queue/Console/WorkCommand.php(122): Illuminate\\Queue\\Console\\WorkCommand->runWorker()\n#39 /var/www/nuttoz/vendor/laravel/framework/src/Illuminate/Container/BoundMethod.php(36): Illuminate\\Queue\\Console\\WorkCommand->handle()\n#40 /var/www/nuttoz/vendor/laravel/framework/src/Illuminate/Container/Util.php(43): Illuminate\\Container\\BoundMethod::Illuminate\\Container\\{closure}()\n#41 /var/www/nuttoz/vendor/laravel/framework/src/Illuminate/Container/BoundMethod.php(95): Illuminate\\Container\\Util::unwrapIfClosure()\n#42 /var/www/nuttoz/vendor/laravel/framework/src/Illuminate/Container/BoundMethod.php(35): Illuminate\\Container\\BoundMethod::callBoundMethod()\n#43 /var/www/nuttoz/vendor/laravel/framework/src/Illuminate/Container/Container.php(690): Illuminate\\Container\\BoundMethod::call()\n#44 /var/www/nuttoz/vendor/laravel/framework/src/Illuminate/Console/Command.php(213): Illuminate\\Container\\Container->call()\n#45 /var/www/nuttoz/vendor/symfony/console/Command/Command.php(279): Illuminate\\Console\\Command->execute()\n#46 /var/www/nuttoz/vendor/laravel/framework/src/Illuminate/Console/Command.php(182): Symfony\\Component\\Console\\Command\\Command->run()\n#47 /var/www/nuttoz/vendor/symfony/console/Application.php(1047): Illuminate\\Console\\Command->run()\n#48 /var/www/nuttoz/vendor/symfony/console/Application.php(316): Symfony\\Component\\Console\\Application->doRunCommand()\n#49 /var/www/nuttoz/vendor/symfony/console/Application.php(167): Symfony\\Component\\Console\\Application->doRun()\n#50 /var/www/nuttoz/vendor/laravel/framework/src/Illuminate/Foundation/Console/Kernel.php(197): Symfony\\Component\\Console\\Application->run()\n#51 /var/www/nuttoz/vendor/laravel/framework/src/Illuminate/Foundation/Application.php(1203): Illuminate\\Foundation\\Console\\Kernel->handle()\n#52 /var/www/nuttoz/artisan(13): Illuminate\\Foundation\\Application->handleCommand()\n#53 {main}\n\nNext Illuminate\\View\\ViewException: Route [home] not defined. (View: /var/www/nuttoz/resources/views/email/new_order.blade.php) in /var/www/nuttoz/vendor/laravel/framework/src/Illuminate/Routing/UrlGenerator.php:516\nStack trace:\n#0 /var/www/nuttoz/vendor/laravel/framework/src/Illuminate/View/Engines/PhpEngine.php(60): Illuminate\\View\\Engines\\CompilerEngine->handleViewException()\n#1 /var/www/nuttoz/vendor/laravel/framework/src/Illuminate/View/Engines/CompilerEngine.php(74): Illuminate\\View\\Engines\\PhpEngine->evaluatePath()\n#2 /var/www/nuttoz/vendor/laravel/framework/src/Illuminate/View/View.php(208): Illuminate\\View\\Engines\\CompilerEngine->get()\n#3 /var/www/nuttoz/vendor/laravel/framework/src/Illuminate/View/View.php(191): Illuminate\\View\\View->getContents()\n#4 /var/www/nuttoz/vendor/laravel/framework/src/Illuminate/View/View.php(160): Illuminate\\View\\View->renderContents()\n#5 /var/www/nuttoz/vendor/laravel/framework/src/Illuminate/Mail/Mailer.php(445): Illuminate\\View\\View->render()\n#6 /var/www/nuttoz/vendor/laravel/framework/src/Illuminate/Mail/Mailer.php(420): Illuminate\\Mail\\Mailer->renderView()\n#7 /var/www/nuttoz/vendor/laravel/framework/src/Illuminate/Mail/Mailer.php(313): Illuminate\\Mail\\Mailer->addContent()\n#8 /var/www/nuttoz/vendor/laravel/framework/src/Illuminate/Mail/Mailable.php(205): Illuminate\\Mail\\Mailer->send()\n#9 /var/www/nuttoz/vendor/laravel/framework/src/Illuminate/Support/Traits/Localizable.php(19): Illuminate\\Mail\\Mailable->Illuminate\\Mail\\{closure}()\n#10 /var/www/nuttoz/vendor/laravel/framework/src/Illuminate/Mail/Mailable.php(198): Illuminate\\Mail\\Mailable->withLocale()\n#11 /var/www/nuttoz/vendor/laravel/framework/src/Illuminate/Mail/Mailer.php(354): Illuminate\\Mail\\Mailable->send()\n#12 /var/www/nuttoz/vendor/laravel/framework/src/Illuminate/Mail/Mailer.php(301): Illuminate\\Mail\\Mailer->sendMailable()\n#13 /var/www/nuttoz/vendor/laravel/framework/src/Illuminate/Mail/PendingMail.php(124): Illuminate\\Mail\\Mailer->send()\n#14 /var/www/nuttoz/app/Jobs/SendOrderInvoiceJob.php(68): Illuminate\\Mail\\PendingMail->send()\n#15 /var/www/nuttoz/vendor/laravel/framework/src/Illuminate/Container/BoundMethod.php(36): App\\Jobs\\SendOrderInvoiceJob->handle()\n#16 /var/www/nuttoz/vendor/laravel/framework/src/Illuminate/Container/Util.php(43): Illuminate\\Container\\BoundMethod::Illuminate\\Container\\{closure}()\n#17 /var/www/nuttoz/vendor/laravel/framework/src/Illuminate/Container/BoundMethod.php(95): Illuminate\\Container\\Util::unwrapIfClosure()\n#18 /var/www/nuttoz/vendor/laravel/framework/src/Illuminate/Container/BoundMethod.php(35): Illuminate\\Container\\BoundMethod::callBoundMethod()\n#19 /var/www/nuttoz/vendor/laravel/framework/src/Illuminate/Container/Container.php(690): Illuminate\\Container\\BoundMethod::call()\n#20 /var/www/nuttoz/vendor/laravel/framework/src/Illuminate/Bus/Dispatcher.php(128): Illuminate\\Container\\Container->call()\n#21 /var/www/nuttoz/vendor/laravel/framework/src/Illuminate/Pipeline/Pipeline.php(144): Illuminate\\Bus\\Dispatcher->Illuminate\\Bus\\{closure}()\n#22 /var/www/nuttoz/vendor/laravel/framework/src/Illuminate/Pipeline/Pipeline.php(119): Illuminate\\Pipeline\\Pipeline->Illuminate\\Pipeline\\{closure}()\n#23 /var/www/nuttoz/vendor/laravel/framework/src/Illuminate/Bus/Dispatcher.php(132): Illuminate\\Pipeline\\Pipeline->then()\n#24 /var/www/nuttoz/vendor/laravel/framework/src/Illuminate/Queue/CallQueuedHandler.php(124): Illuminate\\Bus\\Dispatcher->dispatchNow()\n#25 /var/www/nuttoz/vendor/laravel/framework/src/Illuminate/Pipeline/Pipeline.php(144): Illuminate\\Queue\\CallQueuedHandler->Illuminate\\Queue\\{closure}()\n#26 /var/www/nuttoz/vendor/laravel/framework/src/Illuminate/Pipeline/Pipeline.php(119): Illuminate\\Pipeline\\Pipeline->Illuminate\\Pipeline\\{closure}()\n#27 /var/www/nuttoz/vendor/laravel/framework/src/Illuminate/Queue/CallQueuedHandler.php(123): Illuminate\\Pipeline\\Pipeline->then()\n#28 /var/www/nuttoz/vendor/laravel/framework/src/Illuminate/Queue/CallQueuedHandler.php(71): Illuminate\\Queue\\CallQueuedHandler->dispatchThroughMiddleware()\n#29 /var/www/nuttoz/vendor/laravel/framework/src/Illuminate/Queue/Jobs/Job.php(102): Illuminate\\Queue\\CallQueuedHandler->call()\n#30 /var/www/nuttoz/vendor/laravel/framework/src/Illuminate/Queue/Worker.php(440): Illuminate\\Queue\\Jobs\\Job->fire()\n#31 /var/www/nuttoz/vendor/laravel/framework/src/Illuminate/Queue/Worker.php(390): Illuminate\\Queue\\Worker->process()\n#32 /var/www/nuttoz/vendor/laravel/framework/src/Illuminate/Queue/Worker.php(177): Illuminate\\Queue\\Worker->runJob()\n#33 /var/www/nuttoz/vendor/laravel/framework/src/Illuminate/Queue/Console/WorkCommand.php(139): Illuminate\\Queue\\Worker->daemon()\n#34 /var/www/nuttoz/vendor/laravel/framework/src/Illuminate/Queue/Console/WorkCommand.php(122): Illuminate\\Queue\\Console\\WorkCommand->runWorker()\n#35 /var/www/nuttoz/vendor/laravel/framework/src/Illuminate/Container/BoundMethod.php(36): Illuminate\\Queue\\Console\\WorkCommand->handle()\n#36 /var/www/nuttoz/vendor/laravel/framework/src/Illuminate/Container/Util.php(43): Illuminate\\Container\\BoundMethod::Illuminate\\Container\\{closure}()\n#37 /var/www/nuttoz/vendor/laravel/framework/src/Illuminate/Container/BoundMethod.php(95): Illuminate\\Container\\Util::unwrapIfClosure()\n#38 /var/www/nuttoz/vendor/laravel/framework/src/Illuminate/Container/BoundMethod.php(35): Illuminate\\Container\\BoundMethod::callBoundMethod()\n#39 /var/www/nuttoz/vendor/laravel/framework/src/Illuminate/Container/Container.php(690): Illuminate\\Container\\BoundMethod::call()\n#40 /var/www/nuttoz/vendor/laravel/framework/src/Illuminate/Console/Command.php(213): Illuminate\\Container\\Container->call()\n#41 /var/www/nuttoz/vendor/symfony/console/Command/Command.php(279): Illuminate\\Console\\Command->execute()\n#42 /var/www/nuttoz/vendor/laravel/framework/src/Illuminate/Console/Command.php(182): Symfony\\Component\\Console\\Command\\Command->run()\n#43 /var/www/nuttoz/vendor/symfony/console/Application.php(1047): Illuminate\\Console\\Command->run()\n#44 /var/www/nuttoz/vendor/symfony/console/Application.php(316): Symfony\\Component\\Console\\Application->doRunCommand()\n#45 /var/www/nuttoz/vendor/symfony/console/Application.php(167): Symfony\\Component\\Console\\Application->doRun()\n#46 /var/www/nuttoz/vendor/laravel/framework/src/Illuminate/Foundation/Console/Kernel.php(197): Symfony\\Component\\Console\\Application->run()\n#47 /var/www/nuttoz/vendor/laravel/framework/src/Illuminate/Foundation/Application.php(1203): Illuminate\\Foundation\\Console\\Kernel->handle()\n#48 /var/www/nuttoz/artisan(13): Illuminate\\Foundation\\Application->handleCommand()\n#49 {main}','2024-10-11 04:28:22'),(4,'73e2262f-97e6-414e-99e0-eed08d617cec','database','default','{\"uuid\":\"73e2262f-97e6-414e-99e0-eed08d617cec\",\"displayName\":\"App\\\\Jobs\\\\SendOrderInvoiceJob\",\"job\":\"Illuminate\\\\Queue\\\\CallQueuedHandler@call\",\"maxTries\":null,\"maxExceptions\":null,\"failOnTimeout\":false,\"backoff\":null,\"timeout\":null,\"retryUntil\":null,\"data\":{\"commandName\":\"App\\\\Jobs\\\\SendOrderInvoiceJob\",\"command\":\"O:28:\\\"App\\\\Jobs\\\\SendOrderInvoiceJob\\\":2:{s:10:\\\"\\u0000*\\u0000orderId\\\";i:4;s:11:\\\"\\u0000*\\u0000rootPath\\\";s:43:\\\"\\/var\\/www\\/nuttoz\\/storage\\/app\\/public\\/invoices\\\";}\"}}','Symfony\\Component\\Routing\\Exception\\RouteNotFoundException: Route [home] not defined. in /var/www/nuttoz/vendor/laravel/framework/src/Illuminate/Routing/UrlGenerator.php:516\nStack trace:\n#0 /var/www/nuttoz/vendor/laravel/framework/src/Illuminate/Foundation/helpers.php(862): Illuminate\\Routing\\UrlGenerator->route()\n#1 /var/www/nuttoz/storage/framework/views/e46df28abdf38ce4529457a03955ec92.php(18): route()\n#2 /var/www/nuttoz/vendor/laravel/framework/src/Illuminate/Filesystem/Filesystem.php(123): require(\'...\')\n#3 /var/www/nuttoz/vendor/laravel/framework/src/Illuminate/Filesystem/Filesystem.php(124): Illuminate\\Filesystem\\Filesystem::Illuminate\\Filesystem\\{closure}()\n#4 /var/www/nuttoz/vendor/laravel/framework/src/Illuminate/View/Engines/PhpEngine.php(58): Illuminate\\Filesystem\\Filesystem->getRequire()\n#5 /var/www/nuttoz/vendor/laravel/framework/src/Illuminate/View/Engines/CompilerEngine.php(74): Illuminate\\View\\Engines\\PhpEngine->evaluatePath()\n#6 /var/www/nuttoz/vendor/laravel/framework/src/Illuminate/View/View.php(208): Illuminate\\View\\Engines\\CompilerEngine->get()\n#7 /var/www/nuttoz/vendor/laravel/framework/src/Illuminate/View/View.php(191): Illuminate\\View\\View->getContents()\n#8 /var/www/nuttoz/vendor/laravel/framework/src/Illuminate/View/View.php(160): Illuminate\\View\\View->renderContents()\n#9 /var/www/nuttoz/vendor/laravel/framework/src/Illuminate/Mail/Mailer.php(445): Illuminate\\View\\View->render()\n#10 /var/www/nuttoz/vendor/laravel/framework/src/Illuminate/Mail/Mailer.php(420): Illuminate\\Mail\\Mailer->renderView()\n#11 /var/www/nuttoz/vendor/laravel/framework/src/Illuminate/Mail/Mailer.php(313): Illuminate\\Mail\\Mailer->addContent()\n#12 /var/www/nuttoz/vendor/laravel/framework/src/Illuminate/Mail/Mailable.php(205): Illuminate\\Mail\\Mailer->send()\n#13 /var/www/nuttoz/vendor/laravel/framework/src/Illuminate/Support/Traits/Localizable.php(19): Illuminate\\Mail\\Mailable->Illuminate\\Mail\\{closure}()\n#14 /var/www/nuttoz/vendor/laravel/framework/src/Illuminate/Mail/Mailable.php(198): Illuminate\\Mail\\Mailable->withLocale()\n#15 /var/www/nuttoz/vendor/laravel/framework/src/Illuminate/Mail/Mailer.php(354): Illuminate\\Mail\\Mailable->send()\n#16 /var/www/nuttoz/vendor/laravel/framework/src/Illuminate/Mail/Mailer.php(301): Illuminate\\Mail\\Mailer->sendMailable()\n#17 /var/www/nuttoz/vendor/laravel/framework/src/Illuminate/Mail/PendingMail.php(124): Illuminate\\Mail\\Mailer->send()\n#18 /var/www/nuttoz/app/Jobs/SendOrderInvoiceJob.php(68): Illuminate\\Mail\\PendingMail->send()\n#19 /var/www/nuttoz/vendor/laravel/framework/src/Illuminate/Container/BoundMethod.php(36): App\\Jobs\\SendOrderInvoiceJob->handle()\n#20 /var/www/nuttoz/vendor/laravel/framework/src/Illuminate/Container/Util.php(43): Illuminate\\Container\\BoundMethod::Illuminate\\Container\\{closure}()\n#21 /var/www/nuttoz/vendor/laravel/framework/src/Illuminate/Container/BoundMethod.php(95): Illuminate\\Container\\Util::unwrapIfClosure()\n#22 /var/www/nuttoz/vendor/laravel/framework/src/Illuminate/Container/BoundMethod.php(35): Illuminate\\Container\\BoundMethod::callBoundMethod()\n#23 /var/www/nuttoz/vendor/laravel/framework/src/Illuminate/Container/Container.php(690): Illuminate\\Container\\BoundMethod::call()\n#24 /var/www/nuttoz/vendor/laravel/framework/src/Illuminate/Bus/Dispatcher.php(128): Illuminate\\Container\\Container->call()\n#25 /var/www/nuttoz/vendor/laravel/framework/src/Illuminate/Pipeline/Pipeline.php(144): Illuminate\\Bus\\Dispatcher->Illuminate\\Bus\\{closure}()\n#26 /var/www/nuttoz/vendor/laravel/framework/src/Illuminate/Pipeline/Pipeline.php(119): Illuminate\\Pipeline\\Pipeline->Illuminate\\Pipeline\\{closure}()\n#27 /var/www/nuttoz/vendor/laravel/framework/src/Illuminate/Bus/Dispatcher.php(132): Illuminate\\Pipeline\\Pipeline->then()\n#28 /var/www/nuttoz/vendor/laravel/framework/src/Illuminate/Queue/CallQueuedHandler.php(124): Illuminate\\Bus\\Dispatcher->dispatchNow()\n#29 /var/www/nuttoz/vendor/laravel/framework/src/Illuminate/Pipeline/Pipeline.php(144): Illuminate\\Queue\\CallQueuedHandler->Illuminate\\Queue\\{closure}()\n#30 /var/www/nuttoz/vendor/laravel/framework/src/Illuminate/Pipeline/Pipeline.php(119): Illuminate\\Pipeline\\Pipeline->Illuminate\\Pipeline\\{closure}()\n#31 /var/www/nuttoz/vendor/laravel/framework/src/Illuminate/Queue/CallQueuedHandler.php(123): Illuminate\\Pipeline\\Pipeline->then()\n#32 /var/www/nuttoz/vendor/laravel/framework/src/Illuminate/Queue/CallQueuedHandler.php(71): Illuminate\\Queue\\CallQueuedHandler->dispatchThroughMiddleware()\n#33 /var/www/nuttoz/vendor/laravel/framework/src/Illuminate/Queue/Jobs/Job.php(102): Illuminate\\Queue\\CallQueuedHandler->call()\n#34 /var/www/nuttoz/vendor/laravel/framework/src/Illuminate/Queue/Worker.php(440): Illuminate\\Queue\\Jobs\\Job->fire()\n#35 /var/www/nuttoz/vendor/laravel/framework/src/Illuminate/Queue/Worker.php(390): Illuminate\\Queue\\Worker->process()\n#36 /var/www/nuttoz/vendor/laravel/framework/src/Illuminate/Queue/Worker.php(177): Illuminate\\Queue\\Worker->runJob()\n#37 /var/www/nuttoz/vendor/laravel/framework/src/Illuminate/Queue/Console/WorkCommand.php(139): Illuminate\\Queue\\Worker->daemon()\n#38 /var/www/nuttoz/vendor/laravel/framework/src/Illuminate/Queue/Console/WorkCommand.php(122): Illuminate\\Queue\\Console\\WorkCommand->runWorker()\n#39 /var/www/nuttoz/vendor/laravel/framework/src/Illuminate/Container/BoundMethod.php(36): Illuminate\\Queue\\Console\\WorkCommand->handle()\n#40 /var/www/nuttoz/vendor/laravel/framework/src/Illuminate/Container/Util.php(43): Illuminate\\Container\\BoundMethod::Illuminate\\Container\\{closure}()\n#41 /var/www/nuttoz/vendor/laravel/framework/src/Illuminate/Container/BoundMethod.php(95): Illuminate\\Container\\Util::unwrapIfClosure()\n#42 /var/www/nuttoz/vendor/laravel/framework/src/Illuminate/Container/BoundMethod.php(35): Illuminate\\Container\\BoundMethod::callBoundMethod()\n#43 /var/www/nuttoz/vendor/laravel/framework/src/Illuminate/Container/Container.php(690): Illuminate\\Container\\BoundMethod::call()\n#44 /var/www/nuttoz/vendor/laravel/framework/src/Illuminate/Console/Command.php(213): Illuminate\\Container\\Container->call()\n#45 /var/www/nuttoz/vendor/symfony/console/Command/Command.php(279): Illuminate\\Console\\Command->execute()\n#46 /var/www/nuttoz/vendor/laravel/framework/src/Illuminate/Console/Command.php(182): Symfony\\Component\\Console\\Command\\Command->run()\n#47 /var/www/nuttoz/vendor/symfony/console/Application.php(1047): Illuminate\\Console\\Command->run()\n#48 /var/www/nuttoz/vendor/symfony/console/Application.php(316): Symfony\\Component\\Console\\Application->doRunCommand()\n#49 /var/www/nuttoz/vendor/symfony/console/Application.php(167): Symfony\\Component\\Console\\Application->doRun()\n#50 /var/www/nuttoz/vendor/laravel/framework/src/Illuminate/Foundation/Console/Kernel.php(197): Symfony\\Component\\Console\\Application->run()\n#51 /var/www/nuttoz/vendor/laravel/framework/src/Illuminate/Foundation/Application.php(1203): Illuminate\\Foundation\\Console\\Kernel->handle()\n#52 /var/www/nuttoz/artisan(13): Illuminate\\Foundation\\Application->handleCommand()\n#53 {main}\n\nNext Illuminate\\View\\ViewException: Route [home] not defined. (View: /var/www/nuttoz/resources/views/email/new_order.blade.php) in /var/www/nuttoz/vendor/laravel/framework/src/Illuminate/Routing/UrlGenerator.php:516\nStack trace:\n#0 /var/www/nuttoz/vendor/laravel/framework/src/Illuminate/View/Engines/PhpEngine.php(60): Illuminate\\View\\Engines\\CompilerEngine->handleViewException()\n#1 /var/www/nuttoz/vendor/laravel/framework/src/Illuminate/View/Engines/CompilerEngine.php(74): Illuminate\\View\\Engines\\PhpEngine->evaluatePath()\n#2 /var/www/nuttoz/vendor/laravel/framework/src/Illuminate/View/View.php(208): Illuminate\\View\\Engines\\CompilerEngine->get()\n#3 /var/www/nuttoz/vendor/laravel/framework/src/Illuminate/View/View.php(191): Illuminate\\View\\View->getContents()\n#4 /var/www/nuttoz/vendor/laravel/framework/src/Illuminate/View/View.php(160): Illuminate\\View\\View->renderContents()\n#5 /var/www/nuttoz/vendor/laravel/framework/src/Illuminate/Mail/Mailer.php(445): Illuminate\\View\\View->render()\n#6 /var/www/nuttoz/vendor/laravel/framework/src/Illuminate/Mail/Mailer.php(420): Illuminate\\Mail\\Mailer->renderView()\n#7 /var/www/nuttoz/vendor/laravel/framework/src/Illuminate/Mail/Mailer.php(313): Illuminate\\Mail\\Mailer->addContent()\n#8 /var/www/nuttoz/vendor/laravel/framework/src/Illuminate/Mail/Mailable.php(205): Illuminate\\Mail\\Mailer->send()\n#9 /var/www/nuttoz/vendor/laravel/framework/src/Illuminate/Support/Traits/Localizable.php(19): Illuminate\\Mail\\Mailable->Illuminate\\Mail\\{closure}()\n#10 /var/www/nuttoz/vendor/laravel/framework/src/Illuminate/Mail/Mailable.php(198): Illuminate\\Mail\\Mailable->withLocale()\n#11 /var/www/nuttoz/vendor/laravel/framework/src/Illuminate/Mail/Mailer.php(354): Illuminate\\Mail\\Mailable->send()\n#12 /var/www/nuttoz/vendor/laravel/framework/src/Illuminate/Mail/Mailer.php(301): Illuminate\\Mail\\Mailer->sendMailable()\n#13 /var/www/nuttoz/vendor/laravel/framework/src/Illuminate/Mail/PendingMail.php(124): Illuminate\\Mail\\Mailer->send()\n#14 /var/www/nuttoz/app/Jobs/SendOrderInvoiceJob.php(68): Illuminate\\Mail\\PendingMail->send()\n#15 /var/www/nuttoz/vendor/laravel/framework/src/Illuminate/Container/BoundMethod.php(36): App\\Jobs\\SendOrderInvoiceJob->handle()\n#16 /var/www/nuttoz/vendor/laravel/framework/src/Illuminate/Container/Util.php(43): Illuminate\\Container\\BoundMethod::Illuminate\\Container\\{closure}()\n#17 /var/www/nuttoz/vendor/laravel/framework/src/Illuminate/Container/BoundMethod.php(95): Illuminate\\Container\\Util::unwrapIfClosure()\n#18 /var/www/nuttoz/vendor/laravel/framework/src/Illuminate/Container/BoundMethod.php(35): Illuminate\\Container\\BoundMethod::callBoundMethod()\n#19 /var/www/nuttoz/vendor/laravel/framework/src/Illuminate/Container/Container.php(690): Illuminate\\Container\\BoundMethod::call()\n#20 /var/www/nuttoz/vendor/laravel/framework/src/Illuminate/Bus/Dispatcher.php(128): Illuminate\\Container\\Container->call()\n#21 /var/www/nuttoz/vendor/laravel/framework/src/Illuminate/Pipeline/Pipeline.php(144): Illuminate\\Bus\\Dispatcher->Illuminate\\Bus\\{closure}()\n#22 /var/www/nuttoz/vendor/laravel/framework/src/Illuminate/Pipeline/Pipeline.php(119): Illuminate\\Pipeline\\Pipeline->Illuminate\\Pipeline\\{closure}()\n#23 /var/www/nuttoz/vendor/laravel/framework/src/Illuminate/Bus/Dispatcher.php(132): Illuminate\\Pipeline\\Pipeline->then()\n#24 /var/www/nuttoz/vendor/laravel/framework/src/Illuminate/Queue/CallQueuedHandler.php(124): Illuminate\\Bus\\Dispatcher->dispatchNow()\n#25 /var/www/nuttoz/vendor/laravel/framework/src/Illuminate/Pipeline/Pipeline.php(144): Illuminate\\Queue\\CallQueuedHandler->Illuminate\\Queue\\{closure}()\n#26 /var/www/nuttoz/vendor/laravel/framework/src/Illuminate/Pipeline/Pipeline.php(119): Illuminate\\Pipeline\\Pipeline->Illuminate\\Pipeline\\{closure}()\n#27 /var/www/nuttoz/vendor/laravel/framework/src/Illuminate/Queue/CallQueuedHandler.php(123): Illuminate\\Pipeline\\Pipeline->then()\n#28 /var/www/nuttoz/vendor/laravel/framework/src/Illuminate/Queue/CallQueuedHandler.php(71): Illuminate\\Queue\\CallQueuedHandler->dispatchThroughMiddleware()\n#29 /var/www/nuttoz/vendor/laravel/framework/src/Illuminate/Queue/Jobs/Job.php(102): Illuminate\\Queue\\CallQueuedHandler->call()\n#30 /var/www/nuttoz/vendor/laravel/framework/src/Illuminate/Queue/Worker.php(440): Illuminate\\Queue\\Jobs\\Job->fire()\n#31 /var/www/nuttoz/vendor/laravel/framework/src/Illuminate/Queue/Worker.php(390): Illuminate\\Queue\\Worker->process()\n#32 /var/www/nuttoz/vendor/laravel/framework/src/Illuminate/Queue/Worker.php(177): Illuminate\\Queue\\Worker->runJob()\n#33 /var/www/nuttoz/vendor/laravel/framework/src/Illuminate/Queue/Console/WorkCommand.php(139): Illuminate\\Queue\\Worker->daemon()\n#34 /var/www/nuttoz/vendor/laravel/framework/src/Illuminate/Queue/Console/WorkCommand.php(122): Illuminate\\Queue\\Console\\WorkCommand->runWorker()\n#35 /var/www/nuttoz/vendor/laravel/framework/src/Illuminate/Container/BoundMethod.php(36): Illuminate\\Queue\\Console\\WorkCommand->handle()\n#36 /var/www/nuttoz/vendor/laravel/framework/src/Illuminate/Container/Util.php(43): Illuminate\\Container\\BoundMethod::Illuminate\\Container\\{closure}()\n#37 /var/www/nuttoz/vendor/laravel/framework/src/Illuminate/Container/BoundMethod.php(95): Illuminate\\Container\\Util::unwrapIfClosure()\n#38 /var/www/nuttoz/vendor/laravel/framework/src/Illuminate/Container/BoundMethod.php(35): Illuminate\\Container\\BoundMethod::callBoundMethod()\n#39 /var/www/nuttoz/vendor/laravel/framework/src/Illuminate/Container/Container.php(690): Illuminate\\Container\\BoundMethod::call()\n#40 /var/www/nuttoz/vendor/laravel/framework/src/Illuminate/Console/Command.php(213): Illuminate\\Container\\Container->call()\n#41 /var/www/nuttoz/vendor/symfony/console/Command/Command.php(279): Illuminate\\Console\\Command->execute()\n#42 /var/www/nuttoz/vendor/laravel/framework/src/Illuminate/Console/Command.php(182): Symfony\\Component\\Console\\Command\\Command->run()\n#43 /var/www/nuttoz/vendor/symfony/console/Application.php(1047): Illuminate\\Console\\Command->run()\n#44 /var/www/nuttoz/vendor/symfony/console/Application.php(316): Symfony\\Component\\Console\\Application->doRunCommand()\n#45 /var/www/nuttoz/vendor/symfony/console/Application.php(167): Symfony\\Component\\Console\\Application->doRun()\n#46 /var/www/nuttoz/vendor/laravel/framework/src/Illuminate/Foundation/Console/Kernel.php(197): Symfony\\Component\\Console\\Application->run()\n#47 /var/www/nuttoz/vendor/laravel/framework/src/Illuminate/Foundation/Application.php(1203): Illuminate\\Foundation\\Console\\Kernel->handle()\n#48 /var/www/nuttoz/artisan(13): Illuminate\\Foundation\\Application->handleCommand()\n#49 {main}','2024-10-11 05:00:09'),(5,'7d26478f-5f80-4f2f-8643-22376b23d664','database','default','{\"uuid\":\"7d26478f-5f80-4f2f-8643-22376b23d664\",\"displayName\":\"App\\\\Jobs\\\\SendOrderInvoiceJob\",\"job\":\"Illuminate\\\\Queue\\\\CallQueuedHandler@call\",\"maxTries\":null,\"maxExceptions\":null,\"failOnTimeout\":false,\"backoff\":null,\"timeout\":null,\"retryUntil\":null,\"data\":{\"commandName\":\"App\\\\Jobs\\\\SendOrderInvoiceJob\",\"command\":\"O:28:\\\"App\\\\Jobs\\\\SendOrderInvoiceJob\\\":2:{s:10:\\\"\\u0000*\\u0000orderId\\\";i:5;s:11:\\\"\\u0000*\\u0000rootPath\\\";s:43:\\\"\\/var\\/www\\/nuttoz\\/storage\\/app\\/public\\/invoices\\\";}\"}}','Error: Class \"App\\Jobs\\OrderInvoiceAdmin\" not found in /var/www/nuttoz/app/Jobs/SendOrderInvoiceJob.php:75\nStack trace:\n#0 /var/www/nuttoz/vendor/laravel/framework/src/Illuminate/Container/BoundMethod.php(36): App\\Jobs\\SendOrderInvoiceJob->handle()\n#1 /var/www/nuttoz/vendor/laravel/framework/src/Illuminate/Container/Util.php(43): Illuminate\\Container\\BoundMethod::Illuminate\\Container\\{closure}()\n#2 /var/www/nuttoz/vendor/laravel/framework/src/Illuminate/Container/BoundMethod.php(95): Illuminate\\Container\\Util::unwrapIfClosure()\n#3 /var/www/nuttoz/vendor/laravel/framework/src/Illuminate/Container/BoundMethod.php(35): Illuminate\\Container\\BoundMethod::callBoundMethod()\n#4 /var/www/nuttoz/vendor/laravel/framework/src/Illuminate/Container/Container.php(690): Illuminate\\Container\\BoundMethod::call()\n#5 /var/www/nuttoz/vendor/laravel/framework/src/Illuminate/Bus/Dispatcher.php(128): Illuminate\\Container\\Container->call()\n#6 /var/www/nuttoz/vendor/laravel/framework/src/Illuminate/Pipeline/Pipeline.php(144): Illuminate\\Bus\\Dispatcher->Illuminate\\Bus\\{closure}()\n#7 /var/www/nuttoz/vendor/laravel/framework/src/Illuminate/Pipeline/Pipeline.php(119): Illuminate\\Pipeline\\Pipeline->Illuminate\\Pipeline\\{closure}()\n#8 /var/www/nuttoz/vendor/laravel/framework/src/Illuminate/Bus/Dispatcher.php(132): Illuminate\\Pipeline\\Pipeline->then()\n#9 /var/www/nuttoz/vendor/laravel/framework/src/Illuminate/Queue/CallQueuedHandler.php(124): Illuminate\\Bus\\Dispatcher->dispatchNow()\n#10 /var/www/nuttoz/vendor/laravel/framework/src/Illuminate/Pipeline/Pipeline.php(144): Illuminate\\Queue\\CallQueuedHandler->Illuminate\\Queue\\{closure}()\n#11 /var/www/nuttoz/vendor/laravel/framework/src/Illuminate/Pipeline/Pipeline.php(119): Illuminate\\Pipeline\\Pipeline->Illuminate\\Pipeline\\{closure}()\n#12 /var/www/nuttoz/vendor/laravel/framework/src/Illuminate/Queue/CallQueuedHandler.php(123): Illuminate\\Pipeline\\Pipeline->then()\n#13 /var/www/nuttoz/vendor/laravel/framework/src/Illuminate/Queue/CallQueuedHandler.php(71): Illuminate\\Queue\\CallQueuedHandler->dispatchThroughMiddleware()\n#14 /var/www/nuttoz/vendor/laravel/framework/src/Illuminate/Queue/Jobs/Job.php(102): Illuminate\\Queue\\CallQueuedHandler->call()\n#15 /var/www/nuttoz/vendor/laravel/framework/src/Illuminate/Queue/Worker.php(440): Illuminate\\Queue\\Jobs\\Job->fire()\n#16 /var/www/nuttoz/vendor/laravel/framework/src/Illuminate/Queue/Worker.php(390): Illuminate\\Queue\\Worker->process()\n#17 /var/www/nuttoz/vendor/laravel/framework/src/Illuminate/Queue/Worker.php(177): Illuminate\\Queue\\Worker->runJob()\n#18 /var/www/nuttoz/vendor/laravel/framework/src/Illuminate/Queue/Console/WorkCommand.php(139): Illuminate\\Queue\\Worker->daemon()\n#19 /var/www/nuttoz/vendor/laravel/framework/src/Illuminate/Queue/Console/WorkCommand.php(122): Illuminate\\Queue\\Console\\WorkCommand->runWorker()\n#20 /var/www/nuttoz/vendor/laravel/framework/src/Illuminate/Container/BoundMethod.php(36): Illuminate\\Queue\\Console\\WorkCommand->handle()\n#21 /var/www/nuttoz/vendor/laravel/framework/src/Illuminate/Container/Util.php(43): Illuminate\\Container\\BoundMethod::Illuminate\\Container\\{closure}()\n#22 /var/www/nuttoz/vendor/laravel/framework/src/Illuminate/Container/BoundMethod.php(95): Illuminate\\Container\\Util::unwrapIfClosure()\n#23 /var/www/nuttoz/vendor/laravel/framework/src/Illuminate/Container/BoundMethod.php(35): Illuminate\\Container\\BoundMethod::callBoundMethod()\n#24 /var/www/nuttoz/vendor/laravel/framework/src/Illuminate/Container/Container.php(690): Illuminate\\Container\\BoundMethod::call()\n#25 /var/www/nuttoz/vendor/laravel/framework/src/Illuminate/Console/Command.php(213): Illuminate\\Container\\Container->call()\n#26 /var/www/nuttoz/vendor/symfony/console/Command/Command.php(279): Illuminate\\Console\\Command->execute()\n#27 /var/www/nuttoz/vendor/laravel/framework/src/Illuminate/Console/Command.php(182): Symfony\\Component\\Console\\Command\\Command->run()\n#28 /var/www/nuttoz/vendor/symfony/console/Application.php(1047): Illuminate\\Console\\Command->run()\n#29 /var/www/nuttoz/vendor/symfony/console/Application.php(316): Symfony\\Component\\Console\\Application->doRunCommand()\n#30 /var/www/nuttoz/vendor/symfony/console/Application.php(167): Symfony\\Component\\Console\\Application->doRun()\n#31 /var/www/nuttoz/vendor/laravel/framework/src/Illuminate/Foundation/Console/Kernel.php(197): Symfony\\Component\\Console\\Application->run()\n#32 /var/www/nuttoz/vendor/laravel/framework/src/Illuminate/Foundation/Application.php(1203): Illuminate\\Foundation\\Console\\Kernel->handle()\n#33 /var/www/nuttoz/artisan(13): Illuminate\\Foundation\\Application->handleCommand()\n#34 {main}','2024-10-15 07:14:20'),(6,'edcf7045-4029-4a93-8fba-9a2d00380cbd','database','default','{\"uuid\":\"edcf7045-4029-4a93-8fba-9a2d00380cbd\",\"displayName\":\"App\\\\Jobs\\\\SendOrderInvoiceJob\",\"job\":\"Illuminate\\\\Queue\\\\CallQueuedHandler@call\",\"maxTries\":null,\"maxExceptions\":null,\"failOnTimeout\":false,\"backoff\":null,\"timeout\":null,\"retryUntil\":null,\"data\":{\"commandName\":\"App\\\\Jobs\\\\SendOrderInvoiceJob\",\"command\":\"O:28:\\\"App\\\\Jobs\\\\SendOrderInvoiceJob\\\":2:{s:10:\\\"\\u0000*\\u0000orderId\\\";i:6;s:11:\\\"\\u0000*\\u0000rootPath\\\";s:43:\\\"\\/var\\/www\\/nuttoz\\/storage\\/app\\/public\\/invoices\\\";}\"}}','Error: Class \"App\\Jobs\\OrderInvoiceAdmin\" not found in /var/www/nuttoz/app/Jobs/SendOrderInvoiceJob.php:75\nStack trace:\n#0 /var/www/nuttoz/vendor/laravel/framework/src/Illuminate/Container/BoundMethod.php(36): App\\Jobs\\SendOrderInvoiceJob->handle()\n#1 /var/www/nuttoz/vendor/laravel/framework/src/Illuminate/Container/Util.php(43): Illuminate\\Container\\BoundMethod::Illuminate\\Container\\{closure}()\n#2 /var/www/nuttoz/vendor/laravel/framework/src/Illuminate/Container/BoundMethod.php(95): Illuminate\\Container\\Util::unwrapIfClosure()\n#3 /var/www/nuttoz/vendor/laravel/framework/src/Illuminate/Container/BoundMethod.php(35): Illuminate\\Container\\BoundMethod::callBoundMethod()\n#4 /var/www/nuttoz/vendor/laravel/framework/src/Illuminate/Container/Container.php(690): Illuminate\\Container\\BoundMethod::call()\n#5 /var/www/nuttoz/vendor/laravel/framework/src/Illuminate/Bus/Dispatcher.php(128): Illuminate\\Container\\Container->call()\n#6 /var/www/nuttoz/vendor/laravel/framework/src/Illuminate/Pipeline/Pipeline.php(144): Illuminate\\Bus\\Dispatcher->Illuminate\\Bus\\{closure}()\n#7 /var/www/nuttoz/vendor/laravel/framework/src/Illuminate/Pipeline/Pipeline.php(119): Illuminate\\Pipeline\\Pipeline->Illuminate\\Pipeline\\{closure}()\n#8 /var/www/nuttoz/vendor/laravel/framework/src/Illuminate/Bus/Dispatcher.php(132): Illuminate\\Pipeline\\Pipeline->then()\n#9 /var/www/nuttoz/vendor/laravel/framework/src/Illuminate/Queue/CallQueuedHandler.php(124): Illuminate\\Bus\\Dispatcher->dispatchNow()\n#10 /var/www/nuttoz/vendor/laravel/framework/src/Illuminate/Pipeline/Pipeline.php(144): Illuminate\\Queue\\CallQueuedHandler->Illuminate\\Queue\\{closure}()\n#11 /var/www/nuttoz/vendor/laravel/framework/src/Illuminate/Pipeline/Pipeline.php(119): Illuminate\\Pipeline\\Pipeline->Illuminate\\Pipeline\\{closure}()\n#12 /var/www/nuttoz/vendor/laravel/framework/src/Illuminate/Queue/CallQueuedHandler.php(123): Illuminate\\Pipeline\\Pipeline->then()\n#13 /var/www/nuttoz/vendor/laravel/framework/src/Illuminate/Queue/CallQueuedHandler.php(71): Illuminate\\Queue\\CallQueuedHandler->dispatchThroughMiddleware()\n#14 /var/www/nuttoz/vendor/laravel/framework/src/Illuminate/Queue/Jobs/Job.php(102): Illuminate\\Queue\\CallQueuedHandler->call()\n#15 /var/www/nuttoz/vendor/laravel/framework/src/Illuminate/Queue/Worker.php(440): Illuminate\\Queue\\Jobs\\Job->fire()\n#16 /var/www/nuttoz/vendor/laravel/framework/src/Illuminate/Queue/Worker.php(390): Illuminate\\Queue\\Worker->process()\n#17 /var/www/nuttoz/vendor/laravel/framework/src/Illuminate/Queue/Worker.php(177): Illuminate\\Queue\\Worker->runJob()\n#18 /var/www/nuttoz/vendor/laravel/framework/src/Illuminate/Queue/Console/WorkCommand.php(139): Illuminate\\Queue\\Worker->daemon()\n#19 /var/www/nuttoz/vendor/laravel/framework/src/Illuminate/Queue/Console/WorkCommand.php(122): Illuminate\\Queue\\Console\\WorkCommand->runWorker()\n#20 /var/www/nuttoz/vendor/laravel/framework/src/Illuminate/Container/BoundMethod.php(36): Illuminate\\Queue\\Console\\WorkCommand->handle()\n#21 /var/www/nuttoz/vendor/laravel/framework/src/Illuminate/Container/Util.php(43): Illuminate\\Container\\BoundMethod::Illuminate\\Container\\{closure}()\n#22 /var/www/nuttoz/vendor/laravel/framework/src/Illuminate/Container/BoundMethod.php(95): Illuminate\\Container\\Util::unwrapIfClosure()\n#23 /var/www/nuttoz/vendor/laravel/framework/src/Illuminate/Container/BoundMethod.php(35): Illuminate\\Container\\BoundMethod::callBoundMethod()\n#24 /var/www/nuttoz/vendor/laravel/framework/src/Illuminate/Container/Container.php(690): Illuminate\\Container\\BoundMethod::call()\n#25 /var/www/nuttoz/vendor/laravel/framework/src/Illuminate/Console/Command.php(213): Illuminate\\Container\\Container->call()\n#26 /var/www/nuttoz/vendor/symfony/console/Command/Command.php(279): Illuminate\\Console\\Command->execute()\n#27 /var/www/nuttoz/vendor/laravel/framework/src/Illuminate/Console/Command.php(182): Symfony\\Component\\Console\\Command\\Command->run()\n#28 /var/www/nuttoz/vendor/symfony/console/Application.php(1047): Illuminate\\Console\\Command->run()\n#29 /var/www/nuttoz/vendor/symfony/console/Application.php(316): Symfony\\Component\\Console\\Application->doRunCommand()\n#30 /var/www/nuttoz/vendor/symfony/console/Application.php(167): Symfony\\Component\\Console\\Application->doRun()\n#31 /var/www/nuttoz/vendor/laravel/framework/src/Illuminate/Foundation/Console/Kernel.php(197): Symfony\\Component\\Console\\Application->run()\n#32 /var/www/nuttoz/vendor/laravel/framework/src/Illuminate/Foundation/Application.php(1203): Illuminate\\Foundation\\Console\\Kernel->handle()\n#33 /var/www/nuttoz/artisan(13): Illuminate\\Foundation\\Application->handleCommand()\n#34 {main}','2024-10-15 12:05:09'),(7,'1f660836-82fc-49f3-bb82-866d99db4a8a','database','default','{\"uuid\":\"1f660836-82fc-49f3-bb82-866d99db4a8a\",\"displayName\":\"App\\\\Jobs\\\\SendOrderInvoiceJob\",\"job\":\"Illuminate\\\\Queue\\\\CallQueuedHandler@call\",\"maxTries\":null,\"maxExceptions\":null,\"failOnTimeout\":false,\"backoff\":null,\"timeout\":null,\"retryUntil\":null,\"data\":{\"commandName\":\"App\\\\Jobs\\\\SendOrderInvoiceJob\",\"command\":\"O:28:\\\"App\\\\Jobs\\\\SendOrderInvoiceJob\\\":2:{s:10:\\\"\\u0000*\\u0000orderId\\\";i:7;s:11:\\\"\\u0000*\\u0000rootPath\\\";s:43:\\\"\\/var\\/www\\/nuttoz\\/storage\\/app\\/public\\/invoices\\\";}\"}}','Error: Class \"App\\Jobs\\OrderInvoiceAdmin\" not found in /var/www/nuttoz/app/Jobs/SendOrderInvoiceJob.php:75\nStack trace:\n#0 /var/www/nuttoz/vendor/laravel/framework/src/Illuminate/Container/BoundMethod.php(36): App\\Jobs\\SendOrderInvoiceJob->handle()\n#1 /var/www/nuttoz/vendor/laravel/framework/src/Illuminate/Container/Util.php(43): Illuminate\\Container\\BoundMethod::Illuminate\\Container\\{closure}()\n#2 /var/www/nuttoz/vendor/laravel/framework/src/Illuminate/Container/BoundMethod.php(95): Illuminate\\Container\\Util::unwrapIfClosure()\n#3 /var/www/nuttoz/vendor/laravel/framework/src/Illuminate/Container/BoundMethod.php(35): Illuminate\\Container\\BoundMethod::callBoundMethod()\n#4 /var/www/nuttoz/vendor/laravel/framework/src/Illuminate/Container/Container.php(690): Illuminate\\Container\\BoundMethod::call()\n#5 /var/www/nuttoz/vendor/laravel/framework/src/Illuminate/Bus/Dispatcher.php(128): Illuminate\\Container\\Container->call()\n#6 /var/www/nuttoz/vendor/laravel/framework/src/Illuminate/Pipeline/Pipeline.php(144): Illuminate\\Bus\\Dispatcher->Illuminate\\Bus\\{closure}()\n#7 /var/www/nuttoz/vendor/laravel/framework/src/Illuminate/Pipeline/Pipeline.php(119): Illuminate\\Pipeline\\Pipeline->Illuminate\\Pipeline\\{closure}()\n#8 /var/www/nuttoz/vendor/laravel/framework/src/Illuminate/Bus/Dispatcher.php(132): Illuminate\\Pipeline\\Pipeline->then()\n#9 /var/www/nuttoz/vendor/laravel/framework/src/Illuminate/Queue/CallQueuedHandler.php(124): Illuminate\\Bus\\Dispatcher->dispatchNow()\n#10 /var/www/nuttoz/vendor/laravel/framework/src/Illuminate/Pipeline/Pipeline.php(144): Illuminate\\Queue\\CallQueuedHandler->Illuminate\\Queue\\{closure}()\n#11 /var/www/nuttoz/vendor/laravel/framework/src/Illuminate/Pipeline/Pipeline.php(119): Illuminate\\Pipeline\\Pipeline->Illuminate\\Pipeline\\{closure}()\n#12 /var/www/nuttoz/vendor/laravel/framework/src/Illuminate/Queue/CallQueuedHandler.php(123): Illuminate\\Pipeline\\Pipeline->then()\n#13 /var/www/nuttoz/vendor/laravel/framework/src/Illuminate/Queue/CallQueuedHandler.php(71): Illuminate\\Queue\\CallQueuedHandler->dispatchThroughMiddleware()\n#14 /var/www/nuttoz/vendor/laravel/framework/src/Illuminate/Queue/Jobs/Job.php(102): Illuminate\\Queue\\CallQueuedHandler->call()\n#15 /var/www/nuttoz/vendor/laravel/framework/src/Illuminate/Queue/Worker.php(440): Illuminate\\Queue\\Jobs\\Job->fire()\n#16 /var/www/nuttoz/vendor/laravel/framework/src/Illuminate/Queue/Worker.php(390): Illuminate\\Queue\\Worker->process()\n#17 /var/www/nuttoz/vendor/laravel/framework/src/Illuminate/Queue/Worker.php(177): Illuminate\\Queue\\Worker->runJob()\n#18 /var/www/nuttoz/vendor/laravel/framework/src/Illuminate/Queue/Console/WorkCommand.php(139): Illuminate\\Queue\\Worker->daemon()\n#19 /var/www/nuttoz/vendor/laravel/framework/src/Illuminate/Queue/Console/WorkCommand.php(122): Illuminate\\Queue\\Console\\WorkCommand->runWorker()\n#20 /var/www/nuttoz/vendor/laravel/framework/src/Illuminate/Container/BoundMethod.php(36): Illuminate\\Queue\\Console\\WorkCommand->handle()\n#21 /var/www/nuttoz/vendor/laravel/framework/src/Illuminate/Container/Util.php(43): Illuminate\\Container\\BoundMethod::Illuminate\\Container\\{closure}()\n#22 /var/www/nuttoz/vendor/laravel/framework/src/Illuminate/Container/BoundMethod.php(95): Illuminate\\Container\\Util::unwrapIfClosure()\n#23 /var/www/nuttoz/vendor/laravel/framework/src/Illuminate/Container/BoundMethod.php(35): Illuminate\\Container\\BoundMethod::callBoundMethod()\n#24 /var/www/nuttoz/vendor/laravel/framework/src/Illuminate/Container/Container.php(690): Illuminate\\Container\\BoundMethod::call()\n#25 /var/www/nuttoz/vendor/laravel/framework/src/Illuminate/Console/Command.php(213): Illuminate\\Container\\Container->call()\n#26 /var/www/nuttoz/vendor/symfony/console/Command/Command.php(279): Illuminate\\Console\\Command->execute()\n#27 /var/www/nuttoz/vendor/laravel/framework/src/Illuminate/Console/Command.php(182): Symfony\\Component\\Console\\Command\\Command->run()\n#28 /var/www/nuttoz/vendor/symfony/console/Application.php(1047): Illuminate\\Console\\Command->run()\n#29 /var/www/nuttoz/vendor/symfony/console/Application.php(316): Symfony\\Component\\Console\\Application->doRunCommand()\n#30 /var/www/nuttoz/vendor/symfony/console/Application.php(167): Symfony\\Component\\Console\\Application->doRun()\n#31 /var/www/nuttoz/vendor/laravel/framework/src/Illuminate/Foundation/Console/Kernel.php(197): Symfony\\Component\\Console\\Application->run()\n#32 /var/www/nuttoz/vendor/laravel/framework/src/Illuminate/Foundation/Application.php(1203): Illuminate\\Foundation\\Console\\Kernel->handle()\n#33 /var/www/nuttoz/artisan(13): Illuminate\\Foundation\\Application->handleCommand()\n#34 {main}','2024-10-15 12:31:07'),(8,'dc9567cf-4ad0-4dcf-be61-bc6081208727','database','default','{\"uuid\":\"dc9567cf-4ad0-4dcf-be61-bc6081208727\",\"displayName\":\"App\\\\Jobs\\\\SendOrderInvoiceJob\",\"job\":\"Illuminate\\\\Queue\\\\CallQueuedHandler@call\",\"maxTries\":null,\"maxExceptions\":null,\"failOnTimeout\":false,\"backoff\":null,\"timeout\":null,\"retryUntil\":null,\"data\":{\"commandName\":\"App\\\\Jobs\\\\SendOrderInvoiceJob\",\"command\":\"O:28:\\\"App\\\\Jobs\\\\SendOrderInvoiceJob\\\":2:{s:10:\\\"\\u0000*\\u0000orderId\\\";i:8;s:11:\\\"\\u0000*\\u0000rootPath\\\";s:43:\\\"\\/var\\/www\\/nuttoz\\/storage\\/app\\/public\\/invoices\\\";}\"}}','Error: Class \"App\\Jobs\\OrderInvoiceAdmin\" not found in /var/www/nuttoz/app/Jobs/SendOrderInvoiceJob.php:75\nStack trace:\n#0 /var/www/nuttoz/vendor/laravel/framework/src/Illuminate/Container/BoundMethod.php(36): App\\Jobs\\SendOrderInvoiceJob->handle()\n#1 /var/www/nuttoz/vendor/laravel/framework/src/Illuminate/Container/Util.php(43): Illuminate\\Container\\BoundMethod::Illuminate\\Container\\{closure}()\n#2 /var/www/nuttoz/vendor/laravel/framework/src/Illuminate/Container/BoundMethod.php(95): Illuminate\\Container\\Util::unwrapIfClosure()\n#3 /var/www/nuttoz/vendor/laravel/framework/src/Illuminate/Container/BoundMethod.php(35): Illuminate\\Container\\BoundMethod::callBoundMethod()\n#4 /var/www/nuttoz/vendor/laravel/framework/src/Illuminate/Container/Container.php(690): Illuminate\\Container\\BoundMethod::call()\n#5 /var/www/nuttoz/vendor/laravel/framework/src/Illuminate/Bus/Dispatcher.php(128): Illuminate\\Container\\Container->call()\n#6 /var/www/nuttoz/vendor/laravel/framework/src/Illuminate/Pipeline/Pipeline.php(144): Illuminate\\Bus\\Dispatcher->Illuminate\\Bus\\{closure}()\n#7 /var/www/nuttoz/vendor/laravel/framework/src/Illuminate/Pipeline/Pipeline.php(119): Illuminate\\Pipeline\\Pipeline->Illuminate\\Pipeline\\{closure}()\n#8 /var/www/nuttoz/vendor/laravel/framework/src/Illuminate/Bus/Dispatcher.php(132): Illuminate\\Pipeline\\Pipeline->then()\n#9 /var/www/nuttoz/vendor/laravel/framework/src/Illuminate/Queue/CallQueuedHandler.php(124): Illuminate\\Bus\\Dispatcher->dispatchNow()\n#10 /var/www/nuttoz/vendor/laravel/framework/src/Illuminate/Pipeline/Pipeline.php(144): Illuminate\\Queue\\CallQueuedHandler->Illuminate\\Queue\\{closure}()\n#11 /var/www/nuttoz/vendor/laravel/framework/src/Illuminate/Pipeline/Pipeline.php(119): Illuminate\\Pipeline\\Pipeline->Illuminate\\Pipeline\\{closure}()\n#12 /var/www/nuttoz/vendor/laravel/framework/src/Illuminate/Queue/CallQueuedHandler.php(123): Illuminate\\Pipeline\\Pipeline->then()\n#13 /var/www/nuttoz/vendor/laravel/framework/src/Illuminate/Queue/CallQueuedHandler.php(71): Illuminate\\Queue\\CallQueuedHandler->dispatchThroughMiddleware()\n#14 /var/www/nuttoz/vendor/laravel/framework/src/Illuminate/Queue/Jobs/Job.php(102): Illuminate\\Queue\\CallQueuedHandler->call()\n#15 /var/www/nuttoz/vendor/laravel/framework/src/Illuminate/Queue/Worker.php(440): Illuminate\\Queue\\Jobs\\Job->fire()\n#16 /var/www/nuttoz/vendor/laravel/framework/src/Illuminate/Queue/Worker.php(390): Illuminate\\Queue\\Worker->process()\n#17 /var/www/nuttoz/vendor/laravel/framework/src/Illuminate/Queue/Worker.php(177): Illuminate\\Queue\\Worker->runJob()\n#18 /var/www/nuttoz/vendor/laravel/framework/src/Illuminate/Queue/Console/WorkCommand.php(139): Illuminate\\Queue\\Worker->daemon()\n#19 /var/www/nuttoz/vendor/laravel/framework/src/Illuminate/Queue/Console/WorkCommand.php(122): Illuminate\\Queue\\Console\\WorkCommand->runWorker()\n#20 /var/www/nuttoz/vendor/laravel/framework/src/Illuminate/Container/BoundMethod.php(36): Illuminate\\Queue\\Console\\WorkCommand->handle()\n#21 /var/www/nuttoz/vendor/laravel/framework/src/Illuminate/Container/Util.php(43): Illuminate\\Container\\BoundMethod::Illuminate\\Container\\{closure}()\n#22 /var/www/nuttoz/vendor/laravel/framework/src/Illuminate/Container/BoundMethod.php(95): Illuminate\\Container\\Util::unwrapIfClosure()\n#23 /var/www/nuttoz/vendor/laravel/framework/src/Illuminate/Container/BoundMethod.php(35): Illuminate\\Container\\BoundMethod::callBoundMethod()\n#24 /var/www/nuttoz/vendor/laravel/framework/src/Illuminate/Container/Container.php(690): Illuminate\\Container\\BoundMethod::call()\n#25 /var/www/nuttoz/vendor/laravel/framework/src/Illuminate/Console/Command.php(213): Illuminate\\Container\\Container->call()\n#26 /var/www/nuttoz/vendor/symfony/console/Command/Command.php(279): Illuminate\\Console\\Command->execute()\n#27 /var/www/nuttoz/vendor/laravel/framework/src/Illuminate/Console/Command.php(182): Symfony\\Component\\Console\\Command\\Command->run()\n#28 /var/www/nuttoz/vendor/symfony/console/Application.php(1047): Illuminate\\Console\\Command->run()\n#29 /var/www/nuttoz/vendor/symfony/console/Application.php(316): Symfony\\Component\\Console\\Application->doRunCommand()\n#30 /var/www/nuttoz/vendor/symfony/console/Application.php(167): Symfony\\Component\\Console\\Application->doRun()\n#31 /var/www/nuttoz/vendor/laravel/framework/src/Illuminate/Foundation/Console/Kernel.php(197): Symfony\\Component\\Console\\Application->run()\n#32 /var/www/nuttoz/vendor/laravel/framework/src/Illuminate/Foundation/Application.php(1203): Illuminate\\Foundation\\Console\\Kernel->handle()\n#33 /var/www/nuttoz/artisan(13): Illuminate\\Foundation\\Application->handleCommand()\n#34 {main}','2024-10-16 05:25:38'),(9,'5298cda1-0a43-4b1c-9058-a410afbc5f84','database','default','{\"uuid\":\"5298cda1-0a43-4b1c-9058-a410afbc5f84\",\"displayName\":\"App\\\\Jobs\\\\SendOrderInvoiceJob\",\"job\":\"Illuminate\\\\Queue\\\\CallQueuedHandler@call\",\"maxTries\":null,\"maxExceptions\":null,\"failOnTimeout\":false,\"backoff\":null,\"timeout\":null,\"retryUntil\":null,\"data\":{\"commandName\":\"App\\\\Jobs\\\\SendOrderInvoiceJob\",\"command\":\"O:28:\\\"App\\\\Jobs\\\\SendOrderInvoiceJob\\\":2:{s:10:\\\"\\u0000*\\u0000orderId\\\";i:9;s:11:\\\"\\u0000*\\u0000rootPath\\\";s:43:\\\"\\/var\\/www\\/nuttoz\\/storage\\/app\\/public\\/invoices\\\";}\"}}','Error: Class \"App\\Jobs\\OrderInvoiceAdmin\" not found in /var/www/nuttoz/app/Jobs/SendOrderInvoiceJob.php:75\nStack trace:\n#0 /var/www/nuttoz/vendor/laravel/framework/src/Illuminate/Container/BoundMethod.php(36): App\\Jobs\\SendOrderInvoiceJob->handle()\n#1 /var/www/nuttoz/vendor/laravel/framework/src/Illuminate/Container/Util.php(43): Illuminate\\Container\\BoundMethod::Illuminate\\Container\\{closure}()\n#2 /var/www/nuttoz/vendor/laravel/framework/src/Illuminate/Container/BoundMethod.php(95): Illuminate\\Container\\Util::unwrapIfClosure()\n#3 /var/www/nuttoz/vendor/laravel/framework/src/Illuminate/Container/BoundMethod.php(35): Illuminate\\Container\\BoundMethod::callBoundMethod()\n#4 /var/www/nuttoz/vendor/laravel/framework/src/Illuminate/Container/Container.php(690): Illuminate\\Container\\BoundMethod::call()\n#5 /var/www/nuttoz/vendor/laravel/framework/src/Illuminate/Bus/Dispatcher.php(128): Illuminate\\Container\\Container->call()\n#6 /var/www/nuttoz/vendor/laravel/framework/src/Illuminate/Pipeline/Pipeline.php(144): Illuminate\\Bus\\Dispatcher->Illuminate\\Bus\\{closure}()\n#7 /var/www/nuttoz/vendor/laravel/framework/src/Illuminate/Pipeline/Pipeline.php(119): Illuminate\\Pipeline\\Pipeline->Illuminate\\Pipeline\\{closure}()\n#8 /var/www/nuttoz/vendor/laravel/framework/src/Illuminate/Bus/Dispatcher.php(132): Illuminate\\Pipeline\\Pipeline->then()\n#9 /var/www/nuttoz/vendor/laravel/framework/src/Illuminate/Queue/CallQueuedHandler.php(124): Illuminate\\Bus\\Dispatcher->dispatchNow()\n#10 /var/www/nuttoz/vendor/laravel/framework/src/Illuminate/Pipeline/Pipeline.php(144): Illuminate\\Queue\\CallQueuedHandler->Illuminate\\Queue\\{closure}()\n#11 /var/www/nuttoz/vendor/laravel/framework/src/Illuminate/Pipeline/Pipeline.php(119): Illuminate\\Pipeline\\Pipeline->Illuminate\\Pipeline\\{closure}()\n#12 /var/www/nuttoz/vendor/laravel/framework/src/Illuminate/Queue/CallQueuedHandler.php(123): Illuminate\\Pipeline\\Pipeline->then()\n#13 /var/www/nuttoz/vendor/laravel/framework/src/Illuminate/Queue/CallQueuedHandler.php(71): Illuminate\\Queue\\CallQueuedHandler->dispatchThroughMiddleware()\n#14 /var/www/nuttoz/vendor/laravel/framework/src/Illuminate/Queue/Jobs/Job.php(102): Illuminate\\Queue\\CallQueuedHandler->call()\n#15 /var/www/nuttoz/vendor/laravel/framework/src/Illuminate/Queue/Worker.php(440): Illuminate\\Queue\\Jobs\\Job->fire()\n#16 /var/www/nuttoz/vendor/laravel/framework/src/Illuminate/Queue/Worker.php(390): Illuminate\\Queue\\Worker->process()\n#17 /var/www/nuttoz/vendor/laravel/framework/src/Illuminate/Queue/Worker.php(177): Illuminate\\Queue\\Worker->runJob()\n#18 /var/www/nuttoz/vendor/laravel/framework/src/Illuminate/Queue/Console/WorkCommand.php(139): Illuminate\\Queue\\Worker->daemon()\n#19 /var/www/nuttoz/vendor/laravel/framework/src/Illuminate/Queue/Console/WorkCommand.php(122): Illuminate\\Queue\\Console\\WorkCommand->runWorker()\n#20 /var/www/nuttoz/vendor/laravel/framework/src/Illuminate/Container/BoundMethod.php(36): Illuminate\\Queue\\Console\\WorkCommand->handle()\n#21 /var/www/nuttoz/vendor/laravel/framework/src/Illuminate/Container/Util.php(43): Illuminate\\Container\\BoundMethod::Illuminate\\Container\\{closure}()\n#22 /var/www/nuttoz/vendor/laravel/framework/src/Illuminate/Container/BoundMethod.php(95): Illuminate\\Container\\Util::unwrapIfClosure()\n#23 /var/www/nuttoz/vendor/laravel/framework/src/Illuminate/Container/BoundMethod.php(35): Illuminate\\Container\\BoundMethod::callBoundMethod()\n#24 /var/www/nuttoz/vendor/laravel/framework/src/Illuminate/Container/Container.php(690): Illuminate\\Container\\BoundMethod::call()\n#25 /var/www/nuttoz/vendor/laravel/framework/src/Illuminate/Console/Command.php(213): Illuminate\\Container\\Container->call()\n#26 /var/www/nuttoz/vendor/symfony/console/Command/Command.php(279): Illuminate\\Console\\Command->execute()\n#27 /var/www/nuttoz/vendor/laravel/framework/src/Illuminate/Console/Command.php(182): Symfony\\Component\\Console\\Command\\Command->run()\n#28 /var/www/nuttoz/vendor/symfony/console/Application.php(1047): Illuminate\\Console\\Command->run()\n#29 /var/www/nuttoz/vendor/symfony/console/Application.php(316): Symfony\\Component\\Console\\Application->doRunCommand()\n#30 /var/www/nuttoz/vendor/symfony/console/Application.php(167): Symfony\\Component\\Console\\Application->doRun()\n#31 /var/www/nuttoz/vendor/laravel/framework/src/Illuminate/Foundation/Console/Kernel.php(197): Symfony\\Component\\Console\\Application->run()\n#32 /var/www/nuttoz/vendor/laravel/framework/src/Illuminate/Foundation/Application.php(1203): Illuminate\\Foundation\\Console\\Kernel->handle()\n#33 /var/www/nuttoz/artisan(13): Illuminate\\Foundation\\Application->handleCommand()\n#34 {main}','2024-10-22 06:42:57'),(10,'83ef37f3-4508-4f6b-b7eb-9255f5e21678','database','default','{\"uuid\":\"83ef37f3-4508-4f6b-b7eb-9255f5e21678\",\"displayName\":\"App\\\\Jobs\\\\SendOrderInvoiceJob\",\"job\":\"Illuminate\\\\Queue\\\\CallQueuedHandler@call\",\"maxTries\":null,\"maxExceptions\":null,\"failOnTimeout\":false,\"backoff\":null,\"timeout\":null,\"retryUntil\":null,\"data\":{\"commandName\":\"App\\\\Jobs\\\\SendOrderInvoiceJob\",\"command\":\"O:28:\\\"App\\\\Jobs\\\\SendOrderInvoiceJob\\\":2:{s:10:\\\"\\u0000*\\u0000orderId\\\";i:10;s:11:\\\"\\u0000*\\u0000rootPath\\\";s:43:\\\"\\/var\\/www\\/nuttoz\\/storage\\/app\\/public\\/invoices\\\";}\"}}','Error: Class \"App\\Jobs\\OrderInvoiceAdmin\" not found in /var/www/nuttoz/app/Jobs/SendOrderInvoiceJob.php:75\nStack trace:\n#0 /var/www/nuttoz/vendor/laravel/framework/src/Illuminate/Container/BoundMethod.php(36): App\\Jobs\\SendOrderInvoiceJob->handle()\n#1 /var/www/nuttoz/vendor/laravel/framework/src/Illuminate/Container/Util.php(43): Illuminate\\Container\\BoundMethod::Illuminate\\Container\\{closure}()\n#2 /var/www/nuttoz/vendor/laravel/framework/src/Illuminate/Container/BoundMethod.php(95): Illuminate\\Container\\Util::unwrapIfClosure()\n#3 /var/www/nuttoz/vendor/laravel/framework/src/Illuminate/Container/BoundMethod.php(35): Illuminate\\Container\\BoundMethod::callBoundMethod()\n#4 /var/www/nuttoz/vendor/laravel/framework/src/Illuminate/Container/Container.php(690): Illuminate\\Container\\BoundMethod::call()\n#5 /var/www/nuttoz/vendor/laravel/framework/src/Illuminate/Bus/Dispatcher.php(128): Illuminate\\Container\\Container->call()\n#6 /var/www/nuttoz/vendor/laravel/framework/src/Illuminate/Pipeline/Pipeline.php(144): Illuminate\\Bus\\Dispatcher->Illuminate\\Bus\\{closure}()\n#7 /var/www/nuttoz/vendor/laravel/framework/src/Illuminate/Pipeline/Pipeline.php(119): Illuminate\\Pipeline\\Pipeline->Illuminate\\Pipeline\\{closure}()\n#8 /var/www/nuttoz/vendor/laravel/framework/src/Illuminate/Bus/Dispatcher.php(132): Illuminate\\Pipeline\\Pipeline->then()\n#9 /var/www/nuttoz/vendor/laravel/framework/src/Illuminate/Queue/CallQueuedHandler.php(124): Illuminate\\Bus\\Dispatcher->dispatchNow()\n#10 /var/www/nuttoz/vendor/laravel/framework/src/Illuminate/Pipeline/Pipeline.php(144): Illuminate\\Queue\\CallQueuedHandler->Illuminate\\Queue\\{closure}()\n#11 /var/www/nuttoz/vendor/laravel/framework/src/Illuminate/Pipeline/Pipeline.php(119): Illuminate\\Pipeline\\Pipeline->Illuminate\\Pipeline\\{closure}()\n#12 /var/www/nuttoz/vendor/laravel/framework/src/Illuminate/Queue/CallQueuedHandler.php(123): Illuminate\\Pipeline\\Pipeline->then()\n#13 /var/www/nuttoz/vendor/laravel/framework/src/Illuminate/Queue/CallQueuedHandler.php(71): Illuminate\\Queue\\CallQueuedHandler->dispatchThroughMiddleware()\n#14 /var/www/nuttoz/vendor/laravel/framework/src/Illuminate/Queue/Jobs/Job.php(102): Illuminate\\Queue\\CallQueuedHandler->call()\n#15 /var/www/nuttoz/vendor/laravel/framework/src/Illuminate/Queue/Worker.php(440): Illuminate\\Queue\\Jobs\\Job->fire()\n#16 /var/www/nuttoz/vendor/laravel/framework/src/Illuminate/Queue/Worker.php(390): Illuminate\\Queue\\Worker->process()\n#17 /var/www/nuttoz/vendor/laravel/framework/src/Illuminate/Queue/Worker.php(177): Illuminate\\Queue\\Worker->runJob()\n#18 /var/www/nuttoz/vendor/laravel/framework/src/Illuminate/Queue/Console/WorkCommand.php(139): Illuminate\\Queue\\Worker->daemon()\n#19 /var/www/nuttoz/vendor/laravel/framework/src/Illuminate/Queue/Console/WorkCommand.php(122): Illuminate\\Queue\\Console\\WorkCommand->runWorker()\n#20 /var/www/nuttoz/vendor/laravel/framework/src/Illuminate/Container/BoundMethod.php(36): Illuminate\\Queue\\Console\\WorkCommand->handle()\n#21 /var/www/nuttoz/vendor/laravel/framework/src/Illuminate/Container/Util.php(43): Illuminate\\Container\\BoundMethod::Illuminate\\Container\\{closure}()\n#22 /var/www/nuttoz/vendor/laravel/framework/src/Illuminate/Container/BoundMethod.php(95): Illuminate\\Container\\Util::unwrapIfClosure()\n#23 /var/www/nuttoz/vendor/laravel/framework/src/Illuminate/Container/BoundMethod.php(35): Illuminate\\Container\\BoundMethod::callBoundMethod()\n#24 /var/www/nuttoz/vendor/laravel/framework/src/Illuminate/Container/Container.php(690): Illuminate\\Container\\BoundMethod::call()\n#25 /var/www/nuttoz/vendor/laravel/framework/src/Illuminate/Console/Command.php(213): Illuminate\\Container\\Container->call()\n#26 /var/www/nuttoz/vendor/symfony/console/Command/Command.php(279): Illuminate\\Console\\Command->execute()\n#27 /var/www/nuttoz/vendor/laravel/framework/src/Illuminate/Console/Command.php(182): Symfony\\Component\\Console\\Command\\Command->run()\n#28 /var/www/nuttoz/vendor/symfony/console/Application.php(1047): Illuminate\\Console\\Command->run()\n#29 /var/www/nuttoz/vendor/symfony/console/Application.php(316): Symfony\\Component\\Console\\Application->doRunCommand()\n#30 /var/www/nuttoz/vendor/symfony/console/Application.php(167): Symfony\\Component\\Console\\Application->doRun()\n#31 /var/www/nuttoz/vendor/laravel/framework/src/Illuminate/Foundation/Console/Kernel.php(197): Symfony\\Component\\Console\\Application->run()\n#32 /var/www/nuttoz/vendor/laravel/framework/src/Illuminate/Foundation/Application.php(1203): Illuminate\\Foundation\\Console\\Kernel->handle()\n#33 /var/www/nuttoz/artisan(13): Illuminate\\Foundation\\Application->handleCommand()\n#34 {main}','2024-10-22 06:54:05'),(11,'897293e5-913d-48b6-ac91-41606eaeee3b','database','default','{\"uuid\":\"897293e5-913d-48b6-ac91-41606eaeee3b\",\"displayName\":\"App\\\\Jobs\\\\SendOrderInvoiceJob\",\"job\":\"Illuminate\\\\Queue\\\\CallQueuedHandler@call\",\"maxTries\":null,\"maxExceptions\":null,\"failOnTimeout\":false,\"backoff\":null,\"timeout\":null,\"retryUntil\":null,\"data\":{\"commandName\":\"App\\\\Jobs\\\\SendOrderInvoiceJob\",\"command\":\"O:28:\\\"App\\\\Jobs\\\\SendOrderInvoiceJob\\\":2:{s:10:\\\"\\u0000*\\u0000orderId\\\";i:11;s:11:\\\"\\u0000*\\u0000rootPath\\\";s:43:\\\"\\/var\\/www\\/nuttoz\\/storage\\/app\\/public\\/invoices\\\";}\"}}','Error: Class \"App\\Jobs\\OrderInvoiceAdmin\" not found in /var/www/nuttoz/app/Jobs/SendOrderInvoiceJob.php:75\nStack trace:\n#0 /var/www/nuttoz/vendor/laravel/framework/src/Illuminate/Container/BoundMethod.php(36): App\\Jobs\\SendOrderInvoiceJob->handle()\n#1 /var/www/nuttoz/vendor/laravel/framework/src/Illuminate/Container/Util.php(43): Illuminate\\Container\\BoundMethod::Illuminate\\Container\\{closure}()\n#2 /var/www/nuttoz/vendor/laravel/framework/src/Illuminate/Container/BoundMethod.php(95): Illuminate\\Container\\Util::unwrapIfClosure()\n#3 /var/www/nuttoz/vendor/laravel/framework/src/Illuminate/Container/BoundMethod.php(35): Illuminate\\Container\\BoundMethod::callBoundMethod()\n#4 /var/www/nuttoz/vendor/laravel/framework/src/Illuminate/Container/Container.php(690): Illuminate\\Container\\BoundMethod::call()\n#5 /var/www/nuttoz/vendor/laravel/framework/src/Illuminate/Bus/Dispatcher.php(128): Illuminate\\Container\\Container->call()\n#6 /var/www/nuttoz/vendor/laravel/framework/src/Illuminate/Pipeline/Pipeline.php(144): Illuminate\\Bus\\Dispatcher->Illuminate\\Bus\\{closure}()\n#7 /var/www/nuttoz/vendor/laravel/framework/src/Illuminate/Pipeline/Pipeline.php(119): Illuminate\\Pipeline\\Pipeline->Illuminate\\Pipeline\\{closure}()\n#8 /var/www/nuttoz/vendor/laravel/framework/src/Illuminate/Bus/Dispatcher.php(132): Illuminate\\Pipeline\\Pipeline->then()\n#9 /var/www/nuttoz/vendor/laravel/framework/src/Illuminate/Queue/CallQueuedHandler.php(124): Illuminate\\Bus\\Dispatcher->dispatchNow()\n#10 /var/www/nuttoz/vendor/laravel/framework/src/Illuminate/Pipeline/Pipeline.php(144): Illuminate\\Queue\\CallQueuedHandler->Illuminate\\Queue\\{closure}()\n#11 /var/www/nuttoz/vendor/laravel/framework/src/Illuminate/Pipeline/Pipeline.php(119): Illuminate\\Pipeline\\Pipeline->Illuminate\\Pipeline\\{closure}()\n#12 /var/www/nuttoz/vendor/laravel/framework/src/Illuminate/Queue/CallQueuedHandler.php(123): Illuminate\\Pipeline\\Pipeline->then()\n#13 /var/www/nuttoz/vendor/laravel/framework/src/Illuminate/Queue/CallQueuedHandler.php(71): Illuminate\\Queue\\CallQueuedHandler->dispatchThroughMiddleware()\n#14 /var/www/nuttoz/vendor/laravel/framework/src/Illuminate/Queue/Jobs/Job.php(102): Illuminate\\Queue\\CallQueuedHandler->call()\n#15 /var/www/nuttoz/vendor/laravel/framework/src/Illuminate/Queue/Worker.php(440): Illuminate\\Queue\\Jobs\\Job->fire()\n#16 /var/www/nuttoz/vendor/laravel/framework/src/Illuminate/Queue/Worker.php(390): Illuminate\\Queue\\Worker->process()\n#17 /var/www/nuttoz/vendor/laravel/framework/src/Illuminate/Queue/Worker.php(177): Illuminate\\Queue\\Worker->runJob()\n#18 /var/www/nuttoz/vendor/laravel/framework/src/Illuminate/Queue/Console/WorkCommand.php(139): Illuminate\\Queue\\Worker->daemon()\n#19 /var/www/nuttoz/vendor/laravel/framework/src/Illuminate/Queue/Console/WorkCommand.php(122): Illuminate\\Queue\\Console\\WorkCommand->runWorker()\n#20 /var/www/nuttoz/vendor/laravel/framework/src/Illuminate/Container/BoundMethod.php(36): Illuminate\\Queue\\Console\\WorkCommand->handle()\n#21 /var/www/nuttoz/vendor/laravel/framework/src/Illuminate/Container/Util.php(43): Illuminate\\Container\\BoundMethod::Illuminate\\Container\\{closure}()\n#22 /var/www/nuttoz/vendor/laravel/framework/src/Illuminate/Container/BoundMethod.php(95): Illuminate\\Container\\Util::unwrapIfClosure()\n#23 /var/www/nuttoz/vendor/laravel/framework/src/Illuminate/Container/BoundMethod.php(35): Illuminate\\Container\\BoundMethod::callBoundMethod()\n#24 /var/www/nuttoz/vendor/laravel/framework/src/Illuminate/Container/Container.php(690): Illuminate\\Container\\BoundMethod::call()\n#25 /var/www/nuttoz/vendor/laravel/framework/src/Illuminate/Console/Command.php(213): Illuminate\\Container\\Container->call()\n#26 /var/www/nuttoz/vendor/symfony/console/Command/Command.php(279): Illuminate\\Console\\Command->execute()\n#27 /var/www/nuttoz/vendor/laravel/framework/src/Illuminate/Console/Command.php(182): Symfony\\Component\\Console\\Command\\Command->run()\n#28 /var/www/nuttoz/vendor/symfony/console/Application.php(1047): Illuminate\\Console\\Command->run()\n#29 /var/www/nuttoz/vendor/symfony/console/Application.php(316): Symfony\\Component\\Console\\Application->doRunCommand()\n#30 /var/www/nuttoz/vendor/symfony/console/Application.php(167): Symfony\\Component\\Console\\Application->doRun()\n#31 /var/www/nuttoz/vendor/laravel/framework/src/Illuminate/Foundation/Console/Kernel.php(197): Symfony\\Component\\Console\\Application->run()\n#32 /var/www/nuttoz/vendor/laravel/framework/src/Illuminate/Foundation/Application.php(1203): Illuminate\\Foundation\\Console\\Kernel->handle()\n#33 /var/www/nuttoz/artisan(13): Illuminate\\Foundation\\Application->handleCommand()\n#34 {main}','2024-10-22 06:54:54'),(12,'426c4c1d-8eb2-4d53-b930-a0905729551d','database','default','{\"uuid\":\"426c4c1d-8eb2-4d53-b930-a0905729551d\",\"displayName\":\"App\\\\Jobs\\\\SendOrderInvoiceJob\",\"job\":\"Illuminate\\\\Queue\\\\CallQueuedHandler@call\",\"maxTries\":null,\"maxExceptions\":null,\"failOnTimeout\":false,\"backoff\":null,\"timeout\":null,\"retryUntil\":null,\"data\":{\"commandName\":\"App\\\\Jobs\\\\SendOrderInvoiceJob\",\"command\":\"O:28:\\\"App\\\\Jobs\\\\SendOrderInvoiceJob\\\":2:{s:10:\\\"\\u0000*\\u0000orderId\\\";i:12;s:11:\\\"\\u0000*\\u0000rootPath\\\";s:43:\\\"\\/var\\/www\\/nuttoz\\/storage\\/app\\/public\\/invoices\\\";}\"}}','Error: Class \"App\\Jobs\\OrderInvoiceAdmin\" not found in /var/www/nuttoz/app/Jobs/SendOrderInvoiceJob.php:75\nStack trace:\n#0 /var/www/nuttoz/vendor/laravel/framework/src/Illuminate/Container/BoundMethod.php(36): App\\Jobs\\SendOrderInvoiceJob->handle()\n#1 /var/www/nuttoz/vendor/laravel/framework/src/Illuminate/Container/Util.php(43): Illuminate\\Container\\BoundMethod::Illuminate\\Container\\{closure}()\n#2 /var/www/nuttoz/vendor/laravel/framework/src/Illuminate/Container/BoundMethod.php(95): Illuminate\\Container\\Util::unwrapIfClosure()\n#3 /var/www/nuttoz/vendor/laravel/framework/src/Illuminate/Container/BoundMethod.php(35): Illuminate\\Container\\BoundMethod::callBoundMethod()\n#4 /var/www/nuttoz/vendor/laravel/framework/src/Illuminate/Container/Container.php(690): Illuminate\\Container\\BoundMethod::call()\n#5 /var/www/nuttoz/vendor/laravel/framework/src/Illuminate/Bus/Dispatcher.php(128): Illuminate\\Container\\Container->call()\n#6 /var/www/nuttoz/vendor/laravel/framework/src/Illuminate/Pipeline/Pipeline.php(144): Illuminate\\Bus\\Dispatcher->Illuminate\\Bus\\{closure}()\n#7 /var/www/nuttoz/vendor/laravel/framework/src/Illuminate/Pipeline/Pipeline.php(119): Illuminate\\Pipeline\\Pipeline->Illuminate\\Pipeline\\{closure}()\n#8 /var/www/nuttoz/vendor/laravel/framework/src/Illuminate/Bus/Dispatcher.php(132): Illuminate\\Pipeline\\Pipeline->then()\n#9 /var/www/nuttoz/vendor/laravel/framework/src/Illuminate/Queue/CallQueuedHandler.php(124): Illuminate\\Bus\\Dispatcher->dispatchNow()\n#10 /var/www/nuttoz/vendor/laravel/framework/src/Illuminate/Pipeline/Pipeline.php(144): Illuminate\\Queue\\CallQueuedHandler->Illuminate\\Queue\\{closure}()\n#11 /var/www/nuttoz/vendor/laravel/framework/src/Illuminate/Pipeline/Pipeline.php(119): Illuminate\\Pipeline\\Pipeline->Illuminate\\Pipeline\\{closure}()\n#12 /var/www/nuttoz/vendor/laravel/framework/src/Illuminate/Queue/CallQueuedHandler.php(123): Illuminate\\Pipeline\\Pipeline->then()\n#13 /var/www/nuttoz/vendor/laravel/framework/src/Illuminate/Queue/CallQueuedHandler.php(71): Illuminate\\Queue\\CallQueuedHandler->dispatchThroughMiddleware()\n#14 /var/www/nuttoz/vendor/laravel/framework/src/Illuminate/Queue/Jobs/Job.php(102): Illuminate\\Queue\\CallQueuedHandler->call()\n#15 /var/www/nuttoz/vendor/laravel/framework/src/Illuminate/Queue/Worker.php(440): Illuminate\\Queue\\Jobs\\Job->fire()\n#16 /var/www/nuttoz/vendor/laravel/framework/src/Illuminate/Queue/Worker.php(390): Illuminate\\Queue\\Worker->process()\n#17 /var/www/nuttoz/vendor/laravel/framework/src/Illuminate/Queue/Worker.php(177): Illuminate\\Queue\\Worker->runJob()\n#18 /var/www/nuttoz/vendor/laravel/framework/src/Illuminate/Queue/Console/WorkCommand.php(139): Illuminate\\Queue\\Worker->daemon()\n#19 /var/www/nuttoz/vendor/laravel/framework/src/Illuminate/Queue/Console/WorkCommand.php(122): Illuminate\\Queue\\Console\\WorkCommand->runWorker()\n#20 /var/www/nuttoz/vendor/laravel/framework/src/Illuminate/Container/BoundMethod.php(36): Illuminate\\Queue\\Console\\WorkCommand->handle()\n#21 /var/www/nuttoz/vendor/laravel/framework/src/Illuminate/Container/Util.php(43): Illuminate\\Container\\BoundMethod::Illuminate\\Container\\{closure}()\n#22 /var/www/nuttoz/vendor/laravel/framework/src/Illuminate/Container/BoundMethod.php(95): Illuminate\\Container\\Util::unwrapIfClosure()\n#23 /var/www/nuttoz/vendor/laravel/framework/src/Illuminate/Container/BoundMethod.php(35): Illuminate\\Container\\BoundMethod::callBoundMethod()\n#24 /var/www/nuttoz/vendor/laravel/framework/src/Illuminate/Container/Container.php(690): Illuminate\\Container\\BoundMethod::call()\n#25 /var/www/nuttoz/vendor/laravel/framework/src/Illuminate/Console/Command.php(213): Illuminate\\Container\\Container->call()\n#26 /var/www/nuttoz/vendor/symfony/console/Command/Command.php(279): Illuminate\\Console\\Command->execute()\n#27 /var/www/nuttoz/vendor/laravel/framework/src/Illuminate/Console/Command.php(182): Symfony\\Component\\Console\\Command\\Command->run()\n#28 /var/www/nuttoz/vendor/symfony/console/Application.php(1047): Illuminate\\Console\\Command->run()\n#29 /var/www/nuttoz/vendor/symfony/console/Application.php(316): Symfony\\Component\\Console\\Application->doRunCommand()\n#30 /var/www/nuttoz/vendor/symfony/console/Application.php(167): Symfony\\Component\\Console\\Application->doRun()\n#31 /var/www/nuttoz/vendor/laravel/framework/src/Illuminate/Foundation/Console/Kernel.php(197): Symfony\\Component\\Console\\Application->run()\n#32 /var/www/nuttoz/vendor/laravel/framework/src/Illuminate/Foundation/Application.php(1203): Illuminate\\Foundation\\Console\\Kernel->handle()\n#33 /var/www/nuttoz/artisan(13): Illuminate\\Foundation\\Application->handleCommand()\n#34 {main}','2024-10-22 08:23:50'),(13,'6af5c02f-2f90-4093-87f0-cff95426c283','database','default','{\"uuid\":\"6af5c02f-2f90-4093-87f0-cff95426c283\",\"displayName\":\"App\\\\Jobs\\\\SendOrderInvoiceJob\",\"job\":\"Illuminate\\\\Queue\\\\CallQueuedHandler@call\",\"maxTries\":null,\"maxExceptions\":null,\"failOnTimeout\":false,\"backoff\":null,\"timeout\":null,\"retryUntil\":null,\"data\":{\"commandName\":\"App\\\\Jobs\\\\SendOrderInvoiceJob\",\"command\":\"O:28:\\\"App\\\\Jobs\\\\SendOrderInvoiceJob\\\":2:{s:10:\\\"\\u0000*\\u0000orderId\\\";i:13;s:11:\\\"\\u0000*\\u0000rootPath\\\";s:43:\\\"\\/var\\/www\\/nuttoz\\/storage\\/app\\/public\\/invoices\\\";}\"}}','Error: Class \"App\\Jobs\\OrderInvoiceAdmin\" not found in /var/www/nuttoz/app/Jobs/SendOrderInvoiceJob.php:75\nStack trace:\n#0 /var/www/nuttoz/vendor/laravel/framework/src/Illuminate/Container/BoundMethod.php(36): App\\Jobs\\SendOrderInvoiceJob->handle()\n#1 /var/www/nuttoz/vendor/laravel/framework/src/Illuminate/Container/Util.php(43): Illuminate\\Container\\BoundMethod::Illuminate\\Container\\{closure}()\n#2 /var/www/nuttoz/vendor/laravel/framework/src/Illuminate/Container/BoundMethod.php(95): Illuminate\\Container\\Util::unwrapIfClosure()\n#3 /var/www/nuttoz/vendor/laravel/framework/src/Illuminate/Container/BoundMethod.php(35): Illuminate\\Container\\BoundMethod::callBoundMethod()\n#4 /var/www/nuttoz/vendor/laravel/framework/src/Illuminate/Container/Container.php(690): Illuminate\\Container\\BoundMethod::call()\n#5 /var/www/nuttoz/vendor/laravel/framework/src/Illuminate/Bus/Dispatcher.php(128): Illuminate\\Container\\Container->call()\n#6 /var/www/nuttoz/vendor/laravel/framework/src/Illuminate/Pipeline/Pipeline.php(144): Illuminate\\Bus\\Dispatcher->Illuminate\\Bus\\{closure}()\n#7 /var/www/nuttoz/vendor/laravel/framework/src/Illuminate/Pipeline/Pipeline.php(119): Illuminate\\Pipeline\\Pipeline->Illuminate\\Pipeline\\{closure}()\n#8 /var/www/nuttoz/vendor/laravel/framework/src/Illuminate/Bus/Dispatcher.php(132): Illuminate\\Pipeline\\Pipeline->then()\n#9 /var/www/nuttoz/vendor/laravel/framework/src/Illuminate/Queue/CallQueuedHandler.php(124): Illuminate\\Bus\\Dispatcher->dispatchNow()\n#10 /var/www/nuttoz/vendor/laravel/framework/src/Illuminate/Pipeline/Pipeline.php(144): Illuminate\\Queue\\CallQueuedHandler->Illuminate\\Queue\\{closure}()\n#11 /var/www/nuttoz/vendor/laravel/framework/src/Illuminate/Pipeline/Pipeline.php(119): Illuminate\\Pipeline\\Pipeline->Illuminate\\Pipeline\\{closure}()\n#12 /var/www/nuttoz/vendor/laravel/framework/src/Illuminate/Queue/CallQueuedHandler.php(123): Illuminate\\Pipeline\\Pipeline->then()\n#13 /var/www/nuttoz/vendor/laravel/framework/src/Illuminate/Queue/CallQueuedHandler.php(71): Illuminate\\Queue\\CallQueuedHandler->dispatchThroughMiddleware()\n#14 /var/www/nuttoz/vendor/laravel/framework/src/Illuminate/Queue/Jobs/Job.php(102): Illuminate\\Queue\\CallQueuedHandler->call()\n#15 /var/www/nuttoz/vendor/laravel/framework/src/Illuminate/Queue/Worker.php(440): Illuminate\\Queue\\Jobs\\Job->fire()\n#16 /var/www/nuttoz/vendor/laravel/framework/src/Illuminate/Queue/Worker.php(390): Illuminate\\Queue\\Worker->process()\n#17 /var/www/nuttoz/vendor/laravel/framework/src/Illuminate/Queue/Worker.php(177): Illuminate\\Queue\\Worker->runJob()\n#18 /var/www/nuttoz/vendor/laravel/framework/src/Illuminate/Queue/Console/WorkCommand.php(139): Illuminate\\Queue\\Worker->daemon()\n#19 /var/www/nuttoz/vendor/laravel/framework/src/Illuminate/Queue/Console/WorkCommand.php(122): Illuminate\\Queue\\Console\\WorkCommand->runWorker()\n#20 /var/www/nuttoz/vendor/laravel/framework/src/Illuminate/Container/BoundMethod.php(36): Illuminate\\Queue\\Console\\WorkCommand->handle()\n#21 /var/www/nuttoz/vendor/laravel/framework/src/Illuminate/Container/Util.php(43): Illuminate\\Container\\BoundMethod::Illuminate\\Container\\{closure}()\n#22 /var/www/nuttoz/vendor/laravel/framework/src/Illuminate/Container/BoundMethod.php(95): Illuminate\\Container\\Util::unwrapIfClosure()\n#23 /var/www/nuttoz/vendor/laravel/framework/src/Illuminate/Container/BoundMethod.php(35): Illuminate\\Container\\BoundMethod::callBoundMethod()\n#24 /var/www/nuttoz/vendor/laravel/framework/src/Illuminate/Container/Container.php(690): Illuminate\\Container\\BoundMethod::call()\n#25 /var/www/nuttoz/vendor/laravel/framework/src/Illuminate/Console/Command.php(213): Illuminate\\Container\\Container->call()\n#26 /var/www/nuttoz/vendor/symfony/console/Command/Command.php(279): Illuminate\\Console\\Command->execute()\n#27 /var/www/nuttoz/vendor/laravel/framework/src/Illuminate/Console/Command.php(182): Symfony\\Component\\Console\\Command\\Command->run()\n#28 /var/www/nuttoz/vendor/symfony/console/Application.php(1047): Illuminate\\Console\\Command->run()\n#29 /var/www/nuttoz/vendor/symfony/console/Application.php(316): Symfony\\Component\\Console\\Application->doRunCommand()\n#30 /var/www/nuttoz/vendor/symfony/console/Application.php(167): Symfony\\Component\\Console\\Application->doRun()\n#31 /var/www/nuttoz/vendor/laravel/framework/src/Illuminate/Foundation/Console/Kernel.php(197): Symfony\\Component\\Console\\Application->run()\n#32 /var/www/nuttoz/vendor/laravel/framework/src/Illuminate/Foundation/Application.php(1203): Illuminate\\Foundation\\Console\\Kernel->handle()\n#33 /var/www/nuttoz/artisan(13): Illuminate\\Foundation\\Application->handleCommand()\n#34 {main}','2024-10-22 08:30:20');
/*!40000 ALTER TABLE `failed_jobs` ENABLE KEYS */;
UNLOCK TABLES;

--
-- Table structure for table `job_batches`
--

DROP TABLE IF EXISTS `job_batches`;
/*!40101 SET @saved_cs_client     = @@character_set_client */;
/*!50503 SET character_set_client = utf8mb4 */;
CREATE TABLE `job_batches` (
  `id` varchar(255) COLLATE utf8mb4_unicode_ci NOT NULL,
  `name` varchar(255) COLLATE utf8mb4_unicode_ci NOT NULL,
  `total_jobs` int NOT NULL,
  `pending_jobs` int NOT NULL,
  `failed_jobs` int NOT NULL,
  `failed_job_ids` longtext COLLATE utf8mb4_unicode_ci NOT NULL,
  `options` mediumtext COLLATE utf8mb4_unicode_ci,
  `cancelled_at` int DEFAULT NULL,
  `created_at` int NOT NULL,
  `finished_at` int DEFAULT NULL,
  PRIMARY KEY (`id`)
) ENGINE=InnoDB DEFAULT CHARSET=utf8mb4 COLLATE=utf8mb4_unicode_ci;
/*!40101 SET character_set_client = @saved_cs_client */;

--
-- Dumping data for table `job_batches`
--

LOCK TABLES `job_batches` WRITE;
/*!40000 ALTER TABLE `job_batches` DISABLE KEYS */;
/*!40000 ALTER TABLE `job_batches` ENABLE KEYS */;
UNLOCK TABLES;

--
-- Table structure for table `jobs`
--

DROP TABLE IF EXISTS `jobs`;
/*!40101 SET @saved_cs_client     = @@character_set_client */;
/*!50503 SET character_set_client = utf8mb4 */;
CREATE TABLE `jobs` (
  `id` bigint unsigned NOT NULL AUTO_INCREMENT,
  `queue` varchar(255) COLLATE utf8mb4_unicode_ci NOT NULL,
  `payload` longtext COLLATE utf8mb4_unicode_ci NOT NULL,
  `attempts` tinyint unsigned NOT NULL,
  `reserved_at` int unsigned DEFAULT NULL,
  `available_at` int unsigned NOT NULL,
  `created_at` int unsigned NOT NULL,
  PRIMARY KEY (`id`),
  KEY `jobs_queue_index` (`queue`)
) ENGINE=InnoDB AUTO_INCREMENT=201 DEFAULT CHARSET=utf8mb4 COLLATE=utf8mb4_unicode_ci;
/*!40101 SET character_set_client = @saved_cs_client */;

--
-- Dumping data for table `jobs`
--

LOCK TABLES `jobs` WRITE;
/*!40000 ALTER TABLE `jobs` DISABLE KEYS */;
/*!40000 ALTER TABLE `jobs` ENABLE KEYS */;
UNLOCK TABLES;

--
-- Table structure for table `meeting_types`
--

DROP TABLE IF EXISTS `meeting_types`;
/*!40101 SET @saved_cs_client     = @@character_set_client */;
/*!50503 SET character_set_client = utf8mb4 */;
CREATE TABLE `meeting_types` (
  `id` smallint unsigned NOT NULL AUTO_INCREMENT,
  `name` varchar(50) COLLATE utf8mb4_unicode_ci NOT NULL,
  `status` enum('Active','Inactive') COLLATE utf8mb4_unicode_ci NOT NULL DEFAULT 'Active',
  `sort_order` int DEFAULT NULL,
  `created_at` timestamp NULL DEFAULT NULL,
  `updated_at` timestamp NULL DEFAULT NULL,
  `deleted_at` timestamp NULL DEFAULT NULL,
  PRIMARY KEY (`id`),
  KEY `meeting_types_name_index` (`name`)
) ENGINE=InnoDB AUTO_INCREMENT=9 DEFAULT CHARSET=utf8mb4 COLLATE=utf8mb4_unicode_ci;
/*!40101 SET character_set_client = @saved_cs_client */;

--
-- Dumping data for table `meeting_types`
--

LOCK TABLES `meeting_types` WRITE;
/*!40000 ALTER TABLE `meeting_types` DISABLE KEYS */;
INSERT INTO `meeting_types` VALUES (1,'Appointed','Active',NULL,'2024-09-24 07:01:57','2024-10-29 06:08:20',NULL),(2,'Not intersted','Active',NULL,'2024-09-24 07:01:57','2025-03-06 11:45:05',NULL),(3,'Intersted','Active',NULL,'2024-09-24 07:01:57','2024-12-10 08:30:32',NULL),(4,'Average','Active',NULL,'2024-09-24 07:12:16','2024-10-15 05:15:01','2024-10-15 05:15:01'),(5,'Hot','Active',NULL,'2024-09-24 07:12:16','2024-10-15 05:15:01','2024-10-15 05:15:01'),(6,'Cold','Active',NULL,'2024-09-24 07:12:16','2024-10-15 05:15:01','2024-10-15 05:15:01'),(7,'aa','Inactive',NULL,'2025-02-28 05:32:00','2025-02-28 05:33:50','2025-02-28 05:33:50'),(8,'Active','Inactive',NULL,'2025-03-06 11:44:17','2025-03-06 11:45:39',NULL);
/*!40000 ALTER TABLE `meeting_types` ENABLE KEYS */;
UNLOCK TABLES;

--
-- Table structure for table `meetings`
--

DROP TABLE IF EXISTS `meetings`;
/*!40101 SET @saved_cs_client     = @@character_set_client */;
/*!50503 SET character_set_client = utf8mb4 */;
CREATE TABLE `meetings` (
  `id` bigint unsigned NOT NULL AUTO_INCREMENT,
  `user_id` bigint unsigned NOT NULL,
  `distributor_id` bigint unsigned NOT NULL,
  `shop_id` bigint unsigned DEFAULT NULL,
  `type_id` smallint unsigned DEFAULT NULL,
  `route_id` bigint unsigned NOT NULL,
  `start_time` datetime DEFAULT NULL,
  `start_latitude` varchar(255) COLLATE utf8mb4_unicode_ci DEFAULT NULL,
  `start_longitude` varchar(255) COLLATE utf8mb4_unicode_ci DEFAULT NULL,
  `start_location` text COLLATE utf8mb4_unicode_ci,
  `end_time` datetime DEFAULT NULL,
  `end_latitude` varchar(255) COLLATE utf8mb4_unicode_ci DEFAULT NULL,
  `end_longitude` varchar(255) COLLATE utf8mb4_unicode_ci DEFAULT NULL,
  `end_location` text COLLATE utf8mb4_unicode_ci,
  `meeting_date` datetime NOT NULL,
  `comments` text COLLATE utf8mb4_unicode_ci,
  `purpose` text COLLATE utf8mb4_unicode_ci,
  `attachment1` text COLLATE utf8mb4_unicode_ci,
  `attachment2` text COLLATE utf8mb4_unicode_ci,
  `attachment3` text COLLATE utf8mb4_unicode_ci,
  `created_at` timestamp NULL DEFAULT NULL,
  `updated_at` timestamp NULL DEFAULT NULL,
  PRIMARY KEY (`id`),
  KEY `meetings_user_id_index` (`user_id`),
  KEY `meetings_route_id_index` (`route_id`),
  KEY `meetings_distributor_id_index` (`distributor_id`),
  KEY `meetings_shop_id_index` (`shop_id`),
  KEY `meetings_type_id_index` (`type_id`),
  CONSTRAINT `meetings_type_id_foreign` FOREIGN KEY (`type_id`) REFERENCES `meeting_types` (`id`) ON DELETE CASCADE
) ENGINE=InnoDB AUTO_INCREMENT=235 DEFAULT CHARSET=utf8mb4 COLLATE=utf8mb4_unicode_ci;
/*!40101 SET character_set_client = @saved_cs_client */;

--
-- Dumping data for table `meetings`
--

LOCK TABLES `meetings` WRITE;
/*!40000 ALTER TABLE `meetings` DISABLE KEYS */;
INSERT INTO `meetings` VALUES (1,2,1,1,1,1,'2024-09-24 12:03:57','22.3177058','73.1667401',NULL,'2024-09-24 13:03:57','22.3177058','73.1667401',NULL,'2024-09-26 06:38:37','test',NULL,'','','','2024-09-26 06:38:37','2024-09-26 06:41:30'),(2,2,1,1,1,1,'2024-09-26 12:03:57','22.3177058','73.1667401',NULL,'2024-09-24 13:03:57','22.3177058','73.1667401',NULL,'2024-09-26 06:40:43','test',NULL,'','','','2024-09-26 06:40:43','2024-09-26 06:41:01'),(12,2,1,NULL,1,201,'2024-10-15 12:14:55','22.3177769','73.1666869',NULL,'2024-10-15 12:36:16','22.3177897','73.1666818',NULL,'2024-10-15 06:44:55',NULL,NULL,NULL,NULL,NULL,'2024-10-15 06:44:55','2024-10-15 07:06:17'),(13,2,1,NULL,2,202,'2024-10-15 12:43:43','22.3177974','73.1666723',NULL,'2024-10-15 12:44:31','22.3177863','73.1666778',NULL,'2024-10-15 07:13:44','New order',NULL,NULL,NULL,NULL,'2024-10-15 07:13:44','2024-10-15 07:14:32'),(14,2,3,NULL,1,214,'2024-10-15 18:00:23','22.3177771','73.1666863',NULL,'2024-10-15 18:02:28','22.3177637','73.1667114',NULL,'2024-10-15 12:30:23',NULL,NULL,NULL,NULL,NULL,'2024-10-15 12:30:23','2024-10-15 12:32:29'),(15,2,1,NULL,1,223,'2024-10-16 10:54:20','22.3177198','73.1667591',NULL,'2024-10-16 10:55:27','22.3177056','73.166795',NULL,'2024-10-16 05:24:21',NULL,NULL,NULL,NULL,NULL,'2024-10-16 05:24:21','2024-10-16 05:25:28'),(16,2,2,NULL,2,223,'2024-10-16 10:58:06','22.3177198','73.1667591',NULL,'2024-10-16 10:58:34','22.3177198','73.1668264',NULL,'2024-10-16 05:28:07',NULL,NULL,NULL,NULL,NULL,'2024-10-16 05:28:07','2024-10-16 05:28:35'),(17,2,1,NULL,1,243,'2024-10-16 16:40:51','22.3177306','73.1667218',NULL,'2024-10-16 16:41:07','22.3177175','73.1668008',NULL,'2024-10-16 11:10:52',NULL,NULL,NULL,NULL,NULL,'2024-10-16 11:10:52','2024-10-16 11:11:08'),(18,2,1,NULL,1,254,'2024-10-21 10:19:56','22.3177854','73.1666871',NULL,'2024-10-25 12:29:10','22.3177831','73.1666755',NULL,'2024-10-21 04:49:57',NULL,NULL,NULL,NULL,NULL,'2024-10-21 04:49:57','2024-10-25 06:59:11'),(19,2,1,NULL,1,256,'2024-10-22 10:43:46','22.3177905','73.166698',NULL,'2024-10-25 12:29:10','22.3177831','73.1666755',NULL,'2024-10-22 05:13:47',NULL,NULL,NULL,NULL,NULL,'2024-10-22 05:13:47','2024-10-25 06:59:11'),(20,2,1,NULL,1,259,'2024-10-22 11:35:51','22.3177877','73.1666762',NULL,'2024-10-25 15:59:48','22.3178472','73.1665776',NULL,'2024-10-22 06:05:51',NULL,NULL,'1729852241_scaled_974ba031-40ef-44ff-8559-72555444c57f2843353732358206124.jpg','1729852241_scaled_ed6f487e-b506-4deb-a1bb-777fb76d62209177235519843197292.jpg','1729852241_scaled_9ef7de5f-da08-4396-bc0a-7e37db3698b16248522224430244520.jpg','2024-10-22 06:05:51','2024-10-25 10:30:41'),(21,2,1,NULL,1,262,'2024-10-22 12:03:46','22.3177852','73.1666755',NULL,'2024-10-25 16:57:09','22.317777','73.1666985',NULL,'2024-10-22 06:33:47',NULL,NULL,NULL,NULL,NULL,'2024-10-22 06:33:47','2024-10-25 11:27:10'),(22,2,1,NULL,1,267,'2024-10-22 12:24:37','22.3177852','73.1666755',NULL,'2024-10-25 16:57:09','22.317777','73.1666985',NULL,'2024-10-22 06:54:37',NULL,NULL,NULL,NULL,NULL,'2024-10-22 06:54:37','2024-10-25 11:27:10'),(23,2,1,NULL,1,268,'2024-10-22 12:31:50','22.31778','73.1666969',NULL,'2024-10-29 10:10:29','22.3177772','73.1666756',NULL,'2024-10-22 07:01:50',NULL,NULL,NULL,NULL,NULL,'2024-10-22 07:01:50','2024-10-29 04:40:30'),(24,2,1,NULL,1,269,'2024-10-22 12:35:21','22.3177878','73.1666893',NULL,'2024-10-22 12:46:25','22.3178081','73.1666563',NULL,'2024-10-22 07:05:22',NULL,NULL,NULL,NULL,NULL,'2024-10-22 07:05:22','2024-10-22 07:16:26'),(25,4,1,NULL,1,270,'2024-10-22 12:45:27','22.3178057','73.1667307',NULL,'2024-10-22 12:45:32','22.3178018','73.1667382',NULL,'2024-10-22 07:15:28',NULL,NULL,NULL,NULL,NULL,'2024-10-22 07:15:28','2024-10-22 07:15:33'),(26,4,1,NULL,2,270,'2024-10-22 12:52:39','22.3178057','73.1667307',NULL,'2024-10-28 14:40:07','22.317763','73.1667099',NULL,'2024-10-22 07:22:39',NULL,NULL,'1730106609_scaled_2c96052c-9882-4905-a807-3b6c9cd5d6265161906457975080773.jpg',NULL,NULL,'2024-10-22 07:22:39','2024-10-28 09:10:09'),(27,4,1,NULL,1,271,'2024-10-22 13:53:11','22.3177957','73.1666695',NULL,'2024-10-22 13:54:15','22.317772','73.1666952',NULL,'2024-10-22 08:23:12',NULL,NULL,NULL,NULL,NULL,'2024-10-22 08:23:12','2024-10-22 08:24:16'),(28,4,1,NULL,3,274,'2024-10-22 13:59:17','22.3177924','73.1666747',NULL,'2024-10-22 14:01:13','22.3177744','73.1666816',NULL,'2024-10-22 08:29:18','gnjchng nu minh bcom',NULL,'1729585879_scaled_7c6ca29f-7354-4cb8-951d-39e3705ab52b8406087157594252415.jpg',NULL,NULL,'2024-10-22 08:29:18','2024-10-22 08:31:19'),(29,2,1,NULL,1,277,'2024-10-25 10:25:22','22.3177753','73.1666787',NULL,'2024-10-25 10:25:35','22.3177795','73.1666758',NULL,'2024-10-25 04:55:23',NULL,NULL,NULL,NULL,NULL,'2024-10-25 04:55:23','2024-10-25 04:55:36'),(30,2,1,NULL,1,277,'2024-10-25 10:25:42','22.3177753','73.1666787',NULL,'2024-10-29 10:10:46','22.3177316','73.1667333',NULL,'2024-10-25 04:55:42',NULL,NULL,NULL,NULL,NULL,'2024-10-25 04:55:42','2024-10-29 04:40:47'),(31,2,1,NULL,1,278,'2024-10-25 10:26:59','22.3177774','73.1666738',NULL,'2024-10-25 10:27:19','22.3177131','73.1668225',NULL,'2024-10-25 04:56:59',NULL,NULL,NULL,NULL,NULL,'2024-10-25 04:56:59','2024-10-25 04:57:19'),(32,2,1,NULL,1,278,'2024-10-25 10:27:24','22.3177774','73.1666738',NULL,'2024-10-29 10:10:46','22.3177316','73.1667333',NULL,'2024-10-25 04:57:24',NULL,NULL,NULL,NULL,NULL,'2024-10-25 04:57:24','2024-10-29 04:40:47'),(33,2,1,NULL,1,49,'2024-10-29 11:57:46','22.3177891','73.1666803',NULL,'2024-10-29 12:42:27','22.3177763','73.1666766',NULL,'2024-10-29 06:27:47',NULL,NULL,NULL,NULL,NULL,'2024-10-29 06:27:47','2024-10-29 07:12:28'),(34,2,1,NULL,1,50,'2024-10-29 12:48:49','22.3177744','73.1666725',NULL,'2024-10-29 12:51:15','22.3177915','73.1666815',NULL,'2024-10-29 07:18:50',NULL,NULL,NULL,NULL,NULL,'2024-10-29 07:18:50','2024-10-29 07:21:16'),(35,2,1,NULL,1,50,'2024-10-29 14:19:57','22.3178217','73.1666379',NULL,'2024-10-29 14:20:00','22.3178243','73.1666347',NULL,'2024-10-29 08:49:58',NULL,NULL,NULL,NULL,NULL,'2024-10-29 08:49:58','2024-10-29 08:50:01'),(36,2,1,NULL,1,51,'2024-10-29 15:04:39','22.3178235','73.1666313',NULL,'2024-10-29 15:04:47','22.3177997','73.1666627',NULL,'2024-10-29 09:34:40',NULL,NULL,NULL,NULL,NULL,'2024-10-29 09:34:40','2024-10-29 09:34:48'),(37,2,1,NULL,1,51,'2024-10-29 15:04:54','22.3178235','73.1666313',NULL,'2024-11-05 11:31:01','22.3177956','73.1666725',NULL,'2024-10-29 09:34:55',NULL,NULL,NULL,NULL,NULL,'2024-10-29 09:34:55','2024-11-05 06:01:01'),(38,8,4,NULL,1,281,'2024-11-05 09:27:27','22.3177944','73.1666563',NULL,'2024-11-05 09:27:37','22.317803','73.1666564',NULL,'2024-11-05 03:57:29',NULL,NULL,NULL,NULL,NULL,'2024-11-05 03:57:29','2024-11-05 03:57:39'),(39,8,4,NULL,1,281,'2024-11-05 09:27:43','22.3177944','73.1666563',NULL,'2024-11-05 09:32:24','22.3177997','73.1666654',NULL,'2024-11-05 03:57:44',NULL,NULL,NULL,NULL,NULL,'2024-11-05 03:57:44','2024-11-05 04:02:26'),(40,8,4,NULL,1,281,'2024-11-05 09:32:31','22.3178086','73.1666546',NULL,'2024-11-05 09:41:05','22.3178168','73.1666475',NULL,'2024-11-05 04:02:33',NULL,NULL,NULL,NULL,NULL,'2024-11-05 04:02:33','2024-11-05 04:11:06'),(41,8,4,NULL,1,281,'2024-11-05 09:41:13','22.3178226','73.1666346',NULL,'2024-11-05 09:47:55','22.3178303','73.1666391',NULL,'2024-11-05 04:11:15',NULL,NULL,NULL,NULL,NULL,'2024-11-05 04:11:15','2024-11-05 04:17:56'),(42,8,4,NULL,1,281,'2024-11-05 09:47:58','22.3178165','73.166644',NULL,'2024-11-05 10:01:32','22.3178226','73.1666416',NULL,'2024-11-05 04:18:00',NULL,NULL,NULL,NULL,NULL,'2024-11-05 04:18:00','2024-11-05 04:31:33'),(43,8,4,NULL,1,281,'2024-11-05 10:01:38','22.3178171','73.1666328',NULL,'2024-11-05 10:08:11','22.3178214','73.1666392',NULL,'2024-11-05 04:31:39',NULL,NULL,NULL,NULL,NULL,'2024-11-05 04:31:39','2024-11-05 04:38:12'),(44,8,4,NULL,1,281,'2024-11-05 10:08:18','22.3178199','73.1666446',NULL,'2024-11-05 10:27:03','22.3178235','73.1666352',NULL,'2024-11-05 04:38:19',NULL,NULL,NULL,NULL,NULL,'2024-11-05 04:38:19','2024-11-05 04:57:05'),(45,8,4,NULL,1,281,'2024-11-05 10:27:08','22.317781','73.1667143',NULL,'2024-11-05 10:34:06','22.3178236','73.1666354',NULL,'2024-11-05 04:57:10',NULL,NULL,NULL,NULL,NULL,'2024-11-05 04:57:10','2024-11-05 05:04:07'),(46,6,3,NULL,1,282,'2024-11-05 10:27:45','22.3177877','73.166652',NULL,'2024-11-05 10:28:03','22.3177605','73.1667213',NULL,'2024-11-05 04:57:46',NULL,NULL,NULL,NULL,NULL,'2024-11-05 04:57:46','2024-11-05 04:58:04'),(47,8,4,NULL,1,281,'2024-11-05 10:34:16','22.3178092','73.1666548',NULL,'2024-11-05 10:41:13','22.3177863','73.1666911',NULL,'2024-11-05 05:04:18',NULL,NULL,NULL,NULL,NULL,'2024-11-05 05:04:18','2024-11-05 05:11:14'),(48,8,4,NULL,1,281,'2024-11-05 10:41:17','22.3177915','73.1667021',NULL,'2024-11-05 10:41:32','22.3177632','73.1667143',NULL,'2024-11-05 05:11:19',NULL,NULL,NULL,NULL,NULL,'2024-11-05 05:11:19','2024-11-05 05:11:33'),(49,8,4,NULL,1,281,'2024-11-05 10:41:57','22.3177915','73.1667021',NULL,'2024-11-05 10:45:31','22.3178006','73.1666934',NULL,'2024-11-05 05:11:58',NULL,NULL,NULL,NULL,NULL,'2024-11-05 05:11:58','2024-11-05 05:15:32'),(50,8,4,NULL,1,281,'2024-11-05 10:46:30','22.3177782','73.1666976',NULL,'2024-11-05 10:47:04','22.3177752','73.1666906',NULL,'2024-11-05 05:16:32',NULL,NULL,NULL,NULL,NULL,'2024-11-05 05:16:32','2024-11-05 05:17:06'),(51,5,5,NULL,NULL,284,'2024-11-05 11:21:32','22.3178204','73.1666059',NULL,'2025-02-25 06:10:55',NULL,NULL,NULL,'2024-11-05 05:51:33',NULL,NULL,NULL,NULL,NULL,'2024-11-05 05:51:33','2025-02-25 06:10:55'),(52,2,2,NULL,1,52,'2024-11-05 11:35:02','22.3178014','73.1666666',NULL,'2024-11-05 11:43:17','22.3177795','73.1666994',NULL,'2024-11-05 06:05:02',NULL,NULL,NULL,NULL,NULL,'2024-11-05 06:05:02','2024-11-05 06:13:17'),(53,2,1,NULL,1,52,'2024-11-05 11:45:03','22.3177902','73.1666801',NULL,'2024-11-05 11:45:17','22.3177762','73.1667148',NULL,'2024-11-05 06:15:04',NULL,NULL,NULL,NULL,NULL,'2024-11-05 06:15:04','2024-11-05 06:15:17'),(54,2,1,NULL,1,52,'2024-11-05 11:45:22','22.3177902','73.1666801',NULL,'2024-11-05 11:46:25','22.317795','73.166676',NULL,'2024-11-05 06:15:22',NULL,NULL,NULL,NULL,NULL,'2024-11-05 06:15:22','2024-11-05 06:16:26'),(55,2,1,NULL,1,52,'2024-11-05 12:14:48','22.3178074','73.166664',NULL,'2024-11-05 17:01:22','22.3177679','73.1667049',NULL,'2024-11-05 06:44:48',NULL,NULL,NULL,NULL,NULL,'2024-11-05 06:44:48','2024-11-05 11:31:23'),(56,9,2,NULL,2,280,'2024-11-05 15:13:12','22.3178248','73.1667343',NULL,'2024-11-05 15:14:47','22.3177992','73.1667574',NULL,'2024-11-05 09:43:12','Ghhh',NULL,'1730799888_scaled_4f081f28-2de7-474f-8c84-e25b50c6d3b34286575755686097912.jpg',NULL,NULL,'2024-11-05 09:43:12','2024-11-05 09:44:48'),(57,9,2,NULL,3,280,'2024-11-05 16:32:57','22.3177105','73.166792',NULL,'2024-11-05 16:39:19','22.317716','73.1668123',NULL,'2024-11-05 11:02:57','Tedt',NULL,'1730804965_scaled_55d2fe9c-c9b9-4155-9428-4c079b8d9f767444703772676789830.jpg',NULL,NULL,'2024-11-05 11:02:57','2024-11-05 11:09:25'),(58,2,1,NULL,1,57,'2024-11-08 15:18:41','37.785834','-122.406417',NULL,'2024-11-08 15:18:49','37.785834','-122.406417',NULL,'2024-11-08 09:48:41',NULL,NULL,NULL,NULL,NULL,'2024-11-08 09:48:41','2024-11-08 09:48:49'),(59,9,2,NULL,1,287,'2024-11-08 17:57:18','22.5526798','72.9432491',NULL,'2024-11-08 18:01:36','22.552683','72.9432401',NULL,'2024-11-08 12:27:18','Vvbbbbbb Jjj Jhjjjhjjj   Hhhh Gggggggggggggg     Hhhhhhhhhhhhhhhhhhhhv   Gggggg',NULL,NULL,NULL,NULL,'2024-11-08 12:27:18','2024-11-08 12:31:36'),(60,9,2,NULL,1,287,'2024-11-08 18:09:30','22.5526798','72.9432491',NULL,'2024-11-08 18:12:41','22.5526787','72.9432547',NULL,'2024-11-08 12:39:30','Vvbbbbbb Jjj Jhjjjhjjj   Hhhh Gggggggggggggg     Hhhhhhhhhhhhhhhhhhhhv   Gggggg',NULL,NULL,NULL,NULL,'2024-11-08 12:39:30','2024-11-08 12:42:41'),(61,9,2,NULL,1,287,'2024-11-08 18:20:15','22.5526798','72.9432491',NULL,'2024-11-08 18:21:08','22.5526818','72.9432516',NULL,'2024-11-08 12:50:15','Vvbbbbbb Jjj Jhjjjhjjj   Hhhh Gggggggggggggg     Hhhhhhhhhhhhhhhhhhhhv   Gggggg',NULL,NULL,NULL,NULL,'2024-11-08 12:50:15','2024-11-08 12:51:08'),(62,2,1,NULL,1,59,'2024-11-15 14:30:07','22.3177754','73.1666883',NULL,'2024-11-15 17:06:16','22.3177861','73.1667124',NULL,'2024-11-15 09:00:07',NULL,NULL,NULL,NULL,NULL,'2024-11-15 09:00:07','2024-11-15 11:36:17'),(63,2,1,NULL,1,60,'2024-11-19 09:47:59','22.3177686','73.1666759',NULL,'2024-11-19 09:52:55','22.3177811','73.1666641',NULL,'2024-11-19 04:18:00',NULL,NULL,NULL,NULL,NULL,'2024-11-19 04:18:00','2024-11-19 04:22:56'),(64,2,1,NULL,1,60,'2024-11-19 09:54:19','22.3177686','73.1666759',NULL,'2024-11-19 11:48:04','22.3177781','73.166679',NULL,'2024-11-19 04:24:20',NULL,NULL,NULL,NULL,NULL,'2024-11-19 04:24:20','2024-11-19 06:18:06'),(65,2,1,NULL,1,61,'2024-11-19 14:37:45','22.3177791','73.1666788',NULL,'2024-11-19 14:56:25','22.3177843','73.166676',NULL,'2024-11-19 09:07:46',NULL,NULL,'1732008386_scaled_c35363f7-c2ed-4575-8b06-4ae65dfca9275685489481908650297.jpg',NULL,NULL,'2024-11-19 09:07:46','2024-11-19 09:26:26'),(66,2,1,NULL,1,63,'2024-11-19 14:57:37','22.3177889','73.1666677',NULL,'2024-11-19 14:57:50','22.317784','73.1666795',NULL,'2024-11-19 09:27:38',NULL,NULL,'1732008471_scaled_ee313af4-a23c-463d-9fea-c331e45536a75046915097085536037.jpg',NULL,NULL,'2024-11-19 09:27:38','2024-11-19 09:27:51'),(67,2,1,NULL,1,63,'2024-11-19 14:58:28','22.3177889','73.1666677',NULL,'2024-11-19 14:58:37','22.3177712','73.1666947',NULL,'2024-11-19 09:28:29',NULL,NULL,'1732008519_scaled_8886773d-fcc3-46ca-b7b3-6760ecd19e838759785554333696086.jpg',NULL,NULL,'2024-11-19 09:28:29','2024-11-19 09:28:39'),(68,9,2,NULL,2,288,'2024-11-19 15:58:37','22.3178143','73.1666361',NULL,'2024-11-19 18:09:49','22.3178231','73.1666065',NULL,'2024-11-19 10:28:37','Sgsgdg',NULL,'1732019990_scaled_792ed11a-bbbd-4f08-a3b4-c91ab5f566522138296103598284900.jpg',NULL,NULL,'2024-11-19 10:28:37','2024-11-19 12:39:50'),(69,9,2,NULL,1,289,'2024-11-19 18:14:58','22.3178122','73.1666511',NULL,'2024-11-19 18:15:21','22.3177919','73.1666418',NULL,'2024-11-19 12:44:59',NULL,NULL,'1732020322_scaled_61039cf9-d163-4f7e-b451-83dc6a6ebb165091451889433735543.jpg',NULL,NULL,'2024-11-19 12:44:59','2024-11-19 12:45:22'),(70,9,2,NULL,1,289,'2024-11-19 18:15:26','22.3178122','73.1666511',NULL,'2024-11-19 18:15:35','22.3177766','73.1666709',NULL,'2024-11-19 12:45:26',NULL,NULL,'1732020336_scaled_d697c525-1ec7-4e6d-b48d-131d0038c7aa7185414938900532184.jpg',NULL,NULL,'2024-11-19 12:45:26','2024-11-19 12:45:36'),(71,9,2,NULL,1,289,'2024-11-19 18:30:28','22.3177914','73.1666404',NULL,'2024-11-19 18:30:47','22.3177966','73.1666705',NULL,'2024-11-19 13:00:29',NULL,NULL,'1732021251_scaled_239f3933-0184-410b-a33c-da60792556d27506910788857936869.jpg',NULL,NULL,'2024-11-19 13:00:29','2024-11-19 13:00:51'),(72,9,2,NULL,1,289,'2024-11-19 18:30:28','22.3177914','73.1666404',NULL,'2024-11-19 18:30:47','22.3177966','73.1666705',NULL,'2024-11-19 13:00:29',NULL,NULL,'1732021251_scaled_239f3933-0184-410b-a33c-da60792556d27506910788857936869.jpg',NULL,NULL,'2024-11-19 13:00:29','2024-11-19 13:00:51'),(73,9,2,NULL,1,289,'2024-11-19 18:30:58','22.3179134','73.1666322',NULL,'2024-11-20 16:42:29','22.3177397','73.1667284',NULL,'2024-11-19 13:00:58',NULL,NULL,'1732101161_scaled_858974e1-856c-486f-aee1-edb95928ac6f3510840787032287767.jpg',NULL,NULL,'2024-11-19 13:00:58','2024-11-20 11:12:41'),(74,9,2,NULL,1,289,'2024-11-20 16:45:29','22.3177557','73.1667263',NULL,'2024-11-20 16:45:40','22.3177664','73.1666863',NULL,'2024-11-20 11:15:30',NULL,NULL,'1732101351_scaled_0760eccd-c7ec-4dd9-b48f-d8de8577d11c7363163907340650018.jpg',NULL,NULL,'2024-11-20 11:15:30','2024-11-20 11:15:51'),(75,9,2,NULL,1,290,'2024-11-20 17:16:58','22.3177407','73.1667434',NULL,'2024-11-28 10:44:05','22.3178105','73.1666316',NULL,'2024-11-20 11:46:58',NULL,NULL,'1732770845_scaled_b5649317-22e6-4442-83f4-1113d726b4de5909406230574893691.jpg',NULL,NULL,'2024-11-20 11:46:58','2024-11-28 05:14:05'),(76,2,2,NULL,1,63,'2024-11-20 17:39:38','22.3177645','73.1666915',NULL,'2024-11-20 18:08:24','22.3177844','73.1666741',NULL,'2024-11-20 12:09:38',NULL,NULL,'1732106306_scaled_cbac0c2c-9937-4525-b5ed-89d16ec300388965527925369016405.jpg',NULL,NULL,'2024-11-20 12:09:38','2024-11-20 12:38:26'),(77,2,1,NULL,1,66,'2024-11-20 18:17:28','22.3177726','73.1666845',NULL,'2024-11-27 11:16:40','22.317816','73.166629',NULL,'2024-11-20 12:47:29',NULL,NULL,'1732686400_scaled_b41c288a-d6a8-41b3-95d1-3e31d040635f6239690681932619482.jpg',NULL,NULL,'2024-11-20 12:47:29','2024-11-27 05:46:40'),(78,2,1,NULL,1,66,'2024-11-27 11:16:55','22.3178133','73.1666281',NULL,'2024-11-27 11:27:10','22.3178095','73.1666299',NULL,'2024-11-27 05:46:56',NULL,NULL,'1732687031_scaled_9f6ff4ff-4346-4dff-a283-86819e6260291189621257007168711.jpg',NULL,NULL,'2024-11-27 05:46:56','2024-11-27 05:57:11'),(79,9,2,NULL,2,291,'2024-11-28 10:44:50','22.3178524','73.166585',NULL,'2024-11-29 11:03:49','22.3178247','73.166619',NULL,'2024-11-28 05:14:50',NULL,NULL,'1732858429_scaled_84e25b0a-6df7-4fee-8899-be0f047d536d1927711643138536597.jpg',NULL,NULL,'2024-11-28 05:14:50','2024-11-29 05:33:49'),(80,9,2,NULL,3,291,'2024-11-29 11:04:18','22.3178087','73.1666334',NULL,'2024-11-29 11:04:29','22.317815','73.1666278',NULL,'2024-11-29 05:34:17',NULL,NULL,'1732858468_scaled_9f1fbd66-3c40-45b7-8a89-4eb1d2f180265554567506847340357.jpg',NULL,NULL,'2024-11-29 05:34:17','2024-11-29 05:34:28'),(81,9,2,NULL,3,291,'2024-11-29 11:20:30','22.3178186','73.1666833',NULL,'2024-11-29 11:20:54','22.3178039','73.1666657',NULL,'2024-11-29 05:50:29','Jxxkkd',NULL,'1732859453_scaled_e9ebb76f-2015-419a-bd01-b2bf041dec353483350713820113135.jpg','1732859453_scaled_ad085968-ed41-4e43-beb2-d40bb14df6518610989463060864335.jpg',NULL,'2024-11-29 05:50:29','2024-11-29 05:50:53'),(82,9,2,NULL,1,291,'2024-11-29 11:20:31','22.3178186','73.1666833',NULL,'2024-11-29 17:52:22','22.5526961','72.9432454',NULL,'2024-11-29 05:50:29',NULL,NULL,'1732882942_scaled_6df2cf20-f4ec-4d58-a3ec-1b8917b52ccf3753826417154991061.jpg',NULL,NULL,'2024-11-29 05:50:29','2024-11-29 12:22:22'),(83,9,2,NULL,1,291,'2024-11-30 15:37:03','22.3177417','73.166718',NULL,'2024-12-27 11:19:59','22.3178458','73.1665407',NULL,'2024-11-30 10:07:04',NULL,NULL,'1735278622_scaled_5d9f431a-fe41-46ad-9cf0-303e42cb73ae9190866575057285459.jpg',NULL,NULL,'2024-11-30 10:07:04','2024-12-27 05:50:23'),(84,4,1,NULL,1,273,'2024-11-30 15:42:02','22.3177495','73.1667492',NULL,'2024-11-30 16:00:50','22.317725','73.1667303',NULL,'2024-11-30 10:11:59',NULL,NULL,'1732962649_scaled_48491f98-6a6a-4163-883b-baf7d95c53738753956252294110731.jpg',NULL,NULL,'2024-11-30 10:11:59','2024-11-30 10:30:49'),(85,4,1,NULL,1,273,'2024-11-30 16:19:42','22.3177239','73.1667825',NULL,'2024-12-12 18:30:43','22.3178211','73.1666707',NULL,'2024-11-30 10:49:40',NULL,NULL,'1734008443_scaled_cf5597e1-f013-40ea-be54-fda368fb153a4410608169286361031.jpg',NULL,NULL,'2024-11-30 10:49:40','2024-12-12 13:00:43'),(86,2,1,NULL,1,66,'2024-12-21 11:54:47','22.3178617','73.1665425',NULL,'2024-12-21 14:34:19','22.3178456','73.1665478',NULL,'2024-12-21 06:24:48',NULL,NULL,'1734771860_scaled_d8f6dc58-1618-42b6-b8dc-d26f0dbae4f41651570594474138609.jpg',NULL,NULL,'2024-12-21 06:24:48','2024-12-21 09:04:20'),(87,2,1,NULL,1,66,'2024-12-21 11:54:47','22.3178617','73.1665425',NULL,'2024-12-21 14:44:23','22.3178481','73.166544',NULL,'2024-12-21 06:24:48',NULL,NULL,'1734772464_scaled_4462b1c4-e05c-4c0a-903f-3c9ccd327b677369924539004444451.jpg',NULL,NULL,'2024-12-21 06:24:48','2024-12-21 09:14:24'),(88,2,1,NULL,1,66,'2024-12-21 14:44:35','22.3178498','73.1665423',NULL,'2024-12-23 10:31:38','22.3177986','73.1665908',NULL,'2024-12-21 09:14:36',NULL,NULL,'1734930100_scaled_6f0b3fce-19dc-431a-b8e2-01395dcf50895223589729949346272.jpg',NULL,NULL,'2024-12-21 09:14:36','2024-12-23 05:01:40'),(89,2,1,NULL,1,66,'2024-12-23 12:45:48','22.3178294','73.1665881',NULL,'2024-12-23 13:06:43','22.3178507','73.1665574',NULL,'2024-12-23 07:15:49',NULL,NULL,'1734939405_scaled_b3b0ed2d-bfee-474e-b843-4778ee837191210475832720441135.jpg',NULL,NULL,'2024-12-23 07:15:49','2024-12-23 07:36:45'),(90,2,1,NULL,1,66,'2024-12-23 14:34:09','22.3178381','73.1665643',NULL,'2024-12-23 14:45:04','22.3178295','73.1665641',NULL,'2024-12-23 09:04:10',NULL,NULL,'1734945306_scaled_7398db72-27c7-453c-b42c-e7fb9c38069c7600233451828547284.jpg',NULL,NULL,'2024-12-23 09:04:10','2024-12-23 09:15:06'),(91,2,2,NULL,1,67,'2024-12-23 15:25:22','22.3178528','73.166545',NULL,'2024-12-23 15:25:38','22.3178374','73.166555',NULL,'2024-12-23 09:55:24',NULL,NULL,'1734947740_scaled_44d900ef-6f90-45e3-b83b-73e86b5cdce51939721053875092656.jpg',NULL,NULL,'2024-12-23 09:55:24','2024-12-23 09:55:40'),(92,2,1,NULL,1,67,'2024-12-24 10:12:35','22.3178565','73.1665753',NULL,'2024-12-24 11:59:17','22.3178454','73.1665409',NULL,'2024-12-24 04:42:35',NULL,NULL,'1735021758_scaled_7f4b2e86-05fd-46a0-99b3-dd99280e32968490800643308021561.jpg',NULL,NULL,'2024-12-24 04:42:35','2024-12-24 06:29:18'),(93,9,2,NULL,1,292,'2024-12-27 11:20:42','22.3178455','73.1665545',NULL,'2025-02-24 11:07:33','22.3178399','73.1666508',NULL,'2024-12-27 05:50:41',NULL,NULL,'1740375455_scaled_897ec094-b9ac-4069-b660-9f0b3d49ec0f9199726088475583737.jpg',NULL,NULL,'2024-12-27 05:50:41','2025-02-24 05:37:35'),(94,2,1,NULL,1,67,'2024-12-27 12:32:40','22.3178524','73.16655',NULL,'2024-12-27 12:46:32','22.3178479','73.1665438',NULL,'2024-12-27 07:02:39',NULL,NULL,'1735283792_scaled_05946c68-b123-4645-ab7d-cf668174a0066679702222345244413.jpg',NULL,NULL,'2024-12-27 07:02:39','2024-12-27 07:16:32'),(95,2,1,NULL,1,67,'2024-12-27 14:13:34','22.3178283','73.1665782',NULL,'2024-12-27 14:16:36','22.3178218','73.1666187',NULL,'2024-12-27 08:43:35',NULL,NULL,'1735289196_scaled_53f7924e-451c-427c-bd96-8a455b2aab714138603420419677731.jpg',NULL,NULL,'2024-12-27 08:43:35','2024-12-27 08:46:36'),(96,2,1,NULL,1,67,'2025-01-16 13:00:20','22.3179767','73.1666317',NULL,'2025-01-16 13:02:00','22.318355','73.1661367',NULL,'2025-01-16 07:30:23',NULL,NULL,'1737012723_scaled_78be59b5-57d7-474e-881b-e82867823ac71172328885672757273.jpg',NULL,NULL,'2025-01-16 07:30:23','2025-01-16 07:32:03'),(97,2,1,NULL,1,68,'2025-01-27 10:11:23','22.3178583','73.1665449',NULL,'2025-01-27 10:11:56','22.3178643','73.166571',NULL,'2025-01-27 04:41:24',NULL,NULL,'1737952917_scaled_9a2eb682-b609-4ea1-a9e6-5ee9fc6d0c7a5632275341244435050.jpg',NULL,NULL,'2025-01-27 04:41:24','2025-01-27 04:41:57'),(98,2,1,NULL,1,68,'2025-02-04 16:43:20','22.3178453','73.1666755',NULL,'2025-02-04 16:44:06','22.3178408','73.1667383',NULL,'2025-02-04 11:13:22',NULL,NULL,'1738667648_scaled_025e93ad-4e7f-4b31-93b4-3851ee70f7758386249942006602753.jpg',NULL,NULL,'2025-02-04 11:13:22','2025-02-04 11:14:08'),(99,2,2,NULL,1,69,'2025-02-04 17:24:15','22.3178433','73.1666916',NULL,'2025-02-05 10:34:22','22.3178459','73.166635',NULL,'2025-02-04 11:54:17',NULL,NULL,'1738731864_scaled_433cf55b-2705-4a5d-a536-0c597e6c6f7e5339071834792770275.jpg',NULL,NULL,'2025-02-04 11:54:17','2025-02-05 05:04:24'),(100,2,1,NULL,1,69,'2025-02-05 11:20:18','22.3178693','73.1666523',NULL,'2025-02-05 11:20:34','22.3178438','73.1666117',NULL,'2025-02-05 05:50:19',NULL,NULL,'1738734635_scaled_75dece57-a48f-4f37-85f6-cbb25a03b7377137653405870302881.jpg',NULL,NULL,'2025-02-05 05:50:19','2025-02-05 05:50:35'),(101,2,1,NULL,1,69,'2025-02-05 11:22:33','22.3180067','73.1668596',NULL,'2025-02-05 11:24:45','22.3178569','73.1666581',NULL,'2025-02-05 05:52:33',NULL,NULL,'1738734887_scaled_c2ce55e2-54f2-45b4-930f-3ee50487a81e2675808065033054123.jpg',NULL,NULL,'2025-02-05 05:52:33','2025-02-05 05:54:47'),(102,2,1,NULL,1,69,'2025-02-05 11:22:33','22.3180067','73.1668596',NULL,'2025-02-05 11:25:19','22.3178516','73.1666365',NULL,'2025-02-05 05:52:33',NULL,NULL,'1738734920_scaled_744937a9-cb8f-4e80-b2fe-a0001ee0975a438837479803720167.jpg',NULL,NULL,'2025-02-05 05:52:33','2025-02-05 05:55:20'),(103,2,1,NULL,1,69,'2025-02-12 17:17:07','22.317782','73.1666898',NULL,'2025-02-12 17:18:14','22.3178469','73.1665627',NULL,'2025-02-12 11:47:08',NULL,NULL,'1739360896_scaled_63d8d78d-c999-4b25-a373-f4bd141ec32a8513620767723487435.jpg',NULL,NULL,'2025-02-12 11:47:08','2025-02-12 11:48:16'),(104,2,1,NULL,1,69,'2025-02-12 17:17:07','22.317782','73.1666898',NULL,'2025-02-14 15:17:09','22.3178517','73.1665604',NULL,'2025-02-12 11:47:08',NULL,NULL,'1739526430_scaled_b024bcd9-192e-4926-b4fb-ebfa93b018b35142214502597416959.jpg',NULL,NULL,'2025-02-12 11:47:08','2025-02-14 09:47:10'),(105,2,1,NULL,1,71,'2025-02-17 16:42:09','22.3178381','73.1665928',NULL,'2025-02-19 18:10:08','22.3177906','73.1666913',NULL,'2025-02-17 11:12:11',NULL,NULL,'1739968810_scaled_1bfbca69-63af-470f-9f62-4028f05fce308154276292362921036.jpg',NULL,NULL,'2025-02-17 11:12:11','2025-02-19 12:40:10'),(106,2,1,NULL,1,72,'2025-02-19 18:10:19','22.3178277','73.16669',NULL,'2025-02-20 15:54:53','22.3178352','73.1666492',NULL,'2025-02-19 12:40:20',NULL,NULL,'1740047094_scaled_c79b46c4-f5cf-4f58-ab0e-256f1e11a0975982002858691367947.jpg',NULL,NULL,'2025-02-19 12:40:20','2025-02-20 10:24:54'),(107,9,1,NULL,1,294,'2025-02-24 12:22:52','22.3178335','73.1666632',NULL,'2025-02-24 14:17:08','22.3178655','73.1666231',NULL,'2025-02-24 06:52:54','check','check','1740386830_scaled_c2869728-ba10-45e5-bc76-e2116bcb6f538679655422272625991.jpg',NULL,NULL,'2025-02-24 06:52:54','2025-02-24 08:47:10'),(108,9,1,NULL,1,294,'2025-02-24 12:22:52','22.3178335','73.1666632',NULL,'2025-02-24 17:56:24','22.3178328','73.1666331',NULL,'2025-02-24 06:52:54',NULL,NULL,'1740399985_scaled_d07c6988-1f55-4f28-8f0c-a007c20b30356640475371279866840.jpg',NULL,NULL,'2025-02-24 06:52:54','2025-02-24 12:26:25'),(109,9,1,NULL,3,294,'2025-02-24 18:01:44','22.3178325','73.1666519',NULL,'2025-02-24 18:01:59','22.3178817','73.1666247',NULL,'2025-02-24 12:31:45',NULL,NULL,'1740400320_scaled_b0a971f5-eca5-4ad2-b4b8-d39fbc0e6a398070913093522477877.jpg',NULL,NULL,'2025-02-24 12:31:45','2025-02-24 12:32:00'),(110,9,1,NULL,1,294,'2025-02-24 18:01:44','22.3178325','73.1666519',NULL,'2025-02-24 18:02:42','22.3178221','73.1666399',NULL,'2025-02-24 12:31:45',NULL,NULL,'1740400363_scaled_e60f7ff7-1cd7-4821-99e5-fd592cd126b58081942138994631679.jpg',NULL,NULL,'2025-02-24 12:31:45','2025-02-24 12:32:43'),(111,2,1,NULL,1,87,'2025-02-24 18:27:55','22.317837','73.1666273',NULL,'2025-02-24 18:28:19','22.3178073','73.1666763',NULL,'2025-02-24 12:57:56',NULL,NULL,'1740401900_scaled_4e911dae-3091-4b4b-a1da-2e09cdb8a0b51454998115201524161.jpg',NULL,NULL,'2025-02-24 12:57:56','2025-02-24 12:58:20'),(112,2,1,NULL,1,87,'2025-02-24 18:28:32','22.3178061','73.1667071',NULL,'2025-02-24 18:30:27','22.3178197','73.1666575',NULL,'2025-02-24 12:58:32',NULL,NULL,'1740402028_scaled_80d8a1c7-b76c-4090-af6d-6d8cf90c10a72318523233149282520.jpg',NULL,NULL,'2025-02-24 12:58:32','2025-02-24 13:00:28'),(113,2,1,NULL,1,87,'2025-02-24 18:33:17','22.3177621','73.1667436',NULL,'2025-02-24 18:33:30','22.3178508','73.1666169',NULL,'2025-02-24 13:03:18',NULL,NULL,'1740402211_scaled_1de065e1-489a-49da-8710-0e1a8f3c81138707282362271969737.jpg',NULL,NULL,'2025-02-24 13:03:18','2025-02-24 13:03:31'),(114,2,1,NULL,1,88,'2025-02-25 11:04:33','22.3178542','73.1665958',NULL,'2025-02-25 11:04:46','22.3178567','73.1665999',NULL,'2025-02-25 05:34:34',NULL,NULL,'1740461688_scaled_e46c6917-d3e7-4756-a103-a9a3fb3717b068022480959559091.jpg',NULL,NULL,'2025-02-25 05:34:34','2025-02-25 05:34:48'),(115,9,1,NULL,3,296,'2025-02-25 11:43:22','22.3178996','73.1665716',NULL,'2025-02-25 11:43:46','22.3178391','73.16666',NULL,'2025-02-25 06:13:24',NULL,NULL,'1740464028_scaled_82369614-d4b4-4ce5-bd99-f650fa3f7ff72531562393941267366.jpg',NULL,NULL,'2025-02-25 06:13:24','2025-02-25 06:13:48'),(116,9,1,NULL,3,296,'2025-02-25 11:45:18','22.3178986','73.1666227',NULL,'2025-02-25 11:46:00','22.3178964','73.1665843',NULL,'2025-02-25 06:15:20','dbdb svsvs svsvs svsgwvwvsvsvsv sbdheh zvsgeg sbdhdh vshdheh xbdheg svageg sveheh svehehe gwgeheh sgwheheh','jeheg zvegegw de vwgw zvdgeh zvdheg zvdvege vshege dveveb svsgeg','1740464163_scaled_79249006-ac28-4d94-8323-5fda81290cb96409379171168039594.jpg',NULL,NULL,'2025-02-25 06:15:20','2025-02-25 06:16:03'),(117,9,1,NULL,1,296,'2025-02-25 11:50:21','22.317931','73.166557',NULL,'2025-02-25 11:50:44','22.3179089','73.1666248',NULL,'2025-02-25 06:20:23','ff','gg','1740464445_scaled_f4926b48-9df1-4a29-b41d-ebe608c15c975479245411298693502.jpg',NULL,NULL,'2025-02-25 06:20:23','2025-02-25 06:20:45'),(118,2,1,NULL,1,297,'2025-02-25 11:50:51','22.317839','73.1666353',NULL,'2025-02-25 15:56:26','22.3178363','73.1666439',NULL,'2025-02-25 06:20:52',NULL,NULL,'1740479187_scaled_a35e76e0-5d63-4677-ad53-6523fbd37ef44987558469250908148.jpg',NULL,NULL,'2025-02-25 06:20:52','2025-02-25 10:26:27'),(119,9,1,NULL,1,296,'2025-02-25 15:27:28','22.3178816','73.1667131',NULL,'2025-02-25 16:35:54','22.3178817','73.1666533',NULL,'2025-02-25 09:57:29','vyvy','vyv','1740481555_scaled_a575b872-876b-4159-a23e-a8057ea140db8091737121448427591.jpg',NULL,NULL,'2025-02-25 09:57:29','2025-02-25 11:05:55'),(120,2,1,NULL,1,297,'2025-02-25 15:58:04','22.3178244','73.1666655',NULL,'2025-02-25 15:59:55','22.3178172','73.1666437',NULL,'2025-02-25 10:28:06',NULL,NULL,'1740479398_scaled_9b666006-4736-46a9-ba7e-abee653571a91468195331801686494.jpg',NULL,NULL,'2025-02-25 10:28:06','2025-02-25 10:29:58'),(121,9,11,NULL,1,298,'2025-02-26 12:02:19','22.3178915','73.1666863',NULL,'2025-02-26 14:50:59','22.3178715','73.1667125',NULL,'2025-02-26 06:32:20',NULL,NULL,'1740561661_scaled_9a104242-5dac-42e0-8161-8e94ec87515f8771314210947680569.jpg',NULL,NULL,'2025-02-26 06:32:20','2025-02-26 09:21:01'),(122,9,11,NULL,1,298,'2025-02-26 12:02:19','22.3178915','73.1666863',NULL,'2025-02-26 14:52:14','22.3178564','73.1667054',NULL,'2025-02-26 06:32:20',NULL,NULL,'1740561736_scaled_894adb03-30f5-4ed0-b7fa-4f10c36db9b76368250035642341917.jpg',NULL,NULL,'2025-02-26 06:32:20','2025-02-26 09:22:16'),(123,2,12,NULL,1,297,'2025-02-26 14:13:22','22.3178592','73.1667246',NULL,'2025-02-26 14:23:28','22.3178407','73.1666016',NULL,'2025-02-26 08:43:23',NULL,NULL,'1740560010_scaled_1ea453a1-e340-4e75-938d-dc23d93a13877538610486740600270.jpg',NULL,NULL,'2025-02-26 08:43:23','2025-02-26 08:53:30'),(124,3,1,NULL,1,299,'2025-02-26 14:16:06','22.3178572','73.1667123',NULL,'2025-02-26 14:16:14','22.3178517','73.1667003',NULL,'2025-02-26 08:46:07',NULL,NULL,'1740559575_scaled_d13c60b9-f712-41de-8e34-4164f29b70a58607671283210208634.jpg',NULL,NULL,'2025-02-26 08:46:07','2025-02-26 08:46:15'),(125,2,12,NULL,1,297,'2025-02-26 14:23:44','22.3178371','73.1666162',NULL,'2025-02-26 14:29:31','22.317831','73.1666428',NULL,'2025-02-26 08:53:45',NULL,NULL,'1740560372_scaled_b7843d8e-49b1-4d1d-b64e-9093478191dc3991264915543340652.jpg',NULL,NULL,'2025-02-26 08:53:45','2025-02-26 08:59:32'),(126,2,1,NULL,1,297,'2025-02-26 14:33:07','22.3178282','73.1666624',NULL,'2025-02-26 14:33:20','22.3178232','73.1666536',NULL,'2025-02-26 09:03:09',NULL,NULL,'1740560601_scaled_75914d90-8af2-490e-a840-955f821ae82f4259167971848254949.jpg',NULL,NULL,'2025-02-26 09:03:09','2025-02-26 09:03:21'),(127,2,1,NULL,1,297,'2025-02-26 14:34:14','22.3178289','73.1666454',NULL,'2025-02-26 14:38:44','22.3178253','73.1666567',NULL,'2025-02-26 09:04:15',NULL,NULL,'1740560926_scaled_c9ba3306-6061-4f83-8342-aad5f4db88b95369908288918123099.jpg',NULL,NULL,'2025-02-26 09:04:15','2025-02-26 09:08:46'),(128,2,1,NULL,1,297,'2025-02-26 14:39:15','22.3178288','73.166658',NULL,'2025-02-26 14:45:54','22.3178499','73.1666064',NULL,'2025-02-26 09:09:16',NULL,NULL,'1740561356_scaled_804b619f-1b88-4128-9734-5dd6c1f237d34352903651645604036.jpg',NULL,NULL,'2025-02-26 09:09:16','2025-02-26 09:15:56'),(129,2,1,NULL,NULL,297,'2025-02-26 14:46:13','22.317846','73.166633',NULL,'2025-02-26 14:50:24','22.317846','73.1666127',NULL,'2025-02-26 09:16:15',NULL,NULL,'1740561626_scaled_3cbdb749-6e31-40db-affc-ab5770f786962380492025338791698.jpg',NULL,NULL,'2025-02-26 09:16:15','2025-02-26 09:20:26'),(130,2,1,NULL,NULL,297,'2025-02-26 14:50:39','22.3178339','73.1666417',NULL,'2025-02-26 14:50:49','22.3177804','73.1667176',NULL,'2025-02-26 09:20:40',NULL,NULL,'1740561651_scaled_9dc210e2-96a7-455b-8f74-52e9341de0d7107454819453220384.jpg',NULL,NULL,'2025-02-26 09:20:40','2025-02-26 09:20:51'),(131,2,1,NULL,NULL,297,'2025-02-26 14:50:59','22.3178358','73.1666319',NULL,'2025-03-06 17:23:46','22.317761','73.1668227',NULL,'2025-02-26 09:21:01',NULL,NULL,'1741262034_scaled_99c289d2-56aa-4557-987f-5bb788644d064092528992373875632.jpg',NULL,NULL,'2025-02-26 09:21:01','2025-03-06 11:53:54'),(132,9,11,NULL,NULL,298,'2025-02-26 14:52:29','22.3178649','73.16671',NULL,'2025-02-26 14:52:39','22.3178693','73.1667021',NULL,'2025-02-26 09:22:30',NULL,NULL,'1740561760_scaled_c9627903-3217-43b4-b1a2-83503c1f7f2c8761285167194679258.jpg',NULL,NULL,'2025-02-26 09:22:30','2025-02-26 09:22:40'),(133,9,11,NULL,NULL,298,'2025-02-26 14:57:04','22.317856','73.1667055',NULL,'2025-02-26 14:58:01','22.3178225','73.166703',NULL,'2025-02-26 09:27:05',NULL,NULL,'1740562083_scaled_32128bd1-5941-481c-8491-822929025f89994562640300405906.jpg',NULL,NULL,'2025-02-26 09:27:05','2025-02-26 09:28:03'),(134,9,1,NULL,NULL,301,'2025-02-27 14:11:43','22.317861','73.1667158',NULL,'2025-02-27 14:12:28','22.3178631','73.1667011',NULL,'2025-02-27 08:41:44','f','v','1740645751_scaled_f1f69aa7-f64b-4414-a04e-f885a0dee8fa891029283052381209.jpg',NULL,NULL,'2025-02-27 08:41:44','2025-02-27 08:42:31'),(135,9,13,NULL,2,301,'2025-02-27 14:16:01','22.3178637','73.1667146',NULL,'2025-02-27 14:16:19','22.3178602','73.1666914',NULL,'2025-02-27 08:46:02',NULL,NULL,'1740645981_scaled_aa813a2f-acb9-4c97-8160-a5046cdcae204828424734648360956.jpg',NULL,NULL,'2025-02-27 08:46:02','2025-02-27 08:46:21'),(136,9,14,NULL,1,304,'2025-02-27 15:21:48','22.3177755','73.166789',NULL,'2025-02-27 15:23:17','22.3177629','73.1667997',NULL,'2025-02-27 09:51:50','cf','vv','1740649999_scaled_3a98d6a7-bb8f-4a5f-8eec-98a131bc9058591727203927332474.jpg',NULL,NULL,'2025-02-27 09:51:50','2025-02-27 09:53:19'),(137,9,14,NULL,NULL,304,'2025-02-27 15:23:34','22.3177259','73.1668144',NULL,'2025-02-27 15:24:00','22.3177616','73.1668025',NULL,'2025-02-27 09:53:36',NULL,NULL,'1740650041_scaled_46b854b6-7668-4d22-a100-8e18acb20d0c675125255300862038.jpg',NULL,NULL,'2025-02-27 09:53:36','2025-02-27 09:54:01'),(138,9,15,NULL,2,304,'2025-02-27 15:25:16','22.3177669','73.166808',NULL,'2025-02-27 15:25:53','22.3177829','73.1667824',NULL,'2025-02-27 09:55:17','cc','ff','1740650154_scaled_9a8b0233-cd62-4f5a-be09-be8a50fd293d456042636151885114.jpg',NULL,NULL,'2025-02-27 09:55:17','2025-02-27 09:55:54'),(139,9,16,NULL,2,305,'2025-02-28 11:03:33','22.317883','73.1666715',NULL,'2025-03-05 12:09:46','22.3178357','73.1667211',NULL,'2025-02-28 05:33:35',NULL,NULL,'1741156788_scaled_2e8d8ae8-3fe0-48b4-9fed-f55e62d72728378775314952826796.jpg',NULL,NULL,'2025-02-28 05:33:35','2025-03-05 06:39:48'),(140,9,15,NULL,NULL,307,'2025-03-05 12:12:33','22.3179228','73.1665756',NULL,'2025-03-05 12:50:42','22.3178517','73.166737',NULL,'2025-03-05 06:42:34',NULL,NULL,'1741159245_scaled_2962aad9-4ec0-4408-98e3-441def69c9ff5807364658462553937.jpg','1741159245_scaled_8690eb38-5307-4cf4-8bd4-ec40e5f4af372980704141978795303.jpg','1741159245_scaled_b7d01309-34f2-42d5-ba3a-2174f7b840a62244674891610895302.jpg','2025-03-05 06:42:34','2025-03-05 07:20:45'),(141,9,11,NULL,NULL,308,'2025-03-05 17:25:31','22.3178773','73.1667013',NULL,'2025-03-05 17:49:56','22.3178853','73.1666153',NULL,'2025-03-05 11:55:33','rnr dbeve svevs svevz  svs z dbevz dbdhs x dbs d dbsvx bebe dbdhehe  sbehehe','sge dbdb dvdv dvdve dvdb svdvd dveve sveveb dbebd d dbeb dbebd x','1741177199_scaled_8ab17ac3-88a9-4c4b-a72b-907aa1e16cf7151250559151138665.jpg',NULL,NULL,'2025-03-05 11:55:33','2025-03-05 12:19:59'),(142,9,11,NULL,NULL,311,'2025-03-06 12:39:38','22.3179015','73.1666428',NULL,'2025-03-06 12:41:37','22.3178165','73.1667283',NULL,'2025-03-06 07:09:39','rjh dhrgr','dvfr rd vdg dveve','1741245100_scaled_88ca0ad8-3d8f-442e-a124-a79f411339d2378962224513575449.jpg',NULL,NULL,'2025-03-06 07:09:39','2025-03-06 07:11:40'),(143,9,17,NULL,2,312,'2025-03-06 14:35:33','22.3178848','73.1666521',NULL,'2025-03-06 14:36:17','22.3178924','73.1666794',NULL,'2025-03-06 09:05:34',NULL,NULL,'1741251978_scaled_385da068-4e34-4c2f-a655-2f61400b3a941641010801273853133.jpg',NULL,NULL,'2025-03-06 09:05:34','2025-03-06 09:06:18'),(144,9,1,NULL,NULL,313,'2025-03-06 16:55:16','22.3177703','73.1667827',NULL,'2025-03-06 16:56:36','22.3177379','73.1668164',NULL,'2025-03-06 11:25:17',NULL,NULL,'1741260405_scaled_ff4b6f0a-ecf7-4f04-91ca-39cabfdb38bd8738961298279334087.jpg',NULL,NULL,'2025-03-06 11:25:17','2025-03-06 11:26:45'),(145,9,18,NULL,2,313,'2025-03-06 17:00:20','22.3177692','73.1668006',NULL,'2025-03-06 17:00:43','22.3178169','73.1668133',NULL,'2025-03-06 11:30:21',NULL,NULL,'1741260647_scaled_f8d3777e-9f4c-4a1e-91bd-7d2465ce965a2544490625824379718.jpg',NULL,NULL,'2025-03-06 11:30:21','2025-03-06 11:30:47'),(146,2,20,NULL,1,297,'2025-03-06 17:24:46','22.3177983','73.1668165',NULL,'2025-03-06 17:25:03','22.3177844','73.1667955',NULL,'2025-03-06 11:54:47',NULL,NULL,'1741262114_scaled_e29425ec-3ae1-49ce-9aeb-f64b186163bc1076159758675398648.jpg',NULL,NULL,'2025-03-06 11:54:47','2025-03-06 11:55:15'),(147,2,20,NULL,NULL,297,'2025-03-06 17:24:46','22.3177983','73.1668165',NULL,'2025-03-06 17:25:27','22.3177821','73.1668123',NULL,'2025-03-06 11:54:47',NULL,NULL,'1741262138_scaled_0c90e62f-ae82-45bf-a16d-97bac913392a8742981722720580336.jpg',NULL,NULL,'2025-03-06 11:54:47','2025-03-06 11:55:38'),(148,9,21,NULL,3,315,'2025-03-07 17:15:45','22.3178893','73.1666155',NULL,'2025-03-07 17:16:44','22.3178591','73.1666209',NULL,'2025-03-07 11:45:46',NULL,NULL,'1741348005_scaled_8b903c01-1196-4a21-890c-6eef0613cf4a2703444110707618362.jpg',NULL,NULL,'2025-03-07 11:45:46','2025-03-07 11:46:45'),(149,9,17,NULL,NULL,318,'2025-03-11 17:16:40','22.3179253','73.1665649',NULL,'2025-03-11 17:29:02','22.3178933','73.1666198',NULL,'2025-03-11 11:46:40','Udicic','Cjcjc','1741694342_scaled_7cef558a-539a-4013-ac08-afd6947b79f57464594405716227819.jpg',NULL,NULL,'2025-03-11 11:46:40','2025-03-11 11:59:02'),(150,9,24,NULL,NULL,318,'2025-03-11 17:55:19','22.3179364','73.1665938',NULL,'2025-03-11 18:03:26','22.3179438','73.166561',NULL,'2025-03-11 12:25:19',NULL,NULL,'1741696413_scaled_c7edf121-9677-4ef5-ad3c-88edbcf888733458852721562855774.jpg','1741696413_scaled_495f302f-1dfe-43fb-b947-beb026c5d2091120709169557958512.jpg','1741696413_scaled_fb97f630-5128-46fb-b987-75165440a02b4447276501404290345.jpg','2025-03-11 12:25:19','2025-03-11 12:33:33'),(151,2,1,NULL,NULL,317,'2025-03-11 18:02:26','22.3178706','73.1666912',NULL,'2025-03-11 18:02:43','22.3179018','73.16666',NULL,'2025-03-11 12:32:27',NULL,NULL,'1741696364_scaled_909dc5ee-2192-470e-acd2-31f8192811598388632496103809986.jpg',NULL,NULL,'2025-03-11 12:32:27','2025-03-11 12:32:44'),(152,2,1,NULL,NULL,317,'2025-03-11 18:05:12','22.3179117','73.1665874',NULL,'2025-03-11 18:05:25','22.3179218','73.1665793',NULL,'2025-03-11 12:35:13',NULL,NULL,'1741696526_scaled_32eb9c6a-a352-4a6a-931e-14cfcfdc38cd2189646403010385274.jpg',NULL,NULL,'2025-03-11 12:35:13','2025-03-11 12:35:26'),(153,9,17,NULL,NULL,320,'2025-03-12 10:38:18','22.3178519','73.1667281',NULL,'2025-03-12 10:38:41','22.31792','73.1666009',NULL,'2025-03-12 05:08:18',NULL,NULL,'1741756122_scaled_a9aadf61-ff36-45d9-833c-3a391c64973f5785238219088506629.jpg',NULL,NULL,'2025-03-12 05:08:18','2025-03-12 05:08:42'),(154,9,17,NULL,NULL,320,'2025-03-12 10:43:30','22.3179201','73.1665819',NULL,'2025-03-12 10:43:42','22.3178789','73.1666901',NULL,'2025-03-12 05:13:31',NULL,NULL,'1741756423_scaled_14affad1-b130-4fdf-b6f8-c1fd21dbc2c52978864577999924093.jpg',NULL,NULL,'2025-03-12 05:13:31','2025-03-12 05:13:43'),(155,2,12,NULL,1,319,'2025-03-12 10:57:47','22.3179313','73.1665729',NULL,'2025-03-12 10:57:58','22.3179144','73.1665913',NULL,'2025-03-12 05:27:48',NULL,NULL,'1741757279_scaled_13ed3856-a9b1-4bb2-a9ea-46fe9b8c1a0491013205201156897.jpg',NULL,NULL,'2025-03-12 05:27:48','2025-03-12 05:27:59'),(156,9,17,NULL,NULL,322,'2025-03-12 14:23:27','22.317839','73.166682',NULL,'2025-03-12 14:23:45','22.3178331','73.1666395',NULL,'2025-03-12 08:53:28',NULL,NULL,'1741769629_scaled_57577ce4-aae2-4a91-b69e-9b420058af6a8802724031204098137.jpg',NULL,NULL,'2025-03-12 08:53:28','2025-03-12 08:53:49'),(157,9,17,NULL,NULL,322,'2025-03-12 18:23:18','22.3179409','73.166693',NULL,'2025-03-12 18:23:35','22.3179616','73.1666031',NULL,'2025-03-12 12:53:19','Xc','Ff','1741784016_scaled_9f7946c7-8d87-4706-acbc-6bf11ee75c502065187764473385306.jpg',NULL,NULL,'2025-03-12 12:53:19','2025-03-12 12:53:36'),(158,2,1,NULL,NULL,324,'2025-03-13 14:12:23','22.3179492','73.1665438',NULL,'2025-03-13 14:12:38','22.3178732','73.1665807',NULL,'2025-03-13 08:42:21','Cv','Ff','1741855357_scaled_301fa6cb-ae9c-484c-a536-ce96def04f958002037684671403336.jpg',NULL,NULL,'2025-03-13 08:42:21','2025-03-13 08:42:37'),(159,2,1,NULL,NULL,324,'2025-03-13 14:43:58','22.3179386','73.1665552',NULL,'2025-03-13 14:44:42','22.3179289','73.1665507',NULL,'2025-03-13 09:13:57',NULL,NULL,'1741857281_scaled_0347aad1-6a25-47b7-9348-9e5de510396f3002176061102040623.jpg',NULL,NULL,'2025-03-13 09:13:57','2025-03-13 09:14:41'),(160,2,1,NULL,NULL,324,'2025-03-13 15:36:45','22.3178933','73.1666203',NULL,'2025-03-13 15:37:00','22.3178687','73.166712',NULL,'2025-03-13 10:06:46',NULL,NULL,'1741860422_scaled_dd19560f-468d-4c4e-a00f-7ecc058f01be4852859197195305149.jpg',NULL,NULL,'2025-03-13 10:06:46','2025-03-13 10:07:02'),(161,2,1,NULL,NULL,324,'2025-03-13 15:36:45','22.3178933','73.1666203',NULL,'2025-03-13 16:42:49','22.3179087','73.1665976',NULL,'2025-03-13 10:06:46','H5ykyj','Vtfbtb','1741864370_scaled_c16b1a22-c257-4149-9af9-2a9cc02c1e607686162812306880018.jpg',NULL,NULL,'2025-03-13 10:06:46','2025-03-13 11:12:50'),(162,2,1,NULL,NULL,324,'2025-03-13 17:46:58','22.3179417','73.1665708',NULL,'2025-03-13 17:47:17','22.317922','73.1665737',NULL,'2025-03-13 12:16:57','Ft','Cv','1741868236_scaled_d0794b86-5f2f-4d9e-bdef-eeb1524927fd2672632819186648545.jpg',NULL,NULL,'2025-03-13 12:16:57','2025-03-13 12:17:16'),(163,2,1,NULL,NULL,324,'2025-03-13 17:46:58','22.3179417','73.1665708',NULL,'2025-03-14 00:00:02',NULL,NULL,NULL,'2025-03-13 12:16:57',NULL,NULL,NULL,NULL,NULL,'2025-03-13 12:16:57','2025-03-14 00:00:02'),(164,9,17,NULL,NULL,327,'2025-03-19 16:22:53','22.3179018','73.1666344',NULL,'2025-03-19 16:23:09','22.3179395','73.1665646',NULL,'2025-03-19 10:52:52','F','Tvt','1742381588_scaled_cd1b9631-cb1c-4aa1-b8ea-9adf3f2041f21857703141652400960.jpg',NULL,NULL,'2025-03-19 10:52:52','2025-03-19 10:53:08'),(165,9,17,NULL,NULL,327,'2025-03-19 16:22:52','22.3179018','73.1666344',NULL,'2025-03-19 16:42:27','22.3179137','73.1665822',NULL,'2025-03-19 10:52:52','Cc','Fg','1742382745_scaled_52e1f2d9-45f8-4a0a-bdc6-49e32c1f06044944778162084458786.jpg',NULL,NULL,'2025-03-19 10:52:52','2025-03-19 11:12:25'),(166,9,17,NULL,NULL,327,'2025-03-19 16:22:53','22.3179018','73.1666344',NULL,'2025-03-19 16:42:27','22.3179137','73.1665822',NULL,'2025-03-19 10:52:52','Cc','Fg','1742382746_scaled_52e1f2d9-45f8-4a0a-bdc6-49e32c1f06044944778162084458786.jpg',NULL,NULL,'2025-03-19 10:52:52','2025-03-19 11:12:26'),(167,9,21,NULL,NULL,328,'2025-03-19 16:44:02','22.3179234','73.1665786',NULL,'2025-03-19 16:44:23','22.317943','73.1665872',NULL,'2025-03-19 11:14:04','Cc','Hh','1742382871_scaled_46850c76-cc60-44b5-8f4b-1b58d1a181eb6134797591443656141.jpg',NULL,NULL,'2025-03-19 11:14:04','2025-03-19 11:14:31'),(168,2,1,NULL,NULL,330,'2025-03-19 16:52:51','22.3179197','73.1665834',NULL,'2025-03-19 16:53:16','22.3178584','73.1667296',NULL,'2025-03-19 11:22:54','Sd. D','C D F','1742383411_scaled_d8ce4004-4f66-4ff6-818a-f240b2aa3a3c4528284143034100444.jpg',NULL,NULL,'2025-03-19 11:22:54','2025-03-19 11:23:31'),(169,2,1,NULL,NULL,330,'2025-03-19 16:54:49','22.3179338','73.1665584',NULL,'2025-03-19 17:00:25','22.3178963','73.1666072',NULL,'2025-03-19 11:24:51','Evrbrb','Fbfnrb','1742383826_scaled_83c7c578-4564-46e3-8dec-c20262021df01296704904991353743.jpg',NULL,NULL,'2025-03-19 11:24:51','2025-03-19 11:30:26'),(170,2,1,NULL,NULL,330,'2025-03-19 17:00:38','22.3178649','73.1666917',NULL,'2025-03-19 17:00:53','22.3178505','73.1666883',NULL,'2025-03-19 11:30:38','S. Dr','Sd','1742383854_scaled_fbfd1283-de33-4504-b76a-338b9fed9db16170432219412306.jpg',NULL,NULL,'2025-03-19 11:30:38','2025-03-19 11:30:54'),(171,9,11,NULL,NULL,328,'2025-03-19 17:10:09','22.317912','73.1666156',NULL,'2025-03-19 17:10:49','22.3179089','73.1666108',NULL,'2025-03-19 11:40:08','Dd','Cc','1742384449_scaled_d5640641-d6d1-49a5-ba46-d12b04394583152492534404650439.jpg',NULL,NULL,'2025-03-19 11:40:08','2025-03-19 11:40:49'),(172,2,1,NULL,NULL,333,'2025-04-08 17:09:51','22.3178831','73.1666099',NULL,'2025-04-08 17:14:07','22.3179133','73.1667385',NULL,'2025-04-08 11:39:49','Nn','Jj','1744112648_scaled_9075a388-c818-4697-ae07-b8fc4c627d3c7523024531785616365.jpg',NULL,NULL,'2025-04-08 11:39:49','2025-04-08 11:44:08'),(173,9,11,NULL,NULL,332,'2025-04-08 17:10:56','22.31789','73.1666602',NULL,'2025-04-08 17:31:46','22.5527449','72.9432269',NULL,'2025-04-08 11:40:55','Vbm','Ryu','1744113707_scaled_079ee79e-689a-4165-bcb0-e1346408f3ba601496092467062208.jpg',NULL,NULL,'2025-04-08 11:40:55','2025-04-08 12:01:47'),(174,9,39,NULL,1,336,'2025-04-08 17:33:02','22.5527261','72.9432317',NULL,'2025-04-08 17:36:25','22.5527113','72.9432875',NULL,'2025-04-08 12:03:03','Vnmm','Vhj','1744113986_scaled_40b25120-d425-41b7-9e48-c27eeffb635f3423273028384881306.jpg','1744113986_scaled_c1a58f61-2864-4bd2-8451-7eeb1e0d04255671420749291767968.jpg',NULL,'2025-04-08 12:03:03','2025-04-08 12:06:26'),(175,9,39,NULL,NULL,336,'2025-04-08 17:37:10','22.5526623','72.9432906',NULL,'2025-04-08 17:37:32','22.5527271','72.9433359',NULL,'2025-04-08 12:07:11','Bbhh','Bhj','1744114053_scaled_795af27b-ee7a-498d-b5d0-3e64d7fc8e667565065519275983032.jpg',NULL,NULL,'2025-04-08 12:07:11','2025-04-08 12:07:33'),(176,9,40,NULL,3,336,'2025-04-08 17:38:01','22.5527205','72.9432495',NULL,'2025-04-08 17:38:20','22.552725','72.9432422',NULL,'2025-04-08 12:08:02','Vbm','Bn','1744114101_scaled_d6ce60ca-7aea-4b23-85b1-d1967a25f4cd7824809913087472083.jpg',NULL,NULL,'2025-04-08 12:08:02','2025-04-08 12:08:21'),(177,9,40,NULL,NULL,336,'2025-04-08 17:39:19','22.5527422','72.943243',NULL,'2025-04-08 17:39:33','22.5527259','72.9432453',NULL,'2025-04-08 12:09:20','G','B','1744114174_scaled_14863b35-d0a7-4899-bdb5-add84589dd83809399744129844294.jpg',NULL,NULL,'2025-04-08 12:09:20','2025-04-08 12:09:34'),(178,9,41,NULL,2,336,'2025-04-08 17:40:12','22.5527222','72.9432466',NULL,'2025-04-08 17:40:30','22.5527159','72.9432437',NULL,'2025-04-08 12:10:13','Vb','Gb','1744114231_scaled_5d3b6cdf-1a5f-433c-b986-8dbc458730908109680006434696599.jpg',NULL,NULL,'2025-04-08 12:10:13','2025-04-08 12:10:31'),(179,9,41,NULL,NULL,336,'2025-04-08 17:41:25','22.5527324','72.943233',NULL,'2025-04-08 17:41:44','22.5527334','72.9432597',NULL,'2025-04-08 12:11:26','Vv','Gh','1744114305_scaled_f4db604f-f1f9-49cb-920b-7fff9864db5a8499430728102981362.jpg',NULL,NULL,'2025-04-08 12:11:26','2025-04-08 12:11:45'),(180,2,1,NULL,NULL,337,'2025-04-24 15:37:37','22.3178776','73.1666753',NULL,'2025-04-25 00:00:06',NULL,NULL,NULL,'2025-04-24 10:07:35',NULL,NULL,NULL,NULL,NULL,'2025-04-24 10:07:35','2025-04-25 00:00:06'),(181,2,42,NULL,1,339,'2025-04-25 11:36:25','22.3179043','73.1666078',NULL,'2025-04-25 11:37:31','22.3178867','73.1666107',NULL,'2025-04-25 06:06:24','Comment','Purpose','1745561251_scaled_54f8319a-c8bc-4ecf-bb66-c54ba51aaabe6148171525941298837.jpg',NULL,NULL,'2025-04-25 06:06:24','2025-04-25 06:07:31'),(182,2,42,NULL,NULL,339,'2025-04-25 11:39:11','22.3178903','73.1666288',NULL,'2025-04-25 11:39:58','22.3178944','73.1666036',NULL,'2025-04-25 06:09:09','Comment1','P1','1745561401_scaled_7a88029e-70c6-4818-bf7f-7ba75b45ebc62280457159831510802.jpg',NULL,NULL,'2025-04-25 06:09:09','2025-04-25 06:10:01'),(183,2,20,NULL,NULL,339,'2025-04-25 11:42:03','22.3179031','73.1665965',NULL,'2025-04-25 11:43:05','22.3179063','73.1666136',NULL,'2025-04-25 06:12:01','C1','P2','1745561592_scaled_221dad64-be3d-4050-a135-f30f23e53f601096244130572827417.jpg',NULL,NULL,'2025-04-25 06:12:01','2025-04-25 06:13:12'),(184,2,43,NULL,2,339,'2025-04-25 11:46:26','22.3179029','73.1666011',NULL,'2025-04-25 11:47:58','22.3179026','73.1665997',NULL,'2025-04-25 06:16:24','Comment','Meeting','1745561885_scaled_cc4f68bf-5b63-47a9-b3e9-c1c5ce2d348d9215187745290443710.jpg',NULL,NULL,'2025-04-25 06:16:24','2025-04-25 06:18:05'),(185,2,12,NULL,NULL,339,'2025-04-25 14:33:35','22.3178626','73.1667007',NULL,'2025-04-25 14:34:05','22.3178602','73.166686',NULL,'2025-04-25 09:03:36','Dbbd D','Nfnfn','1745571846_scaled_14097fe9-e4b4-4512-973b-4c67c07731df9037630751617656451.jpg',NULL,NULL,'2025-04-25 09:03:36','2025-04-25 09:04:06'),(186,2,42,NULL,NULL,339,'2025-04-25 14:36:21','22.3177962','73.1667508',NULL,'2025-04-25 14:39:10','22.3178059','73.1667685',NULL,'2025-04-25 09:06:22','Fghjj','Plaka','1745572152_scaled_b67de8ac-32ee-4ae4-bf27-a689a2745e058884183871341556313.jpg',NULL,NULL,'2025-04-25 09:06:22','2025-04-25 09:09:12'),(187,2,42,NULL,NULL,339,'2025-04-25 14:39:40','22.3178965','73.1666356',NULL,'2025-04-25 14:42:11','22.3178097','73.1667675',NULL,'2025-04-25 09:09:41','Fgh','Pll','1745572332_scaled_e6a74c2d-cb03-4048-9abf-f6ed8abc00087258581612629860078.jpg',NULL,NULL,'2025-04-25 09:09:41','2025-04-25 09:12:12'),(188,2,42,NULL,NULL,339,'2025-04-25 14:43:32','22.3178401','73.1667533',NULL,'2025-04-25 14:44:58','22.3178175','73.1667539',NULL,'2025-04-25 09:13:33','Bhjj','Addf','1745572500_scaled_8762b40e-a53b-4c85-a14b-2251040776345932127222133288097.jpg',NULL,NULL,'2025-04-25 09:13:33','2025-04-25 09:15:00'),(189,2,44,NULL,1,339,'2025-04-25 14:48:01','22.3178488','73.1667186',NULL,'2025-04-25 14:49:33','22.3178073','73.1667669',NULL,'2025-04-25 09:18:02','Skdld','Asdfgf','1745572774_scaled_e8b18499-f302-4fcb-9738-ea22c8913a657083981406991939596.jpg',NULL,NULL,'2025-04-25 09:18:02','2025-04-25 09:19:34'),(190,2,42,NULL,NULL,341,'2025-04-25 15:51:26','22.3179042','73.1665925',NULL,'2025-04-25 15:56:22','22.3178858','73.1666084',NULL,'2025-04-25 10:21:27','Fhhfht','Rggrrh','1745576784_scaled_ed0f532b-4437-4e6c-869b-cca4230857fa3205081602701062431.jpg',NULL,NULL,'2025-04-25 10:21:27','2025-04-25 10:26:24'),(191,2,42,NULL,NULL,343,'2025-04-25 16:19:00','22.3178404','73.1667194',NULL,'2025-04-25 16:19:51','22.3178416','73.1667388',NULL,'2025-04-25 10:49:01','Jfjfj','Nchcn','1745578192_scaled_cefbea08-11cd-4b40-8f85-ccb1fdbb8c346241527757138943300.jpg',NULL,NULL,'2025-04-25 10:49:01','2025-04-25 10:49:52'),(192,9,17,NULL,NULL,345,'2025-04-28 10:13:42','22.3178741','73.1666192',NULL,'2025-04-29 00:00:06',NULL,NULL,NULL,'2025-04-28 04:43:44',NULL,NULL,NULL,NULL,NULL,'2025-04-28 04:43:44','2025-04-29 00:00:06'),(193,2,42,NULL,NULL,346,'2025-04-28 15:08:22','22.3179038','73.166597',NULL,'2025-04-28 15:09:28','22.3178737','73.1666607',NULL,'2025-04-28 09:38:24','Congo','Trdf','1745833175_scaled_8ad89eb2-145d-4df3-a9ec-fc7351ed940c4274490564720481114.jpg',NULL,NULL,'2025-04-28 09:38:24','2025-04-28 09:39:35'),(194,2,1,NULL,NULL,348,'2025-04-28 15:54:41','22.3178349','73.166644',NULL,'2025-04-28 15:56:57','22.317834','73.1667025',NULL,'2025-04-28 10:24:43','Ccf','Ccf','1745836039_scaled_495af6c5-fc2f-4855-aec5-ccbb3cb430a21663495302080639052.jpg',NULL,NULL,'2025-04-28 10:24:43','2025-04-28 10:27:19'),(195,2,12,NULL,NULL,348,'2025-04-28 15:57:28','22.3178945','73.1666233',NULL,'2025-04-28 16:25:40','22.3179094','73.1666192',NULL,'2025-04-28 10:27:30','Dbf','Fjt','1745837764_scaled_0316a8ca-137c-4bb2-a420-d6fcebb8f77e1720961764787452366.jpg',NULL,NULL,'2025-04-28 10:27:30','2025-04-28 10:56:04'),(196,2,42,NULL,NULL,349,'2025-04-29 12:21:52','22.3179675','73.1664909',NULL,'2025-04-29 12:23:12','22.3178701','73.166607',NULL,'2025-04-29 06:51:53','Fch','Ucg','1745909593_scaled_7536b82b-cdd3-4310-b84a-8bdcd46800ca5772245712588159786.jpg',NULL,NULL,'2025-04-29 06:51:53','2025-04-29 06:53:13'),(197,2,42,NULL,NULL,350,'2025-04-30 14:36:48','22.3177898','73.1667427',NULL,'2025-04-30 14:37:33','22.3177859','73.1667532',NULL,'2025-04-30 09:06:49','Xhxhxh','Xnjxjdnd','1746004055_scaled_d61ae3c5-c7b9-4844-bcc0-3ac7c65fe32a4654579976911616196.jpg',NULL,NULL,'2025-04-30 09:06:49','2025-04-30 09:07:35'),(198,2,42,NULL,NULL,350,'2025-04-30 14:37:47','22.31784','73.1666338',NULL,'2025-04-30 14:53:22','22.3178392','73.1666321',NULL,'2025-04-30 09:07:48','Egegeg','6rgrgrg','1746005004_scaled_15feb42b-fc47-472b-a9ce-ee6db5f216692437271782738074490.jpg',NULL,NULL,'2025-04-30 09:07:48','2025-04-30 09:23:24'),(199,2,42,NULL,NULL,350,'2025-04-30 14:53:36','22.31782','73.1666525',NULL,'2025-04-30 15:03:03','22.3178578','73.1666005',NULL,'2025-04-30 09:23:37','DD Cc G','Uday','1746005585_scaled_6b411f05-23b6-43fc-ab8a-c6f45e67c7b68702950231042790811.jpg',NULL,NULL,'2025-04-30 09:23:37','2025-04-30 09:33:05'),(200,2,42,NULL,NULL,350,'2025-04-30 15:03:15','22.3178504','73.1666211',NULL,'2025-04-30 15:14:45','22.3177847','73.1667556',NULL,'2025-04-30 09:33:16','Ntfnfn','Bdrb4j','1746006286_scaled_1520784a-1cc8-4181-a5f5-8378727479568569924150719665559.jpg',NULL,NULL,'2025-04-30 09:33:16','2025-04-30 09:44:46'),(201,2,42,NULL,NULL,350,'2025-04-30 15:15:00','22.3178293','73.1666669',NULL,'2025-04-30 15:19:40','22.3178534','73.1666108',NULL,'2025-04-30 09:45:01','Brbrb','64rbrb','1746006581_scaled_b106cfb7-fc49-466b-92fe-7b651ebfe3187970131234684432302.jpg',NULL,NULL,'2025-04-30 09:45:01','2025-04-30 09:49:41'),(202,2,42,NULL,NULL,350,'2025-04-30 15:19:52','22.3178433','73.1666266',NULL,'2025-04-30 15:20:30','22.3178236','73.1666535',NULL,'2025-04-30 09:49:54','T T','Y. 6v6','1746006632_scaled_69204be3-18f9-48e6-90a3-bbb0cad1a2873948125747762084837.jpg',NULL,NULL,'2025-04-30 09:49:54','2025-04-30 09:50:32'),(203,2,42,NULL,NULL,350,'2025-04-30 15:24:37','22.31786','73.1665975',NULL,'2025-04-30 15:26:59','22.3178254','73.1666519',NULL,'2025-04-30 09:54:39','Fg','Gg','1746007021_scaled_467e99d5-7266-437a-8e57-8d4f541193f4141054577776905478.jpg',NULL,NULL,'2025-04-30 09:54:39','2025-04-30 09:57:01'),(204,2,12,NULL,NULL,350,'2025-04-30 15:27:13','22.3178351','73.1666275',NULL,'2025-04-30 15:27:31','22.3178479','73.1666189',NULL,'2025-04-30 09:57:15','F. Frn','G G Tn','1746007052_scaled_6c8d6260-b16e-46ed-8ea5-2061a6c2dba51208883931224788699.jpg',NULL,NULL,'2025-04-30 09:57:15','2025-04-30 09:57:32'),(205,2,42,NULL,NULL,350,'2025-04-30 15:27:48','22.3178451','73.1666299',NULL,'2025-04-30 15:29:34','22.317836','73.1666207',NULL,'2025-04-30 09:57:50','F F Tn','X. Fgg','1746007176_scaled_c32917de-d07d-4fef-99a6-96ede65f8e416592528884170716702.jpg',NULL,NULL,'2025-04-30 09:57:50','2025-04-30 09:59:36'),(206,2,42,NULL,NULL,350,'2025-04-30 15:29:45','22.317855','73.1666131',NULL,'2025-04-30 15:30:04','22.3178357','73.1666519',NULL,'2025-04-30 09:59:47','Fvfg','Hygt','1746007206_scaled_6da36be0-619c-4842-845c-3ea2eac4db7a2898768480523758637.jpg',NULL,NULL,'2025-04-30 09:59:47','2025-04-30 10:00:06'),(207,2,42,NULL,NULL,350,'2025-04-30 15:31:16','22.3178159','73.1666894',NULL,'2025-04-30 15:31:34','22.317855','73.1666372',NULL,'2025-04-30 10:01:17','Jdhddj','Dnndn','1746007296_scaled_2fd766e5-3ac4-4942-be1e-4eb05e139e9f6478723219928897518.jpg',NULL,NULL,'2025-04-30 10:01:17','2025-04-30 10:01:36'),(208,2,12,NULL,NULL,350,'2025-04-30 15:31:46','22.3178057','73.1667258',NULL,'2025-04-30 15:32:36','22.3177874','73.1667363',NULL,'2025-04-30 10:01:47','Jdhd','Djjd','1746007358_scaled_79ca400f-b2e2-4a03-a61b-880057fd786e2901170542937070101.jpg',NULL,NULL,'2025-04-30 10:01:47','2025-04-30 10:02:38'),(209,2,42,NULL,NULL,350,'2025-04-30 15:32:56','22.3178465','73.1666116',NULL,'2025-04-30 15:33:13','22.3178385','73.1666303',NULL,'2025-04-30 10:02:58','5gtt','Gyygt','1746007395_scaled_1ccefa55-e4ea-4d53-8f40-68fc19ea1131803267072299897031.jpg',NULL,NULL,'2025-04-30 10:02:58','2025-04-30 10:03:15'),(210,2,1,NULL,NULL,350,'2025-04-30 16:33:56','22.3178711','73.166617',NULL,'2025-05-01 00:00:03',NULL,NULL,NULL,'2025-04-30 11:03:56',NULL,NULL,NULL,NULL,NULL,'2025-04-30 11:03:56','2025-05-01 00:00:03'),(211,2,42,NULL,NULL,351,'2025-05-01 09:25:45','22.3178472','73.1666188',NULL,'2025-05-01 09:27:07','22.3178654','73.1666091',NULL,'2025-05-01 03:55:46','Chnrr','Thfyu','1746071828_scaled_27f482de-383a-49fb-920d-60c4ac423a2f5231505502674130677.jpg',NULL,NULL,'2025-05-01 03:55:46','2025-05-01 03:57:08'),(212,2,42,NULL,NULL,351,'2025-05-01 09:27:20','22.3178589','73.1666069',NULL,'2025-05-01 09:31:45','22.3178533','73.1666174',NULL,'2025-05-01 03:57:21','Bgt','Rhdy','1746072107_scaled_64f0ce3a-0f4a-4fe3-9032-349d1069dd113082689714385229269.jpg',NULL,NULL,'2025-05-01 03:57:21','2025-05-01 04:01:47'),(213,2,42,NULL,NULL,352,'2025-05-02 13:16:26','22.3178485','73.1666246',NULL,'2025-05-02 14:23:25','22.3178376','73.1666236',NULL,'2025-05-02 07:46:27','Snjehd','Djhdn','1746176006_scaled_a635c528-a66b-41ea-99c3-bf6226d6ff965241531722392202918.jpg',NULL,NULL,'2025-05-02 07:46:27','2025-05-02 08:53:26'),(214,9,23,NULL,3,353,'2025-05-02 14:14:39','22.3178887','73.1665888',NULL,'2025-05-02 14:15:17','22.3178837','73.1666086',NULL,'2025-05-02 08:44:35','Vbb','Fff','1746175514_scaled_94dc9ec8-b882-46e7-ab69-30fed962efc0274931357940048646.jpg',NULL,NULL,'2025-05-02 08:44:35','2025-05-02 08:45:14'),(215,2,42,NULL,NULL,352,'2025-05-02 14:25:46','22.3178072','73.1667222',NULL,'2025-05-02 14:26:13','22.3178206','73.1666803',NULL,'2025-05-02 08:55:47','Cjchhf','Xnxn','1746176175_scaled_51442658-c227-452d-a411-209b0499c3b75097772681468439511.jpg',NULL,NULL,'2025-05-02 08:55:47','2025-05-02 08:56:15'),(216,9,17,NULL,NULL,353,'2025-05-02 14:31:05','22.3178742','73.1666246',NULL,'2025-05-02 14:32:05','22.3178766','73.166615',NULL,'2025-05-02 09:01:01','Brb','Gdhr','1746176523_scaled_6fe7dcb6-a43a-4104-bcbf-218d875f1c114336247919082341665.jpg',NULL,NULL,'2025-05-02 09:01:01','2025-05-02 09:02:03'),(217,9,24,NULL,NULL,353,'2025-05-02 14:37:18','22.3178518','73.1666816',NULL,'2025-05-02 15:47:21','22.3178661','73.1666356',NULL,'2025-05-02 09:07:14','Dnd','Dnf','1746181038_scaled_6f321bf0-f72a-455b-b747-4ad9db88045b5551331522765681348.jpg',NULL,NULL,'2025-05-02 09:07:14','2025-05-02 10:17:18'),(218,9,47,NULL,3,353,'2025-05-02 15:50:25','22.3178726','73.1666223',NULL,'2025-05-02 15:50:58','22.3178398','73.16669',NULL,'2025-05-02 10:20:22','Dbbdb','Bdhd','1746181255_scaled_dfe94ae9-eb74-4407-9d34-44eade5e9dd22909575634491928210.jpg',NULL,NULL,'2025-05-02 10:20:22','2025-05-02 10:20:55'),(219,9,48,NULL,3,353,'2025-05-02 16:19:56','22.3179177','73.1665951',NULL,'2025-05-02 16:30:18','22.3179036','73.1666013',NULL,'2025-05-02 10:49:53','Enr','Ehe','1746183616_scaled_cec2f8ae-63df-4700-ab70-d38c510260427910810071112758340.jpg',NULL,NULL,'2025-05-02 10:49:53','2025-05-02 11:00:16'),(220,2,50,NULL,3,352,'2025-05-02 16:48:36','22.3178597','73.16662',NULL,'2025-05-02 16:49:00','22.3177895','73.1667444',NULL,'2025-05-02 11:18:37','Mdmf','Hdhd','1746184742_scaled_bf97cfce-c991-43e8-bf2e-1d949a65aaff8028299328177203358.jpg',NULL,NULL,'2025-05-02 11:18:37','2025-05-02 11:19:02'),(221,2,51,NULL,NULL,352,'2025-05-02 16:49:30','22.3178078','73.1667224',NULL,'2025-05-03 00:00:03',NULL,NULL,NULL,'2025-05-02 11:19:31',NULL,NULL,NULL,NULL,NULL,'2025-05-02 11:19:31','2025-05-03 00:00:03'),(222,9,52,NULL,3,353,'2025-05-02 16:53:31','22.3178901','73.1666228',NULL,'2025-05-02 16:54:08','22.317895','73.1666161',NULL,'2025-05-02 11:23:27','Djc','Fjf','1746185046_scaled_ce916754-9d73-4d80-a617-7f53c905acf18536192652481797669.jpg',NULL,NULL,'2025-05-02 11:23:27','2025-05-02 11:24:06'),(223,9,24,NULL,NULL,354,'2025-05-02 18:01:30','22.3179024','73.1666022',NULL,'2025-05-02 18:01:42','22.3179027','73.1666166',NULL,'2025-05-02 12:31:26','Rbr','Ece','1746189099_scaled_a4f17f27-9d29-407a-a7fd-3d6616bde9615014897665493644557.jpg',NULL,NULL,'2025-05-02 12:31:26','2025-05-02 12:31:39'),(224,9,53,NULL,3,359,'2025-05-12 18:43:50','22.5528024','72.943057',NULL,'2025-05-12 18:45:03','22.5528207','72.9430178',NULL,'2025-05-12 13:13:50','Rtg','Rtu','1747055704_scaled_e042fc8d-1ead-41ef-a381-a461d45e2f6a7582037342818414528.jpg',NULL,NULL,'2025-05-12 13:13:50','2025-05-12 13:15:04'),(225,9,23,NULL,NULL,359,'2025-05-12 19:18:28','22.552822','72.94302',NULL,'2025-05-12 19:19:14','22.5528226','72.9430175',NULL,'2025-05-12 13:48:28','V','Gu','1747057755_scaled_ffbed56b-1db8-41da-a219-e6f446f9670b3455744453615193886.jpg',NULL,NULL,'2025-05-12 13:48:28','2025-05-12 13:49:15'),(226,9,23,NULL,NULL,361,'2025-05-13 11:11:15','22.5527573','72.943203',NULL,'2025-05-13 11:11:37','22.5527537','72.9432002',NULL,'2025-05-13 05:41:16','Vgg','Tyg','1747114897_scaled_e076b69e-aaa0-4392-a045-47d8e2602b8f7965032403240585923.jpg',NULL,NULL,'2025-05-13 05:41:16','2025-05-13 05:41:37'),(227,2,1,NULL,NULL,362,'2025-05-13 11:14:15','22.3177471','73.1667642',NULL,'2025-05-13 11:14:29','22.3176914','73.1667924',NULL,'2025-05-13 05:44:09','Hxh','Xud','1747115064_scaled_113c6ecb-72fd-445e-9397-bc55c0b95f3e3812946733754180752.jpg',NULL,NULL,'2025-05-13 05:44:09','2025-05-13 05:44:24'),(228,2,42,NULL,NULL,365,'2025-05-13 18:35:03','22.3177413','73.1666807',NULL,'2025-05-13 18:35:25','22.3177523','73.1667006',NULL,'2025-05-13 13:05:03','Vzmgsmhz','Fabgajhs','1747141529_scaled_5edba0d2-0ad1-464f-bc49-7829ea493fa58763555542158464036.jpg',NULL,NULL,'2025-05-13 13:05:03','2025-05-13 13:05:29'),(229,9,17,NULL,NULL,368,'2025-05-26 11:37:52','22.3177958','73.1666519',NULL,'2025-05-26 11:38:15','22.3177976','73.1666778',NULL,'2025-05-26 06:07:53','Fbffbb','Hrb','1748239697_scaled_3b6f39ef-2f5d-4df1-82b3-1cf1fdc6e8683838872654928219863.jpg',NULL,NULL,'2025-05-26 06:07:53','2025-05-26 06:08:17'),(230,9,11,NULL,NULL,369,'2025-05-27 12:48:27','22.3177931','73.1665697',NULL,'2025-05-27 12:48:46','22.3178136','73.1666113',NULL,'2025-05-27 07:18:25','G Y','Buun','1748330325_scaled_6c443517-af3c-4229-b344-85154da4bd948532806701055962962.jpg',NULL,NULL,'2025-05-27 07:18:25','2025-05-27 07:18:45'),(231,9,23,NULL,NULL,375,'2025-06-09 16:56:17','22.3177471','73.1665189',NULL,'2025-06-09 16:56:36','22.3177854','73.1665573',NULL,'2025-06-09 11:26:18','Hcuc','Hch Y','1749468401_scaled_8c8db016-1600-44f8-a6b1-8bc7587633599100300121007476984.jpg',NULL,NULL,'2025-06-09 11:26:18','2025-06-09 11:26:41'),(232,9,23,NULL,NULL,377,'2025-06-16 14:10:34','22.5527737','72.9431873',NULL,'2025-06-16 14:11:24','22.5527552','72.9432237',NULL,'2025-06-16 08:40:34','Cvhtfv','Ghjhv','1750063284_scaled_b888e443-ccf7-418c-a07f-49cadbfd9e098487890927790698150.jpg',NULL,NULL,'2025-06-16 08:40:34','2025-06-16 08:41:24'),(233,9,24,NULL,NULL,378,'2025-06-17 15:39:24','22.5527513','72.9432177',NULL,'2025-06-17 15:40:01','22.5527579','72.9432204',NULL,'2025-06-17 10:09:24','Snsjzisjdjd','Hsisjd','1750155001_scaled_d5ff1bb3-4e84-46a1-b49b-f919e834face1399560944426501761.jpg',NULL,NULL,'2025-06-17 10:09:24','2025-06-17 10:10:01'),(234,2,1,NULL,NULL,384,'2025-06-30 16:42:14','37.785834','-122.406417',NULL,'2025-06-30 16:43:14',NULL,NULL,NULL,'2025-06-30 11:12:14',NULL,NULL,NULL,NULL,NULL,'2025-06-30 11:12:14','2025-06-30 11:12:14');
/*!40000 ALTER TABLE `meetings` ENABLE KEYS */;
UNLOCK TABLES;

--
-- Table structure for table `migrations`
--

DROP TABLE IF EXISTS `migrations`;
/*!40101 SET @saved_cs_client     = @@character_set_client */;
/*!50503 SET character_set_client = utf8mb4 */;
CREATE TABLE `migrations` (
  `id` int unsigned NOT NULL AUTO_INCREMENT,
  `migration` varchar(255) COLLATE utf8mb4_unicode_ci NOT NULL,
  `batch` int NOT NULL,
  PRIMARY KEY (`id`)
) ENGINE=InnoDB AUTO_INCREMENT=75 DEFAULT CHARSET=utf8mb4 COLLATE=utf8mb4_unicode_ci;
/*!40101 SET character_set_client = @saved_cs_client */;

--
-- Dumping data for table `migrations`
--

LOCK TABLES `migrations` WRITE;
/*!40000 ALTER TABLE `migrations` DISABLE KEYS */;
INSERT INTO `migrations` VALUES (1,'0001_01_01_000000_create_users_table',1),(2,'0001_01_01_000001_create_cache_table',1),(3,'0001_01_01_000002_create_jobs_table',1),(4,'2023_09_27_072742_create_zones_table',1),(5,'2023_09_27_072752_create_countries_table',1),(6,'2023_09_27_081855_create_states_table',1),(7,'2023_09_27_082658_create_cities_table',1),(8,'2023_09_27_082668_create_areas_table',1),(9,'2024_09_09_095020_create_designations_table',1),(10,'2024_09_09_095118_add_designation_id_in_users_table',1),(11,'2024_09_09_121931_create_distributers_table',1),(12,'2024_09_10_043938_create_personal_access_tokens_table',1),(13,'2024_09_10_050133_create_roles_table',1),(14,'2024_09_10_055835_add_firebase_token_in_users_table',1),(15,'2024_09_10_083654_create_routes_table',1),(16,'2024_09_10_102256_create_meetings_table',1),(17,'2024_09_11_045110_create_categories_table',1),(18,'2024_09_11_045120_create_products_table',1),(19,'2024_09_11_045124_create_product_images_table',1),(20,'2024_09_11_045125_create_variant_types',1),(21,'2024_09_11_045126_create_variant_values',1),(22,'2024_09_11_045131_create_product_variants_table',1),(23,'2024_09_11_045132_create_product_stock_logs_table',1),(24,'2024_09_09_121931_create_distributors_table',2),(25,'2024_09_13_100231_add_status_in_users_table',2),(26,'2024_09_13_120615_add_customer_code_in_distributors_table',2),(27,'2024_09_18_055918_add_distributor_id_in_users_table',2),(28,'2024_09_18_094347_create_shops_table',2),(29,'2024_09_18_095542_alter_gst_pan_images_in_distributors_table',2),(30,'2024_09_23_004701_create_meeting_types_table',3),(31,'2024_09_23_094610_alter_add_distributor_id_in_meetings_table',4),(32,'2024_09_23_095610_alter_shop_id_in_meetings_table',4),(33,'2024_09_24_074726_alter_null_shop_id_in_meetings_table',5),(34,'2024_10_07_060950_create_carts_table',6),(35,'2024_09_27_120337_create_coupons_table',7),(36,'2024_10_07_090733_add_distributor_shop_meeting_in_carts_table',7),(37,'2024_09_27_121349_create_coupon_histories_table',8),(38,'2024_10_07_120010_create_addresses_table',8),(39,'2024_10_08_124329_create_order_statuses_table',9),(40,'2024_10_08_134329_create_orders_table',10),(41,'2024_10_09_045959_create_settings_table',10),(42,'2024_10_11_071709_create_tadas_table',11),(43,'2024_11_27_063213_add_purpose_in_meetings_table',12),(44,'2024_12_31_050817_add_zone_id_in_users_table',12),(45,'2024_12_31_064429_create_category_types_table',12),(46,'2024_12_31_092836_add_category_type_id_in_categories_table',12),(47,'2024_12_31_121457_create_product_prices_table',12),(48,'2025_02_12_104056_add_daily_allowance_to_users_table',13),(49,'2025_02_12_122940_add_is_date_is_amount_is_photo_is_location_is_expense_to_tada_types_table',13),(50,'2025_02_13_053132_remove_type_column_to_tadas_table',13),(51,'2025_02_13_055810_add_start_date_end_date_document_lat_long_expense_name_to_tadas_table',13),(52,'2025_02_20_101841_add_is_interested_in_distributers',14),(53,'2025_02_20_110035_add_is_interested_in_distributors',15),(55,'2025_02_21_091033_create_no_orders_table',16),(56,'2025_02_21_115311_add_comment_in_routes_table',17),(58,'2025_02_25_062156_mandatory_remove_pan_no_in_distributors_table',18),(59,'2025_02_25_072736_add_gstin_no_in_shops_table',19),(60,'2025_02_25_092410_add_contact_person_in_shops_table',20),(61,'2025_02_25_092460_mandatory_remove_pan_no_in_shops_table',21),(62,'2025_02_28_104158_add_from_to_column_in_tadas_table',22),(63,'2025_02_28_121631_add_contact_person_in_distributors_table',22),(64,'2025_03_03_100511_change_nullable_email_in_distributors_table',23),(65,'2025_03_04_092140_add_daily_allowance_in_tadas_table',24),(66,'2025_03_04_112753_add_is_km_in_tada_types_table',25),(67,'2025_03_07_093739_add_distributor_in_area',26),(68,'2025_03_07_125609_add_area_opt_current_delear',27),(69,'2025_03_12_051429_add_nullable_distributor_id',28),(70,'2025_03_12_062658_add_soft_delet_user_table',28),(71,'2025_03_12_071934_add_nullable_seo_data',28),(72,'2025_03_13_111815_add_area_in_shop',29),(73,'2025_05_22_113234_add_latitude_and_longitude_in_orders',30);
/*!40000 ALTER TABLE `migrations` ENABLE KEYS */;
UNLOCK TABLES;

--
-- Table structure for table `no_orders`
--

DROP TABLE IF EXISTS `no_orders`;
/*!40101 SET @saved_cs_client     = @@character_set_client */;
/*!50503 SET character_set_client = utf8mb4 */;
CREATE TABLE `no_orders` (
  `id` bigint unsigned NOT NULL AUTO_INCREMENT,
  `user_id` int DEFAULT NULL,
  `distributor_id` bigint unsigned NOT NULL,
  `shop_id` bigint unsigned DEFAULT NULL,
  `comment` text COLLATE utf8mb4_unicode_ci,
  `latitude` varchar(255) COLLATE utf8mb4_unicode_ci DEFAULT NULL,
  `longitude` varchar(255) COLLATE utf8mb4_unicode_ci DEFAULT NULL,
  `created_at` timestamp NULL DEFAULT NULL,
  `updated_at` timestamp NULL DEFAULT NULL,
  PRIMARY KEY (`id`),
  KEY `no_orders_distributor_id_index` (`distributor_id`),
  KEY `no_orders_shop_id_index` (`shop_id`)
) ENGINE=InnoDB AUTO_INCREMENT=36 DEFAULT CHARSET=utf8mb4 COLLATE=utf8mb4_unicode_ci;
/*!40101 SET character_set_client = @saved_cs_client */;

--
-- Dumping data for table `no_orders`
--

LOCK TABLES `no_orders` WRITE;
/*!40000 ALTER TABLE `no_orders` DISABLE KEYS */;
INSERT INTO `no_orders` VALUES (1,2,1,3,'grhrn',NULL,NULL,'2025-02-21 09:54:17','2025-02-21 09:54:17'),(2,2,1,3,'fjf',NULL,NULL,'2025-02-21 09:55:44','2025-02-21 09:55:44'),(3,9,1,3,'check',NULL,NULL,'2025-02-24 12:22:23','2025-02-24 12:22:23'),(4,9,1,3,'1st',NULL,NULL,'2025-02-24 12:28:03','2025-02-24 12:28:03'),(5,9,1,3,'vg',NULL,NULL,'2025-02-24 12:30:27','2025-02-24 12:30:27'),(6,9,1,3,'svd',NULL,NULL,'2025-02-24 12:32:32','2025-02-24 12:32:32'),(7,9,1,3,'yyy',NULL,NULL,'2025-02-25 06:37:18','2025-02-25 06:37:18'),(8,9,11,9,'dkdks',NULL,NULL,'2025-02-25 10:49:25','2025-02-25 10:49:25'),(9,9,1,7,'no',NULL,NULL,'2025-02-26 11:36:19','2025-02-26 11:36:19'),(10,9,11,9,'hh',NULL,NULL,'2025-02-27 10:09:35','2025-02-27 10:09:35'),(11,9,1,3,'rht',NULL,NULL,'2025-03-05 07:22:18','2025-03-05 07:22:18'),(12,9,11,9,'fvbu',NULL,NULL,'2025-03-05 07:30:20','2025-03-05 07:30:20'),(13,9,11,9,'fff',NULL,NULL,'2025-03-07 12:02:31','2025-03-07 12:02:31'),(14,9,1,12,'ff',NULL,NULL,'2025-03-12 08:37:27','2025-03-12 08:37:27'),(15,9,1,12,'jjffff',NULL,NULL,'2025-03-12 09:16:39','2025-03-12 09:16:39'),(16,9,17,15,'vg',NULL,NULL,'2025-03-12 09:21:58','2025-03-12 09:21:58'),(17,9,38,30,'stocj surplus',NULL,NULL,'2025-03-13 08:07:54','2025-03-13 08:07:54'),(18,9,38,31,'yuh',NULL,NULL,'2025-03-13 08:08:46','2025-03-13 08:08:46'),(19,9,17,15,'cc',NULL,NULL,'2025-03-19 11:41:36','2025-03-19 11:41:36'),(20,9,24,34,'stock',NULL,NULL,'2025-04-08 11:51:33','2025-04-08 11:51:33'),(21,9,53,35,'no',NULL,NULL,'2025-05-12 13:49:55','2025-05-12 13:49:55'),(22,9,24,34,'yt',NULL,NULL,'2025-05-12 13:53:19','2025-05-12 13:53:19'),(23,9,38,31,'y',NULL,NULL,'2025-05-12 13:55:22','2025-05-12 13:55:22'),(24,9,53,37,'no',NULL,NULL,'2025-05-13 05:39:58','2025-05-13 05:39:58'),(25,2,1,12,'fudy',NULL,NULL,'2025-05-13 05:56:46','2025-05-13 05:56:46'),(26,9,1,12,'ff',NULL,NULL,'2025-05-16 09:59:51','2025-05-16 09:59:51'),(27,2,1,12,'hi',NULL,NULL,'2025-05-16 13:01:38','2025-05-16 13:01:38'),(28,2,1,12,'no',NULL,NULL,'2025-05-16 13:02:06','2025-05-16 13:02:06'),(29,2,1,12,'didi',NULL,NULL,'2025-05-16 13:03:51','2025-05-16 13:03:51'),(30,9,1,12,'dvrbr',NULL,NULL,'2025-05-26 06:12:15','2025-05-26 06:12:15'),(31,9,1,12,'gcyvy',NULL,NULL,'2025-05-27 07:19:06','2025-05-27 07:19:06'),(32,9,38,30,'tyh',NULL,NULL,'2025-05-31 13:38:34','2025-05-31 13:38:34'),(33,9,1,12,'no want','22.3177737','73.1667123','2025-06-04 10:07:25','2025-06-04 10:07:25'),(34,9,38,30,'567','22.5527248','72.9432521','2025-06-11 11:49:15','2025-06-11 11:49:15'),(35,9,38,31,'guhf','22.5527592','72.9432208','2025-06-16 08:42:24','2025-06-16 08:42:24');
/*!40000 ALTER TABLE `no_orders` ENABLE KEYS */;
UNLOCK TABLES;

--
-- Table structure for table `order_histories`
--

DROP TABLE IF EXISTS `order_histories`;
/*!40101 SET @saved_cs_client     = @@character_set_client */;
/*!50503 SET character_set_client = utf8mb4 */;
CREATE TABLE `order_histories` (
  `id` bigint unsigned NOT NULL AUTO_INCREMENT,
  `order_id` int DEFAULT NULL,
  `orderstatus_id` int DEFAULT NULL,
  `comment` varchar(255) COLLATE utf8mb4_unicode_ci DEFAULT NULL,
  `created_at` timestamp NULL DEFAULT NULL,
  `updated_at` timestamp NULL DEFAULT NULL,
  PRIMARY KEY (`id`)
) ENGINE=InnoDB AUTO_INCREMENT=349 DEFAULT CHARSET=utf8mb4 COLLATE=utf8mb4_unicode_ci;
/*!40101 SET character_set_client = @saved_cs_client */;

--
-- Dumping data for table `order_histories`
--

LOCK TABLES `order_histories` WRITE;
/*!40000 ALTER TABLE `order_histories` DISABLE KEYS */;
INSERT INTO `order_histories` VALUES (1,1,1,'New Order Placed','2024-10-10 10:56:27','2024-10-10 10:56:27'),(2,1,2,'Order In Progress','2024-10-10 10:56:27','2024-10-10 10:56:27'),(3,2,1,'New Order Placed','2024-10-10 11:00:26','2024-10-10 11:00:26'),(4,2,2,'Order In Progress','2024-10-10 11:00:26','2024-10-10 11:00:26'),(5,3,1,'New Order Placed','2024-10-11 04:28:20','2024-10-11 04:28:20'),(6,3,2,'Order In Progress','2024-10-11 04:28:20','2024-10-11 04:28:20'),(7,4,1,'New Order Placed','2024-10-11 05:00:07','2024-10-11 05:00:07'),(8,4,2,'Order In Progress','2024-10-11 05:00:07','2024-10-11 05:00:07'),(9,5,1,'New Order Placed','2024-10-15 07:13:57','2024-10-15 07:13:57'),(10,5,2,'Order In Progress','2024-10-15 07:13:57','2024-10-15 07:13:57'),(11,6,1,'New Order Placed','2024-10-15 12:04:38','2024-10-15 12:04:38'),(12,6,2,'Order In Progress','2024-10-15 12:04:38','2024-10-15 12:04:38'),(13,7,1,'New Order Placed','2024-10-15 12:30:45','2024-10-15 12:30:45'),(14,7,2,'Order In Progress','2024-10-15 12:30:45','2024-10-15 12:30:45'),(15,8,1,'New Order Placed','2024-10-16 05:25:12','2024-10-16 05:25:12'),(16,8,2,'Order In Progress','2024-10-16 05:25:12','2024-10-16 05:25:12'),(17,9,1,'New Order Placed','2024-10-22 06:42:36','2024-10-22 06:42:36'),(18,9,2,'Order In Progress','2024-10-22 06:42:36','2024-10-22 06:42:36'),(19,10,1,'New Order Placed','2024-10-22 06:53:45','2024-10-22 06:53:45'),(20,10,2,'Order In Progress','2024-10-22 06:53:45','2024-10-22 06:53:45'),(21,11,1,'New Order Placed','2024-10-22 06:54:27','2024-10-22 06:54:27'),(22,11,2,'Order In Progress','2024-10-22 06:54:27','2024-10-22 06:54:27'),(23,12,1,'New Order Placed','2024-10-22 08:23:29','2024-10-22 08:23:29'),(24,12,2,'Order In Progress','2024-10-22 08:23:29','2024-10-22 08:23:29'),(25,13,1,'New Order Placed','2024-10-22 08:29:52','2024-10-22 08:29:52'),(26,13,2,'Order In Progress','2024-10-22 08:29:52','2024-10-22 08:29:52'),(27,14,1,'New Order Placed','2024-10-25 06:19:02','2024-10-25 06:19:02'),(28,14,2,'Order In Progress','2024-10-25 06:19:02','2024-10-25 06:19:02'),(29,15,1,'New Order Placed','2024-10-28 09:05:13','2024-10-28 09:05:13'),(30,15,2,'Order In Progress','2024-10-28 09:05:13','2024-10-28 09:05:13'),(31,16,1,'New Order Placed','2024-10-28 09:05:36','2024-10-28 09:05:36'),(32,16,2,'Order In Progress','2024-10-28 09:05:36','2024-10-28 09:05:36'),(33,17,1,'New Order Placed','2024-11-04 05:40:37','2024-11-04 05:40:37'),(34,17,2,'Order In Progress','2024-11-04 05:40:37','2024-11-04 05:40:37'),(35,18,1,'New Order Placed','2024-11-04 06:00:28','2024-11-04 06:00:28'),(36,18,2,'Order In Progress','2024-11-04 06:00:28','2024-11-04 06:00:28'),(37,19,1,'New Order Placed','2024-11-04 06:18:30','2024-11-04 06:18:30'),(38,19,2,'Order In Progress','2024-11-04 06:18:30','2024-11-04 06:18:30'),(39,20,1,'New Order Placed','2024-11-04 06:21:46','2024-11-04 06:21:46'),(40,20,2,'Order In Progress','2024-11-04 06:21:46','2024-11-04 06:21:46'),(41,21,1,'New Order Placed','2024-11-04 10:11:54','2024-11-04 10:11:54'),(42,21,2,'Order In Progress','2024-11-04 10:11:54','2024-11-04 10:11:54'),(43,22,1,'New Order Placed','2024-11-05 04:57:57','2024-11-05 04:57:57'),(44,22,2,'Order In Progress','2024-11-05 04:57:57','2024-11-05 04:57:57'),(45,23,1,'New Order Placed','2024-11-05 05:19:55','2024-11-05 05:19:55'),(46,23,2,'Order In Progress','2024-11-05 05:19:55','2024-11-05 05:19:55'),(47,24,1,'New Order Placed','2024-11-05 05:26:56','2024-11-05 05:26:56'),(48,24,2,'Order In Progress','2024-11-05 05:26:56','2024-11-05 05:26:56'),(49,25,1,'New Order Placed','2024-11-05 09:43:48','2024-11-05 09:43:48'),(50,25,2,'Order In Progress','2024-11-05 09:43:48','2024-11-05 09:43:48'),(51,26,1,'New Order Placed','2024-11-05 11:08:06','2024-11-05 11:08:06'),(52,26,2,'Order In Progress','2024-11-05 11:08:06','2024-11-05 11:08:06'),(53,27,1,'New Order Placed','2024-11-05 11:11:34','2024-11-05 11:11:34'),(54,27,2,'Order In Progress','2024-11-05 11:11:34','2024-11-05 11:11:34'),(55,28,1,'New Order Placed','2024-11-08 09:49:08','2024-11-08 09:49:08'),(56,28,2,'Order In Progress','2024-11-08 09:49:08','2024-11-08 09:49:08'),(57,29,1,'New Order Placed','2024-11-29 05:46:26','2024-11-29 05:46:26'),(58,29,2,'Order In Progress','2024-11-29 05:46:26','2024-11-29 05:46:26'),(59,30,1,'New Order Placed','2024-11-29 05:48:48','2024-11-29 05:48:48'),(60,30,2,'Order In Progress','2024-11-29 05:48:48','2024-11-29 05:48:48'),(61,31,1,'New Order Placed','2024-12-27 07:38:24','2024-12-27 07:38:24'),(62,31,2,'Order In Progress','2024-12-27 07:38:24','2024-12-27 07:38:24'),(63,32,1,'New Order Placed','2024-12-27 08:41:42','2024-12-27 08:41:42'),(64,32,2,'Order In Progress','2024-12-27 08:41:42','2024-12-27 08:41:42'),(65,33,1,'New Order Placed','2025-02-12 11:50:47','2025-02-12 11:50:47'),(66,33,2,'Order In Progress','2025-02-12 11:50:47','2025-02-12 11:50:47'),(67,34,1,'New Order Placed','2025-02-17 10:07:09','2025-02-17 10:07:09'),(68,34,2,'Order In Progress','2025-02-17 10:07:09','2025-02-17 10:07:09'),(69,35,1,'New Order Placed','2025-02-17 11:12:35','2025-02-17 11:12:35'),(70,35,2,'Order In Progress','2025-02-17 11:12:35','2025-02-17 11:12:35'),(71,36,1,'New Order Placed','2025-02-17 11:14:44','2025-02-17 11:14:44'),(72,36,2,'Order In Progress','2025-02-17 11:14:44','2025-02-17 11:14:44'),(73,37,1,'New Order Placed','2025-02-19 11:37:59','2025-02-19 11:37:59'),(74,37,2,'Order In Progress','2025-02-19 11:37:59','2025-02-19 11:37:59'),(75,38,1,'New Order Placed','2025-02-19 11:53:25','2025-02-19 11:53:25'),(76,38,2,'Order In Progress','2025-02-19 11:53:25','2025-02-19 11:53:25'),(77,39,1,'New Order Placed','2025-02-19 11:59:31','2025-02-19 11:59:31'),(78,39,2,'Order In Progress','2025-02-19 11:59:31','2025-02-19 11:59:31'),(79,40,1,'New Order Placed','2025-02-19 12:10:06','2025-02-19 12:10:06'),(80,40,2,'Order In Progress','2025-02-19 12:10:06','2025-02-19 12:10:06'),(81,41,1,'New Order Placed','2025-02-19 12:39:24','2025-02-19 12:39:24'),(82,41,2,'Order In Progress','2025-02-19 12:39:24','2025-02-19 12:39:24'),(83,42,1,'New Order Placed','2025-02-21 12:22:44','2025-02-21 12:22:44'),(84,42,2,'Order In Progress','2025-02-21 12:22:44','2025-02-21 12:22:44'),(85,43,1,'New Order Placed','2025-02-21 12:28:55','2025-02-21 12:28:55'),(86,43,2,'Order In Progress','2025-02-21 12:28:55','2025-02-21 12:28:55'),(87,44,1,'New Order Placed','2025-02-21 12:29:23','2025-02-21 12:29:23'),(88,44,2,'Order In Progress','2025-02-21 12:29:23','2025-02-21 12:29:23'),(89,45,1,'New Order Placed','2025-02-21 12:44:14','2025-02-21 12:44:14'),(90,45,2,'Order In Progress','2025-02-21 12:44:14','2025-02-21 12:44:14'),(91,46,1,'New Order Placed','2025-02-24 06:30:08','2025-02-24 06:30:08'),(92,46,2,'Order In Progress','2025-02-24 06:30:08','2025-02-24 06:30:08'),(93,47,1,'New Order Placed','2025-02-24 12:20:32','2025-02-24 12:20:32'),(94,47,2,'Order In Progress','2025-02-24 12:20:32','2025-02-24 12:20:32'),(95,48,1,'New Order Placed','2025-02-24 12:27:18','2025-02-24 12:27:18'),(96,48,2,'Order In Progress','2025-02-24 12:27:18','2025-02-24 12:27:18'),(97,49,1,'New Order Placed','2025-02-24 12:30:55','2025-02-24 12:30:55'),(98,49,2,'Order In Progress','2025-02-24 12:30:55','2025-02-24 12:30:55'),(99,50,1,'New Order Placed','2025-02-25 06:14:49','2025-02-25 06:14:49'),(100,50,2,'Order In Progress','2025-02-25 06:14:49','2025-02-25 06:14:49'),(101,51,1,'New Order Placed','2025-02-25 06:31:05','2025-02-25 06:31:05'),(102,51,2,'Order In Progress','2025-02-25 06:31:05','2025-02-25 06:31:05'),(103,52,1,'New Order Placed','2025-02-25 09:54:55','2025-02-25 09:54:55'),(104,52,2,'Order In Progress','2025-02-25 09:54:56','2025-02-25 09:54:56'),(105,53,1,'New Order Placed','2025-02-25 10:24:39','2025-02-25 10:24:39'),(106,53,2,'Order In Progress','2025-02-25 10:24:39','2025-02-25 10:24:39'),(107,54,1,'New Order Placed','2025-02-25 11:06:54','2025-02-25 11:06:54'),(108,54,2,'Order In Progress','2025-02-25 11:06:54','2025-02-25 11:06:54'),(109,55,1,'New Order Placed','2025-02-25 11:07:31','2025-02-25 11:07:31'),(110,55,2,'Order In Progress','2025-02-25 11:07:31','2025-02-25 11:07:31'),(111,56,1,'New Order Placed','2025-02-26 08:46:32','2025-02-26 08:46:32'),(112,56,2,'Order In Progress','2025-02-26 08:46:32','2025-02-26 08:46:32'),(113,57,1,'New Order Placed','2025-02-26 09:21:25','2025-02-26 09:21:25'),(114,57,2,'Order In Progress','2025-02-26 09:21:25','2025-02-26 09:21:25'),(115,58,1,'New Order Placed','2025-02-26 09:22:55','2025-02-26 09:22:55'),(116,58,2,'Order In Progress','2025-02-26 09:22:55','2025-02-26 09:22:55'),(117,59,1,'New Order Placed','2025-02-27 08:45:46','2025-02-27 08:45:46'),(118,59,2,'Order In Progress','2025-02-27 08:45:46','2025-02-27 08:45:46'),(119,60,1,'New Order Placed','2025-02-27 08:53:37','2025-02-27 08:53:37'),(120,60,2,'Order In Progress','2025-02-27 08:53:37','2025-02-27 08:53:37'),(121,61,1,'New Order Placed','2025-02-27 09:26:35','2025-02-27 09:26:35'),(122,61,2,'Order In Progress','2025-02-27 09:26:35','2025-02-27 09:26:35'),(123,62,1,'New Order Placed','2025-02-27 09:48:53','2025-02-27 09:48:53'),(124,62,2,'Order In Progress','2025-02-27 09:48:53','2025-02-27 09:48:53'),(125,63,1,'New Order Placed','2025-02-27 10:14:21','2025-02-27 10:14:21'),(126,63,2,'Order In Progress','2025-02-27 10:14:21','2025-02-27 10:14:21'),(127,64,1,'New Order Placed','2025-03-03 12:26:49','2025-03-03 12:26:49'),(128,64,2,'Order In Progress','2025-03-03 12:26:49','2025-03-03 12:26:49'),(129,65,1,'New Order Placed','2025-03-03 12:27:53','2025-03-03 12:27:53'),(130,65,2,'Order In Progress','2025-03-03 12:27:53','2025-03-03 12:27:53'),(131,66,1,'New Order Placed','2025-03-05 07:21:46','2025-03-05 07:21:46'),(132,66,2,'Order In Progress','2025-03-05 07:21:46','2025-03-05 07:21:46'),(133,67,1,'New Order Placed','2025-03-05 07:22:54','2025-03-05 07:22:54'),(134,67,2,'Order In Progress','2025-03-05 07:22:54','2025-03-05 07:22:54'),(135,68,1,'New Order Placed','2025-03-05 07:31:23','2025-03-05 07:31:23'),(136,68,2,'Order In Progress','2025-03-05 07:31:23','2025-03-05 07:31:23'),(137,69,1,'New Order Placed','2025-03-05 07:32:02','2025-03-05 07:32:02'),(138,69,2,'Order In Progress','2025-03-05 07:32:02','2025-03-05 07:32:02'),(139,70,1,'New Order Placed','2025-03-06 07:31:05','2025-03-06 07:31:05'),(140,70,2,'Order In Progress','2025-03-06 07:31:05','2025-03-06 07:31:05'),(141,71,1,'New Order Placed','2025-03-06 11:27:51','2025-03-06 11:27:51'),(142,71,2,'Order In Progress','2025-03-06 11:27:51','2025-03-06 11:27:51'),(143,72,1,'New Order Placed','2025-03-06 12:43:48','2025-03-06 12:43:48'),(144,72,2,'Order In Progress','2025-03-06 12:43:48','2025-03-06 12:43:48'),(145,73,1,'New Order Placed','2025-03-06 12:44:59','2025-03-06 12:44:59'),(146,73,2,'Order In Progress','2025-03-06 12:44:59','2025-03-06 12:44:59'),(147,74,1,'New Order Placed','2025-03-07 11:54:26','2025-03-07 11:54:26'),(148,74,2,'Order In Progress','2025-03-07 11:54:26','2025-03-07 11:54:26'),(149,75,1,'New Order Placed','2025-03-11 11:38:49','2025-03-11 11:38:49'),(150,75,2,'Order In Progress','2025-03-11 11:38:49','2025-03-11 11:38:49'),(151,76,1,'New Order Placed','2025-03-11 11:39:11','2025-03-11 11:39:11'),(152,76,2,'Order In Progress','2025-03-11 11:39:11','2025-03-11 11:39:11'),(153,77,1,'New Order Placed','2025-03-11 12:23:16','2025-03-11 12:23:16'),(154,77,2,'Order In Progress','2025-03-11 12:23:16','2025-03-11 12:23:16'),(155,78,1,'New Order Placed','2025-03-11 12:27:19','2025-03-11 12:27:19'),(156,78,2,'Order In Progress','2025-03-11 12:27:20','2025-03-11 12:27:20'),(157,79,1,'New Order Placed','2025-03-11 12:30:44','2025-03-11 12:30:44'),(158,79,2,'Order In Progress','2025-03-11 12:30:45','2025-03-11 12:30:45'),(159,80,1,'New Order Placed','2025-03-11 13:13:59','2025-03-11 13:13:59'),(160,80,2,'Order In Progress','2025-03-11 13:13:59','2025-03-11 13:13:59'),(161,81,1,'New Order Placed','2025-03-12 05:48:59','2025-03-12 05:48:59'),(162,81,2,'Order In Progress','2025-03-12 05:48:59','2025-03-12 05:48:59'),(163,82,1,'New Order Placed','2025-03-12 06:11:30','2025-03-12 06:11:30'),(164,82,2,'Order In Progress','2025-03-12 06:11:30','2025-03-12 06:11:30'),(165,83,1,'New Order Placed','2025-03-12 06:41:03','2025-03-12 06:41:03'),(166,83,2,'Order In Progress','2025-03-12 06:41:03','2025-03-12 06:41:03'),(167,84,1,'New Order Placed','2025-03-12 06:45:24','2025-03-12 06:45:24'),(168,84,2,'Order In Progress','2025-03-12 06:45:24','2025-03-12 06:45:24'),(169,85,1,'New Order Placed','2025-03-12 07:11:49','2025-03-12 07:11:49'),(170,85,2,'Order In Progress','2025-03-12 07:11:49','2025-03-12 07:11:49'),(171,86,1,'New Order Placed','2025-03-12 07:27:01','2025-03-12 07:27:01'),(172,86,2,'Order In Progress','2025-03-12 07:27:01','2025-03-12 07:27:01'),(173,87,1,'New Order Placed','2025-03-12 07:35:37','2025-03-12 07:35:37'),(174,87,2,'Order In Progress','2025-03-12 07:35:37','2025-03-12 07:35:37'),(175,88,1,'New Order Placed','2025-03-12 07:39:16','2025-03-12 07:39:16'),(176,88,2,'Order In Progress','2025-03-12 07:39:17','2025-03-12 07:39:17'),(177,89,1,'New Order Placed','2025-03-12 07:41:39','2025-03-12 07:41:39'),(178,89,2,'Order In Progress','2025-03-12 07:41:39','2025-03-12 07:41:39'),(179,90,1,'New Order Placed','2025-03-12 08:39:40','2025-03-12 08:39:40'),(180,90,2,'Order In Progress','2025-03-12 08:39:40','2025-03-12 08:39:40'),(181,91,1,'New Order Placed','2025-03-12 08:40:19','2025-03-12 08:40:19'),(182,91,2,'Order In Progress','2025-03-12 08:40:19','2025-03-12 08:40:19'),(183,92,1,'New Order Placed','2025-03-12 08:42:46','2025-03-12 08:42:46'),(184,92,2,'Order In Progress','2025-03-12 08:42:46','2025-03-12 08:42:46'),(185,93,1,'New Order Placed','2025-03-12 08:48:03','2025-03-12 08:48:03'),(186,93,2,'Order In Progress','2025-03-12 08:48:03','2025-03-12 08:48:03'),(187,94,1,'New Order Placed','2025-03-12 08:50:02','2025-03-12 08:50:02'),(188,94,2,'Order In Progress','2025-03-12 08:50:02','2025-03-12 08:50:02'),(189,95,1,'New Order Placed','2025-03-12 08:51:18','2025-03-12 08:51:18'),(190,95,2,'Order In Progress','2025-03-12 08:51:18','2025-03-12 08:51:18'),(191,96,1,'New Order Placed','2025-03-12 08:53:29','2025-03-12 08:53:29'),(192,96,2,'Order In Progress','2025-03-12 08:53:29','2025-03-12 08:53:29'),(193,97,1,'New Order Placed','2025-03-12 08:58:41','2025-03-12 08:58:41'),(194,97,2,'Order In Progress','2025-03-12 08:58:41','2025-03-12 08:58:41'),(195,98,1,'New Order Placed','2025-03-12 08:59:11','2025-03-12 08:59:11'),(196,98,2,'Order In Progress','2025-03-12 08:59:11','2025-03-12 08:59:11'),(197,99,1,'New Order Placed','2025-03-12 09:25:27','2025-03-12 09:25:27'),(198,99,2,'Order In Progress','2025-03-12 09:25:27','2025-03-12 09:25:27'),(199,100,1,'New Order Placed','2025-03-12 09:26:12','2025-03-12 09:26:12'),(200,100,2,'Order In Progress','2025-03-12 09:26:12','2025-03-12 09:26:12'),(201,101,1,'New Order Placed','2025-03-12 10:01:40','2025-03-12 10:01:40'),(202,101,2,'Order In Progress','2025-03-12 10:01:41','2025-03-12 10:01:41'),(203,102,1,'New Order Placed','2025-03-12 10:09:57','2025-03-12 10:09:57'),(204,102,2,'Order In Progress','2025-03-12 10:09:57','2025-03-12 10:09:57'),(205,103,1,'New Order Placed','2025-03-12 12:37:35','2025-03-12 12:37:35'),(206,103,2,'Order In Progress','2025-03-12 12:37:35','2025-03-12 12:37:35'),(207,104,1,'New Order Placed','2025-03-13 07:51:40','2025-03-13 07:51:40'),(208,104,2,'Order In Progress','2025-03-13 07:51:40','2025-03-13 07:51:40'),(209,105,1,'New Order Placed','2025-03-13 07:53:30','2025-03-13 07:53:30'),(210,105,2,'Order In Progress','2025-03-13 07:53:30','2025-03-13 07:53:30'),(211,106,1,'New Order Placed','2025-03-13 08:05:46','2025-03-13 08:05:46'),(212,106,2,'Order In Progress','2025-03-13 08:05:46','2025-03-13 08:05:46'),(213,107,1,'New Order Placed','2025-03-13 08:51:47','2025-03-13 08:51:47'),(214,107,2,'Order In Progress','2025-03-13 08:51:47','2025-03-13 08:51:47'),(215,108,1,'New Order Placed','2025-03-19 06:52:19','2025-03-19 06:52:19'),(216,108,2,'Order In Progress','2025-03-19 06:52:19','2025-03-19 06:52:19'),(217,109,1,'New Order Placed','2025-03-19 08:36:57','2025-03-19 08:36:57'),(218,109,2,'Order In Progress','2025-03-19 08:36:57','2025-03-19 08:36:57'),(219,110,1,'New Order Placed','2025-03-19 08:37:13','2025-03-19 08:37:13'),(220,110,2,'Order In Progress','2025-03-19 08:37:13','2025-03-19 08:37:13'),(221,111,1,'New Order Placed','2025-03-19 10:52:33','2025-03-19 10:52:33'),(222,111,2,'Order In Progress','2025-03-19 10:52:33','2025-03-19 10:52:33'),(223,112,1,'New Order Placed','2025-04-08 11:09:48','2025-04-08 11:09:48'),(224,112,2,'Order In Progress','2025-04-08 11:09:48','2025-04-08 11:09:48'),(225,113,1,'New Order Placed','2025-04-08 11:40:04','2025-04-08 11:40:04'),(226,113,2,'Order In Progress','2025-04-08 11:40:04','2025-04-08 11:40:04'),(227,114,1,'New Order Placed','2025-04-08 11:53:58','2025-04-08 11:53:58'),(228,114,2,'Order In Progress','2025-04-08 11:53:58','2025-04-08 11:53:58'),(229,115,1,'New Order Placed','2025-04-24 12:03:16','2025-04-24 12:03:16'),(230,115,2,'Order In Progress','2025-04-24 12:03:16','2025-04-24 12:03:16'),(231,116,1,'New Order Placed','2025-04-24 12:11:55','2025-04-24 12:11:55'),(232,116,2,'Order In Progress','2025-04-24 12:11:55','2025-04-24 12:11:55'),(233,117,1,'New Order Placed','2025-04-25 06:34:31','2025-04-25 06:34:31'),(234,117,2,'Order In Progress','2025-04-25 06:34:31','2025-04-25 06:34:31'),(235,118,1,'New Order Placed','2025-04-25 07:01:37','2025-04-25 07:01:37'),(236,118,2,'Order In Progress','2025-04-25 07:01:37','2025-04-25 07:01:37'),(237,119,1,'New Order Placed','2025-04-28 05:58:49','2025-04-28 05:58:49'),(238,119,2,'Order In Progress','2025-04-28 05:58:50','2025-04-28 05:58:50'),(239,120,1,'New Order Placed','2025-04-28 10:56:30','2025-04-28 10:56:30'),(240,120,2,'Order In Progress','2025-04-28 10:56:30','2025-04-28 10:56:30'),(241,121,1,'New Order Placed','2025-04-28 11:19:46','2025-04-28 11:19:46'),(242,121,2,'Order In Progress','2025-04-28 11:19:46','2025-04-28 11:19:46'),(243,122,1,'New Order Placed','2025-05-02 11:39:50','2025-05-02 11:39:50'),(244,122,2,'Order In Progress','2025-05-02 11:39:50','2025-05-02 11:39:50'),(245,123,1,'New Order Placed','2025-05-02 11:43:12','2025-05-02 11:43:12'),(246,123,2,'Order In Progress','2025-05-02 11:43:12','2025-05-02 11:43:12'),(247,124,1,'New Order Placed','2025-05-02 12:03:23','2025-05-02 12:03:23'),(248,124,2,'Order In Progress','2025-05-02 12:03:23','2025-05-02 12:03:23'),(249,125,1,'New Order Placed','2025-05-02 12:31:53','2025-05-02 12:31:53'),(250,125,2,'Order In Progress','2025-05-02 12:31:53','2025-05-02 12:31:53'),(251,126,1,'New Order Placed','2025-05-06 04:54:46','2025-05-06 04:54:46'),(252,126,2,'Order In Progress','2025-05-06 04:54:46','2025-05-06 04:54:46'),(253,127,1,'New Order Placed','2025-05-06 05:13:04','2025-05-06 05:13:04'),(254,127,2,'Order In Progress','2025-05-06 05:13:04','2025-05-06 05:13:04'),(255,128,1,'New Order Placed','2025-05-06 05:41:27','2025-05-06 05:41:27'),(256,128,2,'Order In Progress','2025-05-06 05:41:27','2025-05-06 05:41:27'),(257,129,1,'New Order Placed','2025-05-06 05:44:01','2025-05-06 05:44:01'),(258,129,2,'Order In Progress','2025-05-06 05:44:01','2025-05-06 05:44:01'),(259,130,1,'New Order Placed','2025-05-12 09:28:53','2025-05-12 09:28:53'),(260,130,2,'Order In Progress','2025-05-12 09:28:54','2025-05-12 09:28:54'),(261,131,1,'New Order Placed','2025-05-12 09:30:10','2025-05-12 09:30:10'),(262,131,2,'Order In Progress','2025-05-12 09:30:10','2025-05-12 09:30:10'),(263,132,1,'New Order Placed','2025-05-12 13:08:06','2025-05-12 13:08:06'),(264,132,2,'Order In Progress','2025-05-12 13:08:06','2025-05-12 13:08:06'),(265,133,1,'New Order Placed','2025-05-12 13:17:09','2025-05-12 13:17:09'),(266,133,2,'Order In Progress','2025-05-12 13:17:09','2025-05-12 13:17:09'),(267,134,1,'New Order Placed','2025-05-12 13:25:10','2025-05-12 13:25:10'),(268,134,2,'Order In Progress','2025-05-12 13:25:10','2025-05-12 13:25:10'),(269,135,1,'New Order Placed','2025-05-12 13:51:11','2025-05-12 13:51:11'),(270,135,2,'Order In Progress','2025-05-12 13:51:11','2025-05-12 13:51:11'),(271,136,1,'New Order Placed','2025-05-12 13:51:43','2025-05-12 13:51:43'),(272,136,2,'Order In Progress','2025-05-12 13:51:43','2025-05-12 13:51:43'),(273,137,1,'New Order Placed','2025-05-12 13:54:34','2025-05-12 13:54:34'),(274,137,2,'Order In Progress','2025-05-12 13:54:34','2025-05-12 13:54:34'),(275,138,1,'New Order Placed','2025-05-13 05:38:45','2025-05-13 05:38:45'),(276,138,2,'Order In Progress','2025-05-13 05:38:45','2025-05-13 05:38:45'),(277,139,1,'New Order Placed','2025-05-13 05:39:32','2025-05-13 05:39:32'),(278,139,2,'Order In Progress','2025-05-13 05:39:32','2025-05-13 05:39:32'),(279,140,1,'New Order Placed','2025-05-13 05:53:22','2025-05-13 05:53:22'),(280,140,2,'Order In Progress','2025-05-13 05:53:22','2025-05-13 05:53:22'),(281,141,1,'New Order Placed','2025-05-16 07:28:52','2025-05-16 07:28:52'),(282,141,2,'Order In Progress','2025-05-16 07:28:52','2025-05-16 07:28:52'),(283,142,1,'New Order Placed','2025-05-16 07:30:56','2025-05-16 07:30:56'),(284,142,2,'Order In Progress','2025-05-16 07:30:56','2025-05-16 07:30:56'),(285,143,1,'New Order Placed','2025-05-16 07:31:45','2025-05-16 07:31:45'),(286,143,2,'Order In Progress','2025-05-16 07:31:45','2025-05-16 07:31:45'),(287,144,1,'New Order Placed','2025-05-16 07:36:23','2025-05-16 07:36:23'),(288,144,2,'Order In Progress','2025-05-16 07:36:23','2025-05-16 07:36:23'),(289,145,1,'New Order Placed','2025-05-16 10:00:20','2025-05-16 10:00:20'),(290,145,2,'Order In Progress','2025-05-16 10:00:20','2025-05-16 10:00:20'),(291,146,1,'New Order Placed','2025-05-16 10:01:53','2025-05-16 10:01:53'),(292,146,2,'Order In Progress','2025-05-16 10:01:53','2025-05-16 10:01:53'),(293,147,1,'New Order Placed','2025-05-16 10:02:39','2025-05-16 10:02:39'),(294,147,2,'Order In Progress','2025-05-16 10:02:39','2025-05-16 10:02:39'),(295,148,1,'New Order Placed','2025-05-16 10:03:09','2025-05-16 10:03:09'),(296,148,2,'Order In Progress','2025-05-16 10:03:09','2025-05-16 10:03:09'),(297,149,1,'New Order Placed','2025-05-26 05:56:20','2025-05-26 05:56:20'),(298,149,2,'Order In Progress','2025-05-26 05:56:21','2025-05-26 05:56:21'),(299,150,1,'New Order Placed','2025-05-26 09:36:37','2025-05-26 09:36:37'),(300,150,2,'Order In Progress','2025-05-26 09:36:37','2025-05-26 09:36:37'),(301,151,1,'New Order Placed','2025-05-27 07:18:04','2025-05-27 07:18:04'),(302,151,2,'Order In Progress','2025-05-27 07:18:04','2025-05-27 07:18:04'),(303,152,1,'New Order Placed','2025-05-27 07:21:22','2025-05-27 07:21:22'),(304,152,2,'Order In Progress','2025-05-27 07:21:22','2025-05-27 07:21:22'),(305,153,1,'New Order Placed','2025-05-27 12:28:31','2025-05-27 12:28:31'),(306,153,2,'Order In Progress','2025-05-27 12:28:31','2025-05-27 12:28:31'),(307,154,1,'New Order Placed','2025-05-27 12:29:21','2025-05-27 12:29:21'),(308,154,2,'Order In Progress','2025-05-27 12:29:21','2025-05-27 12:29:21'),(309,155,1,'New Order Placed','2025-05-27 12:55:54','2025-05-27 12:55:54'),(310,155,2,'Order In Progress','2025-05-27 12:55:54','2025-05-27 12:55:54'),(311,156,1,'New Order Placed','2025-05-27 13:01:42','2025-05-27 13:01:42'),(312,156,2,'Order In Progress','2025-05-27 13:01:42','2025-05-27 13:01:42'),(313,157,1,'New Order Placed','2025-05-31 13:37:55','2025-05-31 13:37:55'),(314,157,2,'Order In Progress','2025-05-31 13:37:55','2025-05-31 13:37:55'),(315,158,1,'New Order Placed','2025-05-31 13:39:03','2025-05-31 13:39:03'),(316,158,2,'Order In Progress','2025-05-31 13:39:03','2025-05-31 13:39:03'),(317,159,1,'New Order Placed','2025-05-31 13:40:27','2025-05-31 13:40:27'),(318,159,2,'Order In Progress','2025-05-31 13:40:27','2025-05-31 13:40:27'),(319,160,1,'New Order Placed','2025-05-31 13:42:07','2025-05-31 13:42:07'),(320,160,2,'Order In Progress','2025-05-31 13:42:07','2025-05-31 13:42:07'),(321,161,1,'New Order Placed','2025-05-31 14:04:04','2025-05-31 14:04:04'),(322,161,2,'Order In Progress','2025-05-31 14:04:04','2025-05-31 14:04:04'),(323,162,1,'New Order Placed','2025-06-04 09:25:42','2025-06-04 09:25:42'),(324,162,2,'Order In Progress','2025-06-04 09:25:42','2025-06-04 09:25:42'),(325,163,1,'New Order Placed','2025-06-04 09:58:10','2025-06-04 09:58:10'),(326,163,2,'Order In Progress','2025-06-04 09:58:10','2025-06-04 09:58:10'),(327,164,1,'New Order Placed','2025-06-04 10:02:50','2025-06-04 10:02:50'),(328,164,2,'Order In Progress','2025-06-04 10:02:50','2025-06-04 10:02:50'),(329,165,1,'New Order Placed','2025-06-04 10:08:04','2025-06-04 10:08:04'),(330,165,2,'Order In Progress','2025-06-04 10:08:04','2025-06-04 10:08:04'),(331,166,1,'New Order Placed','2025-06-09 11:23:50','2025-06-09 11:23:50'),(332,166,2,'Order In Progress','2025-06-09 11:23:50','2025-06-09 11:23:50'),(333,167,1,'New Order Placed','2025-06-09 11:24:47','2025-06-09 11:24:47'),(334,167,2,'Order In Progress','2025-06-09 11:24:47','2025-06-09 11:24:47'),(335,168,1,'New Order Placed','2025-06-11 11:44:25','2025-06-11 11:44:25'),(336,168,2,'Order In Progress','2025-06-11 11:44:25','2025-06-11 11:44:25'),(337,169,1,'New Order Placed','2025-06-11 11:45:54','2025-06-11 11:45:54'),(338,169,2,'Order In Progress','2025-06-11 11:45:54','2025-06-11 11:45:54'),(339,170,1,'New Order Placed','2025-06-11 11:47:33','2025-06-11 11:47:33'),(340,170,2,'Order In Progress','2025-06-11 11:47:33','2025-06-11 11:47:33'),(341,171,1,'New Order Placed','2025-06-16 08:39:58','2025-06-16 08:39:58'),(342,171,2,'Order In Progress','2025-06-16 08:39:58','2025-06-16 08:39:58'),(343,172,1,'New Order Placed','2025-06-28 11:19:01','2025-06-28 11:19:01'),(344,172,2,'Order In Progress','2025-06-28 11:19:01','2025-06-28 11:19:01'),(345,173,1,'New Order Placed','2025-06-30 11:17:47','2025-06-30 11:17:47'),(346,173,2,'Order In Progress','2025-06-30 11:17:48','2025-06-30 11:17:48'),(347,174,1,'New Order Placed','2025-07-01 09:05:08','2025-07-01 09:05:08'),(348,174,2,'Order In Progress','2025-07-01 09:05:08','2025-07-01 09:05:08');
/*!40000 ALTER TABLE `order_histories` ENABLE KEYS */;
UNLOCK TABLES;

--
-- Table structure for table `order_products`
--

DROP TABLE IF EXISTS `order_products`;
/*!40101 SET @saved_cs_client     = @@character_set_client */;
/*!50503 SET character_set_client = utf8mb4 */;
CREATE TABLE `order_products` (
  `id` bigint unsigned NOT NULL AUTO_INCREMENT,
  `order_id` int DEFAULT NULL,
  `category_id` int DEFAULT NULL,
  `product_id` int DEFAULT NULL,
  `product_name` varchar(255) COLLATE utf8mb4_unicode_ci DEFAULT NULL,
  `product_code` varchar(255) COLLATE utf8mb4_unicode_ci DEFAULT NULL,
  `variant_id` varchar(255) COLLATE utf8mb4_unicode_ci DEFAULT NULL,
  `variant_type` varchar(255) COLLATE utf8mb4_unicode_ci DEFAULT NULL,
  `variant_value` varchar(255) COLLATE utf8mb4_unicode_ci DEFAULT NULL,
  `product_quantity` int DEFAULT NULL,
  `product_image` text COLLATE utf8mb4_unicode_ci,
  `product_mrp` float DEFAULT NULL,
  `product_selling_price` float DEFAULT NULL,
  `gst_per` float DEFAULT NULL,
  `gst_val` float DEFAULT NULL,
  `total_amount` float DEFAULT NULL,
  `amount_without_gst` float DEFAULT NULL,
  `total_gst_val` float DEFAULT NULL,
  `with_out_gst_price` float DEFAULT NULL,
  `created_at` timestamp NULL DEFAULT NULL,
  `updated_at` timestamp NULL DEFAULT NULL,
  PRIMARY KEY (`id`)
) ENGINE=InnoDB AUTO_INCREMENT=260 DEFAULT CHARSET=utf8mb4 COLLATE=utf8mb4_unicode_ci;
/*!40101 SET character_set_client = @saved_cs_client */;

--
-- Dumping data for table `order_products`
--

LOCK TABLES `order_products` WRITE;
/*!40000 ALTER TABLE `order_products` DISABLE KEYS */;
INSERT INTO `order_products` VALUES (1,1,4,6,'Soya Stick Tangy Tomato Pack 2 KG','1009','1','1','1',2,'pren.png',35,35,5,1.67,70,66.6667,3.33,33.33,'2024-10-10 10:56:27','2024-10-10 10:56:27'),(2,2,4,5,'Soya Stick Masala Pack 1 Kg','1008','3','1','2',1,'chikki.png',100,100,5,4.76,100,95.2381,4.76,95.24,'2024-10-10 11:00:26','2024-10-10 11:00:26'),(3,2,4,6,'Soya Stick Tangy Tomato Pack 2 KG','1009','1','1','1',1,'pren.png',35,35,5,1.67,35,33.3333,1.67,33.33,'2024-10-10 11:00:26','2024-10-10 11:00:26'),(4,3,4,5,'Soya Stick Masala Pack 1 Kg','1008','3','1','2',1,'chikki.png',100,100,5,4.76,100,95.2381,4.76,95.24,'2024-10-11 04:28:20','2024-10-11 04:28:20'),(5,4,4,5,'Soya Stick Masala Pack 1 Kg','1008','3','1','2',1,'chikki.png',100,100,5,4.76,100,95.2381,4.76,95.24,'2024-10-11 05:00:07','2024-10-11 05:00:07'),(6,5,4,5,'Soya Stick Masala Pack 1 Kg','1008','3','1','2',1,'chikki.png',100,100,5,4.76,100,95.2381,4.76,95.24,'2024-10-15 07:13:57','2024-10-15 07:13:57'),(7,5,4,7,'Khakhra Ajwain Pouch 1 Kg','2002','9','2','2',1,'kha.png',50,50,5,2.38,50,47.619,2.38,47.62,'2024-10-15 07:13:57','2024-10-15 07:13:57'),(8,6,3,9,'Plain Salted Khakhra Pouch 160 Grams','2010','6','2','4',1,'kha.png',70,70,5,3.33,70,66.6667,3.33,66.67,'2024-10-15 12:04:38','2024-10-15 12:04:38'),(9,7,4,5,'Soya Stick Masala Pack 1 Kg','1008','3','1','2',1,'chikki.png',100,100,5,4.76,100,95.2381,4.76,95.24,'2024-10-15 12:30:45','2024-10-15 12:30:45'),(10,8,4,7,'Khakhra Ajwain Pouch 2 KG','2002','10','2','1',1,'kha.png',150,150,5,7.14,150,142.857,7.14,142.86,'2024-10-16 05:25:12','2024-10-16 05:25:12'),(11,8,4,5,'Soya Stick Masala Pack 2 KG','1008','4','1','1',1,'chikki.png',150,150,5,7.14,150,142.857,7.14,142.86,'2024-10-16 05:25:12','2024-10-16 05:25:12'),(12,9,1,1,'Masala Boondi Pack 2 KG','1001','11','1','1',1,'pren.png',100,100,5,4.76,100,95.2381,4.76,95.24,'2024-10-22 06:42:36','2024-10-22 06:42:36'),(13,10,1,1,'Masala Boondi Pack 2 KG','1001','11','1','1',2,'pren.png',100,100,5,4.76,200,190.476,9.52,95.24,'2024-10-22 06:53:45','2024-10-22 06:53:45'),(14,10,4,7,'Khakhra Ajwain Pouch 1 Kg','2002','9','2','2',1,'kha.png',50,50,5,2.38,50,47.619,2.38,47.62,'2024-10-22 06:53:45','2024-10-22 06:53:45'),(15,10,4,5,'Soya Stick Masala Pack 1 Kg','1008','3','1','2',1,'chikki.png',100,100,5,4.76,100,95.2381,4.76,95.24,'2024-10-22 06:53:45','2024-10-22 06:53:45'),(16,10,4,8,'Roasted Chana Hing Jeera Pack 1 Kg','2006','7','1','2',1,'chana.png',50,50,5,2.38,50,47.619,2.38,47.62,'2024-10-22 06:53:45','2024-10-22 06:53:45'),(17,11,4,5,'Soya Stick Masala Pack 1 Kg','1008','3','1','2',1,'chikki.png',100,100,5,4.76,100,95.2381,4.76,95.24,'2024-10-22 06:54:27','2024-10-22 06:54:27'),(18,11,3,9,'Plain Salted Khakhra Pouch 40 Grams','2010','5','2','3',1,'kha.png',50,50,5,2.38,50,47.619,2.38,47.62,'2024-10-22 06:54:27','2024-10-22 06:54:27'),(19,12,4,7,'Khakhra Ajwain Pouch 1 Kg','2002','9','2','2',1,'kha.png',50,50,5,2.38,50,47.619,2.38,47.62,'2024-10-22 08:23:29','2024-10-22 08:23:29'),(20,12,4,5,'Soya Stick Masala Pack 1 Kg','1008','3','1','2',1,'chikki.png',100,100,5,4.76,100,95.2381,4.76,95.24,'2024-10-22 08:23:29','2024-10-22 08:23:29'),(21,12,4,8,'Roasted Chana Hing Jeera Pack 1 Kg','2006','7','1','2',1,'chana.png',50,50,5,2.38,50,47.619,2.38,47.62,'2024-10-22 08:23:29','2024-10-22 08:23:29'),(22,13,1,1,'Masala Boondi Pack 2 KG','1001','11','1','1',1,'pren.png',100,100,5,4.76,100,95.2381,4.76,95.24,'2024-10-22 08:29:52','2024-10-22 08:29:52'),(23,14,4,5,'Soya Stick Masala Pack 1 Kg','1008','3','1','2',1,'chikki.png',100,100,5,4.76,100,95.2381,4.76,95.24,'2024-10-25 06:19:02','2024-10-25 06:19:02'),(24,14,4,6,'Soya Stick Tangy Tomato Pack 2 KG','1009','1','1','1',1,'pren.png',35,35,5,1.67,35,33.3333,1.67,33.33,'2024-10-25 06:19:02','2024-10-25 06:19:02'),(25,14,4,8,'Roasted Chana Hing Jeera Pack 1 Kg','2006','7','1','2',17,'chana.png',50,50,5,2.38,850,809.524,40.48,47.62,'2024-10-25 06:19:02','2024-10-25 06:19:02'),(26,15,4,7,'Khakhra Ajwain Pouch 1 Kg','2002','9','2','2',1,'kha.png',50,50,5,2.38,50,47.619,2.38,47.62,'2024-10-28 09:05:13','2024-10-28 09:05:13'),(27,15,4,5,'Soya Stick Masala Pack 1 Kg','1008','3','1','2',1,'chikki.png',100,100,5,4.76,100,95.2381,4.76,95.24,'2024-10-28 09:05:13','2024-10-28 09:05:13'),(28,15,4,8,'Roasted Chana Hing Jeera Pack 1 Kg','2006','7','1','2',1,'chana.png',50,50,5,2.38,50,47.619,2.38,47.62,'2024-10-28 09:05:13','2024-10-28 09:05:13'),(29,16,4,8,'Roasted Chana Hing Jeera Pack 1 Kg','2006','7','1','2',1,'chana.png',50,50,5,2.38,50,47.619,2.38,47.62,'2024-10-28 09:05:36','2024-10-28 09:05:36'),(30,17,3,9,'Plain Salted Khakhra Pouch 40 Grams','2010','5','2','3',1,'kha.png',50,50,5,2.38,50,47.619,2.38,47.62,'2024-11-04 05:40:37','2024-11-04 05:40:37'),(31,18,4,5,'Soya Stick Masala Pack 1 Kg','1008','3','1','2',2,'chikki.png',100,100,5,4.76,200,190.476,9.52,95.24,'2024-11-04 06:00:28','2024-11-04 06:00:28'),(32,19,3,9,'Plain Salted Khakhra Pouch 40 Grams','2010','5','2','3',1,'kha.png',50,50,5,2.38,50,47.619,2.38,47.62,'2024-11-04 06:18:30','2024-11-04 06:18:30'),(33,19,4,8,'Roasted Chana Hing Jeera Pack 1 Kg','2006','7','1','2',1,'chana.png',50,50,5,2.38,50,47.619,2.38,47.62,'2024-11-04 06:18:30','2024-11-04 06:18:30'),(34,20,4,5,'Soya Stick Masala Pack 1 Kg','1008','3','1','2',1,'chikki.png',100,100,5,4.76,100,95.2381,4.76,95.24,'2024-11-04 06:21:46','2024-11-04 06:21:46'),(35,21,3,9,'Plain Salted Khakhra Pouch 40 Grams','2010','5','2','3',1,'kha.png',50,50,5,2.38,50,47.619,2.38,47.62,'2024-11-04 10:11:54','2024-11-04 10:11:54'),(36,22,3,9,'Plain Salted Khakhra Pouch 40 Grams','2010','5','2','3',1,'kha.png',50,50,5,2.38,50,47.619,2.38,47.62,'2024-11-05 04:57:57','2024-11-05 04:57:57'),(37,23,3,9,'Plain Salted Khakhra Pouch 40 Grams','2010','5','2','3',1,'kha.png',50,50,5,2.38,50,47.619,2.38,47.62,'2024-11-05 05:19:55','2024-11-05 05:19:55'),(38,24,4,5,'Soya Stick Masala Pack 1 Kg','1008','3','1','2',1,'chikki.png',100,100,5,4.76,100,95.2381,4.76,95.24,'2024-11-05 05:26:56','2024-11-05 05:26:56'),(39,24,4,7,'Khakhra Ajwain Pouch 1 Kg','2002','9','2','2',1,'kha.png',50,50,5,2.38,50,47.619,2.38,47.62,'2024-11-05 05:26:56','2024-11-05 05:26:56'),(40,25,4,8,'Roasted Chana Hing Jeera Pack 1 Kg','2006','7','1','2',1,'chana.png',50,50,5,2.38,50,47.619,2.38,47.62,'2024-11-05 09:43:48','2024-11-05 09:43:48'),(41,25,4,7,'Khakhra Ajwain Pouch 1 Kg','2002','9','2','2',1,'kha.png',50,50,5,2.38,50,47.619,2.38,47.62,'2024-11-05 09:43:48','2024-11-05 09:43:48'),(42,26,4,5,'Soya Stick Masala Pack 1 Kg','1008','3','1','2',3,'chikki.png',100,100,5,4.76,300,285.714,14.29,95.24,'2024-11-05 11:08:06','2024-11-05 11:08:06'),(43,27,4,5,'Soya Stick Masala Pack 1 Kg','1008','3','1','2',1,'chikki.png',100,100,5,4.76,100,95.2381,4.76,95.24,'2024-11-05 11:11:34','2024-11-05 11:11:34'),(44,27,4,7,'Khakhra Ajwain Pouch 1 Kg','2002','9','2','2',1,'kha.png',50,50,5,2.38,50,47.619,2.38,47.62,'2024-11-05 11:11:34','2024-11-05 11:11:34'),(45,28,4,5,'Soya Stick Masala Pack 1 Kg','1008','3','1','2',1,'chikki.png',100,100,5,4.76,100,95.2381,4.76,95.24,'2024-11-08 09:49:08','2024-11-08 09:49:08'),(46,28,4,7,'Khakhra Ajwain Pouch 1 Kg','2002','9','2','2',1,'kha.png',50,50,5,2.38,50,47.619,2.38,47.62,'2024-11-08 09:49:08','2024-11-08 09:49:08'),(47,28,4,8,'Roasted Chana Hing Jeera Pack 1 Kg','2006','7','1','2',1,'chana.png',50,50,5,2.38,50,47.619,2.38,47.62,'2024-11-08 09:49:08','2024-11-08 09:49:08'),(48,29,3,9,'Plain Salted Khakhra Pouch 40 Grams','2010','5','2','3',1,'kha.png',50,50,5,2.38,50,47.619,2.38,47.62,'2024-11-29 05:46:26','2024-11-29 05:46:26'),(49,29,4,8,'Roasted Chana Hing Jeera Pack 1 Kg','2006','7','1','2',7,'chana.png',50,50,5,2.38,350,333.333,16.67,47.62,'2024-11-29 05:46:26','2024-11-29 05:46:26'),(50,29,4,7,'Khakhra Ajwain Pouch 2 KG','2002','10','2','1',2,'kha.png',150,150,5,7.14,300,285.714,14.29,142.86,'2024-11-29 05:46:26','2024-11-29 05:46:26'),(51,29,4,7,'Khakhra Ajwain Pouch 1 Kg','2002','9','2','2',1,'kha.png',50,50,5,2.38,50,47.619,2.38,47.62,'2024-11-29 05:46:26','2024-11-29 05:46:26'),(52,30,4,7,'Khakhra Ajwain Pouch 1 Kg','2002','9','2','2',1,'kha.png',50,50,5,2.38,50,47.619,2.38,47.62,'2024-11-29 05:48:48','2024-11-29 05:48:48'),(53,31,4,7,'Khakhra Ajwain Pouch 1 Kg','2002','9','2','2',1,'kha.png',50,50,5,2.38,50,47.619,2.38,47.62,'2024-12-27 07:38:24','2024-12-27 07:38:24'),(54,32,4,8,'Roasted Chana Hing Jeera Pack 1 Kg','2006','7','1','2',1,'chana.png',50,50,5,2.38,50,47.619,2.38,47.62,'2024-12-27 08:41:42','2024-12-27 08:41:42'),(55,33,4,5,'Soya Stick Masala Pack 1 Kg','1008','3','1','2',1,'chikki.png',100,100,5,4.76,100,95.2381,4.76,95.24,'2025-02-12 11:50:47','2025-02-12 11:50:47'),(56,33,3,9,'Plain Salted Khakhra Pouch 40 Grams','2010','5','2','3',1,'kha.png',50,50,5,2.38,50,47.619,2.38,47.62,'2025-02-12 11:50:47','2025-02-12 11:50:47'),(57,34,3,1,'Masala Boondi Pack 2 KG','1001','11','1','1',1,'pren.png',100,100,5,4.76,100,95.2381,4.76,95.24,'2025-02-17 10:07:09','2025-02-17 10:07:09'),(58,34,3,9,'Plain Salted Khakhra Pouch 40 Grams','2010','5','2','3',1,'kha.png',50,50,5,2.38,50,47.619,2.38,47.62,'2025-02-17 10:07:09','2025-02-17 10:07:09'),(59,35,3,1,'Masala Boondi Pack 2 KG','1001','11','1','1',1,'pren.png',100,100,5,4.76,100,95.2381,4.76,95.24,'2025-02-17 11:12:35','2025-02-17 11:12:35'),(60,36,3,9,'Plain Salted Khakhra Pouch 40 Grams','2010','5','2','3',1,'kha.png',50,50,5,2.38,50,47.619,2.38,47.62,'2025-02-17 11:14:44','2025-02-17 11:14:44'),(61,37,4,5,'Soya Stick Masala Pack 1 Kg','1008','3','1','2',2,'chikki.png',100,100,5,4.76,200,190.476,9.52,95.24,'2025-02-19 11:37:59','2025-02-19 11:37:59'),(62,38,3,1,'Masala Boondi Pack 2 KG','1001','11','1','1',1,'pren.png',100,100,5,4.76,100,95.2381,4.76,95.24,'2025-02-19 11:53:25','2025-02-19 11:53:25'),(63,39,4,5,'Soya Stick Masala Pack 1 Kg','1008','3','1','2',1,'chikki.png',100,100,5,4.76,100,95.2381,4.76,95.24,'2025-02-19 11:59:31','2025-02-19 11:59:31'),(64,39,4,7,'Khakhra Ajwain Pouch 1 Kg','2002','9','2','2',1,'kha.png',50,50,5,2.38,50,47.619,2.38,47.62,'2025-02-19 11:59:31','2025-02-19 11:59:31'),(65,39,4,8,'Roasted Chana Hing Jeera Pack 1 Kg','2006','7','1','2',1,'chana.png',50,50,5,2.38,50,47.619,2.38,47.62,'2025-02-19 11:59:31','2025-02-19 11:59:31'),(66,39,3,1,'Masala Boondi Pack 2 KG','1001','11','1','1',1,'pren.png',100,100,5,4.76,100,95.2381,4.76,95.24,'2025-02-19 11:59:31','2025-02-19 11:59:31'),(67,39,3,9,'Plain Salted Khakhra Pouch 40 Grams','2010','5','2','3',1,'kha.png',50,50,5,2.38,50,47.619,2.38,47.62,'2025-02-19 11:59:31','2025-02-19 11:59:31'),(68,39,3,9,'Plain Salted Khakhra Pouch 160 Grams','2010','6','2','4',1,'kha.png',70,70,5,3.33,70,66.6667,3.33,66.67,'2025-02-19 11:59:31','2025-02-19 11:59:31'),(69,40,3,1,'Masala Boondi Pack 2 KG','1001','11','1','1',1,'pren.png',100,100,5,4.76,100,95.2381,4.76,95.24,'2025-02-19 12:10:06','2025-02-19 12:10:06'),(70,40,3,9,'Plain Salted Khakhra Pouch 40 Grams','2010','5','2','3',1,'kha.png',50,50,5,2.38,50,47.619,2.38,47.62,'2025-02-19 12:10:06','2025-02-19 12:10:06'),(71,41,2,7,'Khakhra Ajwain Pouch 1 Kg','2002','9','2','2',2,'kha.png',50,50,5,2.38,100,95.2381,4.76,47.62,'2025-02-19 12:39:24','2025-02-19 12:39:24'),(72,42,3,1,'Masala Boondi Pack 2 KG','1001','11','1','1',10,'pren.png',100,100,5,4.76,1000,952.381,47.62,95.24,'2025-02-21 12:22:44','2025-02-21 12:22:44'),(73,43,3,1,'Masala Boondi Pack 2 KG','1001','11','1','1',1,'pren.png',110,110,5,5.2381,110,104.762,5.2381,104.762,'2025-02-21 12:28:55','2025-02-21 12:28:55'),(74,44,3,1,'Masala Boondi Pack 2 KG','1001','11','1','1',11,'pren.png',100,100,5,4.76,1100,1047.62,52.38,95.24,'2025-02-21 12:29:23','2025-02-21 12:29:23'),(75,45,3,9,'Plain Salted Khakhra 12 Case','2010','5','2','3',1,'kha.png',12,12,5,0.571429,12,11.4286,0.571429,11.4286,'2025-02-21 12:44:14','2025-02-21 12:44:14'),(76,46,3,9,'Plain Salted Khakhra Pouch 40 Grams','2010','5','2','3',15,'kha.png',12,12,5,0.571429,180,171.429,8.57143,11.4286,'2025-02-24 06:30:08','2025-02-24 06:30:08'),(77,47,4,5,'Soya Stick Masala 12 Case','1008','3','1','2',1,'chikki.png',102,102,5,4.85714,102,97.1429,4.85714,97.1429,'2025-02-24 12:20:32','2025-02-24 12:20:32'),(78,48,3,9,'Plain Salted Khakhra 12 Case','2010','5','2','3',1,'kha.png',12,12,5,0.571429,12,11.4286,0.571429,11.4286,'2025-02-24 12:27:18','2025-02-24 12:27:18'),(79,49,2,7,'Khakhra Ajwain 12 Case','2002','9','2','2',1,'kha.png',56,56,5,2.66667,56,53.3333,2.66667,53.3333,'2025-02-24 12:30:55','2025-02-24 12:30:55'),(80,50,3,9,'Plain Salted Khakhra Pouch 40 Grams','2010','5','2','3',1,'kha.png',12,12,5,0.571429,12,11.4286,0.571429,11.4286,'2025-02-25 06:14:49','2025-02-25 06:14:49'),(81,51,4,5,'Soya Stick Masala 12 Case','1008','3','1','2',1,'chikki.png',102,102,5,4.85714,102,97.1429,4.85714,97.1429,'2025-02-25 06:31:05','2025-02-25 06:31:05'),(82,51,4,6,'Soya Stick Tangy Tomato 12 Case','1009','1','1','1',1,'pren.png',42,42,5,2,42,40,2,40,'2025-02-25 06:31:05','2025-02-25 06:31:05'),(83,52,3,9,'Plain Salted Khakhra Pouch 40 Grams','2010','5','2','3',1,'kha.png',12,12,5,0.571429,12,11.4286,0.571429,11.4286,'2025-02-25 09:54:55','2025-02-25 09:54:55'),(84,53,3,9,'Plain Salted Khakhra 12 Case','2010','5','2','3',1,'kha.png',12,12,5,0.571429,12,11.4286,0.571429,11.4286,'2025-02-25 10:24:39','2025-02-25 10:24:39'),(85,54,3,9,'Plain Salted Khakhra 12 Case','2010','5','2','3',1,'kha.png',12,12,5,0.571429,12,11.4286,0.571429,11.4286,'2025-02-25 11:06:54','2025-02-25 11:06:54'),(86,55,4,5,'Soya Stick Masala Pack 1 Kg','1008','3','1','2',1,'chikki.png',102,102,5,4.85714,102,97.1429,4.85714,97.1429,'2025-02-25 11:07:31','2025-02-25 11:07:31'),(87,55,4,6,'Soya Stick Tangy Tomato Pack 2 KG','1009','1','1','1',15,'pren.png',42,42,5,2,630,600,30,40,'2025-02-25 11:07:31','2025-02-25 11:07:31'),(88,56,2,7,'Khakhra Ajwain Pouch 1 Kg','2002','9','2','2',1,'kha.png',56,56,5,2.66667,56,53.3333,2.66667,53.3333,'2025-02-26 08:46:32','2025-02-26 08:46:32'),(89,57,3,9,'Plain Salted Khakhra Pouch 40 Grams','2010','5','2','3',1,'kha.png',12,12,5,0.571429,12,11.4286,0.571429,11.4286,'2025-02-26 09:21:25','2025-02-26 09:21:25'),(90,58,2,7,'Khakhra Ajwain Pouch 1 Kg','2002','9','2','2',1,'kha.png',56,56,5,2.66667,56,53.3333,2.66667,53.3333,'2025-02-26 09:22:55','2025-02-26 09:22:55'),(91,59,4,8,'Roasted Chana Hing Jeera Pack 1 Kg','2006','7','1','2',12,'chana.png',52,52,5,2.47619,624,594.286,29.7143,49.5238,'2025-02-27 08:45:46','2025-02-27 08:45:46'),(92,60,3,9,'Plain Salted Khakhra 12 Case','2010','5','2','3',1,'kha.png',12,12,5,0.571429,12,11.4286,0.571429,11.4286,'2025-02-27 08:53:37','2025-02-27 08:53:37'),(93,61,3,9,'Plain Salted Khakhra Pouch 40 Grams','2010','5','2','3',1,'kha.png',50,50,5,2.38,50,47.619,2.38,47.62,'2025-02-27 09:26:35','2025-02-27 09:26:35'),(94,62,4,5,'Soya Stick Masala 12 Case','1008','3','1','2',125,'chikki.png',102,102,5,4.85714,12750,12142.9,607.143,97.1429,'2025-02-27 09:48:53','2025-02-27 09:48:53'),(95,62,4,6,'Soya Stick Tangy Tomato 12 Case','1009','1','1','1',10,'pren.png',42,42,5,2,420,400,20,40,'2025-02-27 09:48:53','2025-02-27 09:48:53'),(96,63,3,9,'Plain Salted Khakhra Pouch 40 Grams','2010','5','2','3',100,'kha.png',12,12,5,0.571429,1200,1142.86,57.1429,11.4286,'2025-02-27 10:14:21','2025-02-27 10:14:21'),(97,64,3,9,'Plain Salted Khakhra Pouch 40 Grams','2010','5','2','3',1,'kha.png',12,12,5,0.571429,12,11.4286,0.571429,11.4286,'2025-03-03 12:26:49','2025-03-03 12:26:49'),(98,65,3,9,'Plain Salted Khakhra Pouch 40 Grams','2010','5','2','3',1,'kha.png',12,12,5,0.571429,12,11.4286,0.571429,11.4286,'2025-03-03 12:27:53','2025-03-03 12:27:53'),(99,66,3,9,'Plain Salted Khakhra Pouch 40 Grams','2010','5','2','3',1,'kha.png',12,12,5,0.571429,12,11.4286,0.571429,11.4286,'2025-03-05 07:21:46','2025-03-05 07:21:46'),(100,67,4,5,'Soya Stick Masala 12 Case','1008','3','1','2',15,'chikki.png',102,102,5,4.85714,1530,1457.14,72.8571,97.1429,'2025-03-05 07:22:54','2025-03-05 07:22:54'),(101,67,4,6,'Soya Stick Tangy Tomato 12 Case','1009','1','1','1',11,'pren.png',42,42,5,2,462,440,22,40,'2025-03-05 07:22:54','2025-03-05 07:22:54'),(102,68,4,5,'Soya Stick Masala Pack 1 Kg','1008','3','1','2',1,'chikki.png',102,102,5,4.85714,102,97.1429,4.85714,97.1429,'2025-03-05 07:31:23','2025-03-05 07:31:23'),(103,69,4,6,'Soya Stick Tangy Tomato 12 Case','1009','1','1','1',1,'pren.png',42,42,5,2,42,40,2,40,'2025-03-05 07:32:02','2025-03-05 07:32:02'),(104,70,3,9,'Plain Salted Khakhra Pouch 40 Grams','2010','5','2','3',1,'kha.png',12,12,5,0.571429,12,11.4286,0.571429,11.4286,'2025-03-06 07:31:05','2025-03-06 07:31:05'),(105,71,4,5,'Soya Stick Masala 12 Case','1008','3','1','2',100,'chikki.png',102,102,5,4.85714,10200,9714.29,485.714,97.1429,'2025-03-06 11:27:51','2025-03-06 11:27:51'),(106,72,4,5,'Soya Stick Masala Pack 1 Kg','1008','3','1','2',10,'chikki.png',102,102,5,4.85714,1020,971.429,48.5714,97.1429,'2025-03-06 12:43:48','2025-03-06 12:43:48'),(107,73,4,6,'Soya Stick Tangy Tomato Pack 2 KG','1009','1','1','1',1,'pren.png',42,42,5,2,42,40,2,40,'2025-03-06 12:44:59','2025-03-06 12:44:59'),(108,74,4,6,'Soya Stick Tangy Tomato 12 Case','1009','1','1','1',100,'pren.png',42,42,5,2,4200,4000,200,40,'2025-03-07 11:54:26','2025-03-07 11:54:26'),(109,75,3,9,'Plain Salted Khakhra 12 Case','2010','5','2','3',150,'kha.png',12,12,5,0.571429,1800,1714.29,85.7143,11.4286,'2025-03-11 11:38:49','2025-03-11 11:38:49'),(110,76,3,9,'Plain Salted Khakhra 12 Case','2010','5','2','3',10,'kha.png',12,12,5,0.571429,120,114.286,5.71429,11.4286,'2025-03-11 11:39:11','2025-03-11 11:39:11'),(111,77,3,9,'Plain Salted Khakhra 12 Case','2010','5','2','3',15,'kha.png',12,12,5,0.571429,180,171.429,8.57143,11.4286,'2025-03-11 12:23:16','2025-03-11 12:23:16'),(112,78,3,9,'Plain Salted Khakhra 12 Case','2010','5','2','3',1,'kha.png',12,12,5,0.571429,12,11.4286,0.571429,11.4286,'2025-03-11 12:27:19','2025-03-11 12:27:19'),(113,79,3,9,'Plain Salted Khakhra 12 Case','2010','5','2','3',1,'kha.png',12,12,5,0.571429,12,11.4286,0.571429,11.4286,'2025-03-11 12:30:45','2025-03-11 12:30:45'),(114,80,4,5,'Soya Stick Masala 12 Case','1008','3','1','2',100,'chikki.png',102,102,5,4.85714,10200,9714.29,485.714,97.1429,'2025-03-11 13:13:59','2025-03-11 13:13:59'),(115,80,4,6,'Soya Stick Tangy Tomato 12 Case','1009','1','1','1',1,'pren.png',42,42,5,2,42,40,2,40,'2025-03-11 13:13:59','2025-03-11 13:13:59'),(116,80,3,9,'Plain Salted Khakhra 12 Case','2010','5','2','3',1,'kha.png',12,12,5,0.571429,12,11.4286,0.571429,11.4286,'2025-03-11 13:13:59','2025-03-11 13:13:59'),(117,81,4,5,'Soya Stick Masala 12 Case','1008','3','1','2',1,'chikki.png',102,102,5,4.85714,102,97.1429,4.85714,97.1429,'2025-03-12 05:48:59','2025-03-12 05:48:59'),(118,82,4,5,'Soya Stick Masala','1008','3',NULL,NULL,1,'chikki.png',102,102,0,0,102,102,0,102,'2025-03-12 06:11:30','2025-03-12 06:11:30'),(119,82,4,6,'Soya Stick Tangy Tomato','1009','1',NULL,NULL,1,'pren.png',42,42,0,0,42,42,0,42,'2025-03-12 06:11:30','2025-03-12 06:11:30'),(120,83,4,5,'Soya Stick Masala','1008','3',NULL,NULL,15,'chikki.png',102,102,0,0,1530,1530,0,102,'2025-03-12 06:41:03','2025-03-12 06:41:03'),(121,83,4,6,'Soya Stick Tangy Tomato','1009','1',NULL,NULL,12,'pren.png',42,42,0,0,504,504,0,42,'2025-03-12 06:41:03','2025-03-12 06:41:03'),(122,84,4,5,'Soya Stick Masala','1008','3',NULL,NULL,15,'chikki.png',102,102,0,0,1530,1530,0,102,'2025-03-12 06:45:24','2025-03-12 06:45:24'),(123,84,4,6,'Soya Stick Tangy Tomato','1009','1',NULL,NULL,15,'pren.png',42,42,0,0,630,630,0,42,'2025-03-12 06:45:24','2025-03-12 06:45:24'),(124,85,4,5,'Soya Stick Masala','1008','3',NULL,NULL,1,'chikki.png',102,102,0,0,102,102,0,102,'2025-03-12 07:11:49','2025-03-12 07:11:49'),(125,85,4,6,'Soya Stick Tangy Tomato','1009','1',NULL,NULL,1,'pren.png',42,42,0,0,42,42,0,42,'2025-03-12 07:11:49','2025-03-12 07:11:49'),(126,86,4,5,'Soya Stick Masala','1008','3',NULL,NULL,1,'chikki.png',102,102,0,0,102,102,0,102,'2025-03-12 07:27:01','2025-03-12 07:27:01'),(127,86,4,6,'Soya Stick Tangy Tomato','1009','1',NULL,NULL,1,'pren.png',42,42,0,0,42,42,0,42,'2025-03-12 07:27:01','2025-03-12 07:27:01'),(128,87,4,5,'Soya Stick Masala','1008','3',NULL,NULL,1,'chikki.png',102,102,0,0,102,102,0,102,'2025-03-12 07:35:37','2025-03-12 07:35:37'),(129,87,4,6,'Soya Stick Tangy Tomato','1009','1',NULL,NULL,1,'pren.png',42,42,0,0,42,42,0,42,'2025-03-12 07:35:37','2025-03-12 07:35:37'),(130,88,4,5,'Soya Stick Masala 1 Case','1008','3',NULL,NULL,1,'chikki.png',102,102,0,0,102,102,0,102,'2025-03-12 07:39:16','2025-03-12 07:39:16'),(131,88,4,6,'Soya Stick Tangy Tomato 1 Case','1009','1',NULL,NULL,1,'pren.png',42,42,0,0,42,42,0,42,'2025-03-12 07:39:17','2025-03-12 07:39:17'),(132,89,3,1,'Masala Boondi Pack 2 KG','1001','11','1','1',1,'pren.png',110,110,5,5.2381,110,104.762,5.2381,104.762,'2025-03-12 07:41:39','2025-03-12 07:41:39'),(133,89,3,9,'Plain Salted Khakhra Pouch 40 Grams','2010','5','2','3',1,'kha.png',12,12,5,0.571429,12,11.4286,0.571429,11.4286,'2025-03-12 07:41:39','2025-03-12 07:41:39'),(134,90,4,6,'Soya Stick Tangy Tomato','1009','1',NULL,NULL,15,'pren.png',42,42,0,0,630,630,0,42,'2025-03-12 08:39:40','2025-03-12 08:39:40'),(135,91,4,6,'Soya Stick Tangy Tomato 1 Case','1009','1',NULL,NULL,1,'pren.png',42,42,0,0,42,42,0,42,'2025-03-12 08:40:19','2025-03-12 08:40:19'),(136,91,4,5,'Soya Stick Masala 1 Case','1008','3',NULL,NULL,1,'chikki.png',102,102,0,0,102,102,0,102,'2025-03-12 08:40:19','2025-03-12 08:40:19'),(137,92,4,8,'Roasted Chana Hing Jeera Pack 1 Kg','2006','7','1','2',1,'chana.png',52,52,5,2.47619,52,49.5238,2.47619,49.5238,'2025-03-12 08:42:46','2025-03-12 08:42:46'),(138,93,3,1,'Masala Boondi Pack 2 KG','1001','11','1','1',1,'pren.png',110,110,5,5.2381,110,104.762,5.2381,104.762,'2025-03-12 08:48:03','2025-03-12 08:48:03'),(139,93,3,9,'Plain Salted Khakhra Pouch 40 Grams','2010','5','2','3',1,'kha.png',12,12,5,0.571429,12,11.4286,0.571429,11.4286,'2025-03-12 08:48:03','2025-03-12 08:48:03'),(140,94,3,1,'Masala Boondi Pack 2 KG','1001','11','1','1',1,'pren.png',110,110,5,5.2381,110,104.762,5.2381,104.762,'2025-03-12 08:50:02','2025-03-12 08:50:02'),(141,95,3,1,'Masala Boondi Pack 2 KG','1001','11','1','1',1,'pren.png',110,110,5,5.2381,110,104.762,5.2381,104.762,'2025-03-12 08:51:18','2025-03-12 08:51:18'),(142,96,3,1,'Masala Boondi Pack 2 KG','1001','11','1','1',1,'pren.png',110,110,5,5.2381,110,104.762,5.2381,104.762,'2025-03-12 08:53:29','2025-03-12 08:53:29'),(143,97,3,1,'Masala Boondi Pack 2 KG','1001','11','1','1',1,'pren.png',110,110,5,5.2381,110,104.762,5.2381,104.762,'2025-03-12 08:58:41','2025-03-12 08:58:41'),(144,98,3,9,'Plain Salted Khakhra Pouch 40 Grams','2010','5','2','3',1,'kha.png',12,12,5,0.571429,12,11.4286,0.571429,11.4286,'2025-03-12 08:59:11','2025-03-12 08:59:11'),(145,99,4,6,'Soya Stick Tangy Tomato 1 Case','1009','1',NULL,NULL,1,'pren.png',42,42,0,0,42,42,0,42,'2025-03-12 09:25:27','2025-03-12 09:25:27'),(146,100,4,5,'Soya Stick Masala','1008','3',NULL,NULL,1,'chikki.png',102,102,0,0,102,102,0,102,'2025-03-12 09:26:12','2025-03-12 09:26:12'),(147,101,3,1,'Masala Boondi','1001','11',NULL,NULL,1,'pren.png',110,110,0,0,110,110,0,110,'2025-03-12 10:01:41','2025-03-12 10:01:41'),(148,101,3,9,'Plain Salted Khakhra','2010','5',NULL,NULL,1,'kha.png',12,12,0,0,12,12,0,12,'2025-03-12 10:01:41','2025-03-12 10:01:41'),(149,101,3,3,'Moong Daal','1003','13',NULL,NULL,1,'cash.png',32,32,0,0,32,32,0,32,'2025-03-12 10:01:41','2025-03-12 10:01:41'),(150,102,3,1,'Masala Boondi','1001','11',NULL,NULL,1,'pren.png',110,110,0,0,110,110,0,110,'2025-03-12 10:09:57','2025-03-12 10:09:57'),(151,103,4,6,'Soya Stick Tangy Tomato','1009','1',NULL,NULL,1,'pren.png',42,42,0,0,42,42,0,42,'2025-03-12 12:37:35','2025-03-12 12:37:35'),(152,103,4,8,'Roasted Chana Hing Jeera','2006','7',NULL,NULL,1,'chana.png',52,52,0,0,52,52,0,52,'2025-03-12 12:37:35','2025-03-12 12:37:35'),(153,104,4,5,'Soya Stick Masala 1 Case','1008','3',NULL,NULL,50,'chikki.png',102,102,0,0,5100,5100,0,102,'2025-03-13 07:51:40','2025-03-13 07:51:40'),(154,104,4,6,'Soya Stick Tangy Tomato 1 Case','1009','1',NULL,NULL,10,'pren.png',42,42,0,0,420,420,0,42,'2025-03-13 07:51:40','2025-03-13 07:51:40'),(155,104,4,8,'Roasted Chana Hing Jeera 1 Case','2006','7',NULL,NULL,15,'chana.png',52,52,0,0,780,780,0,52,'2025-03-13 07:51:40','2025-03-13 07:51:40'),(156,105,4,8,'Roasted Chana Hing Jeera 12 Case','2006','7',NULL,NULL,15,'chana.png',52,52,0,0,780,780,0,52,'2025-03-13 07:53:30','2025-03-13 07:53:30'),(157,105,4,6,'Soya Stick Tangy Tomato 1 Case','1009','1',NULL,NULL,1,'pren.png',42,42,0,0,42,42,0,42,'2025-03-13 07:53:30','2025-03-13 07:53:30'),(158,106,4,5,'Soya Stick Masala','1008','3',NULL,NULL,12,'chikki.png',102,102,0,0,1224,1224,0,102,'2025-03-13 08:05:46','2025-03-13 08:05:46'),(159,106,4,6,'Soya Stick Tangy Tomato','1009','1',NULL,NULL,10,'pren.png',42,42,0,0,420,420,0,42,'2025-03-13 08:05:46','2025-03-13 08:05:46'),(160,107,4,8,'Roasted Chana Hing Jeera 1 Case','2006','7',NULL,NULL,1,'chana.png',52,52,0,0,52,52,0,52,'2025-03-13 08:51:47','2025-03-13 08:51:47'),(161,108,6,4,'Soya Chips Masala','1005','12',NULL,NULL,1,'chana.png',21,21,0,0,21,21,0,21,'2025-03-19 06:52:19','2025-03-19 06:52:19'),(162,109,4,5,'Soya Stick Masala','1008','3',NULL,NULL,1,'chikki.png',102,102,0,0,102,102,0,102,'2025-03-19 08:36:57','2025-03-19 08:36:57'),(163,110,4,5,'Soya Stick Masala 1 Case','1008','3',NULL,NULL,1,'chikki.png',102,102,0,0,102,102,0,102,'2025-03-19 08:37:13','2025-03-19 08:37:13'),(164,111,4,6,'Soya Stick Tangy Tomato 1 Case','1009','1',NULL,NULL,1,'pren.png',42,42,0,0,42,42,0,42,'2025-03-19 10:52:33','2025-03-19 10:52:33'),(165,111,4,8,'Roasted Chana Hing Jeera 1 Case','2006','7',NULL,NULL,1,'chana.png',52,52,0,0,52,52,0,52,'2025-03-19 10:52:33','2025-03-19 10:52:33'),(166,112,6,4,'Soya Chips Masala 1 Case','1005','12',NULL,NULL,10,'chana.png',21,21,0,0,210,210,0,21,'2025-04-08 11:09:48','2025-04-08 11:09:48'),(167,112,3,3,'Moong Daal 1 Case','1003','13',NULL,NULL,15,'cash.png',32,32,0,0,480,480,0,32,'2025-04-08 11:09:48','2025-04-08 11:09:48'),(168,112,4,6,'Soya Stick Tangy Tomato 1 Case','1009','1',NULL,NULL,18,'pren.png',42,42,0,0,756,756,0,42,'2025-04-08 11:09:48','2025-04-08 11:09:48'),(169,113,4,5,'Soya Stick Masala 12 Case','1008','3',NULL,NULL,1,'chikki.png',102,102,5,4.85714,102,97.1429,4.85714,97.1429,'2025-04-08 11:40:04','2025-04-08 11:40:04'),(170,113,4,6,'Soya Stick Tangy Tomato 1 Case','1009','1',NULL,NULL,15,'pren.png',42,42,0,0,630,630,0,42,'2025-04-08 11:40:04','2025-04-08 11:40:04'),(171,113,3,3,'Moong Daal 1 Case','1003','13',NULL,NULL,15,'cash.png',32,32,0,0,480,480,0,32,'2025-04-08 11:40:04','2025-04-08 11:40:04'),(172,114,4,5,'Soya Stick Masala','1008','3',NULL,NULL,1,'chikki.png',102,102,0,0,102,102,0,102,'2025-04-08 11:53:58','2025-04-08 11:53:58'),(173,114,4,6,'Soya Stick Tangy Tomato','1009','1',NULL,NULL,1,'pren.png',42,42,0,0,42,42,0,42,'2025-04-08 11:53:58','2025-04-08 11:53:58'),(174,114,4,8,'Roasted Chana Hing Jeera','2006','7',NULL,NULL,2,'chana.png',52,52,0,0,104,104,0,52,'2025-04-08 11:53:58','2025-04-08 11:53:58'),(175,115,6,4,'Soya Chips Masala','1005','12',NULL,NULL,1,'chana.png',21,21,0,0,21,21,0,21,'2025-04-24 12:03:16','2025-04-24 12:03:16'),(176,116,6,4,'Soya Chips Masala 1 Case','1005','12',NULL,NULL,1,'chana.png',21,21,0,0,21,21,0,21,'2025-04-24 12:11:55','2025-04-24 12:11:55'),(177,117,6,4,'Soya Chips Masala 1 Case','1005','12',NULL,NULL,1,'chana.png',21,21,0,0,21,21,0,21,'2025-04-25 06:34:31','2025-04-25 06:34:31'),(178,118,3,1,'Masala Boondi 1 Case','1001','11',NULL,NULL,1,'pren.png',110,110,0,0,110,110,0,110,'2025-04-25 07:01:37','2025-04-25 07:01:37'),(179,118,3,3,'Moong Daal 1 Case','1003','13',NULL,NULL,1,'cash.png',32,32,0,0,32,32,0,32,'2025-04-25 07:01:37','2025-04-25 07:01:37'),(180,119,3,1,'Masala Boondi 1 Case','1001','11',NULL,NULL,1,'pren.png',110,110,0,0,110,110,0,110,'2025-04-28 05:58:49','2025-04-28 05:58:49'),(181,120,4,8,'Roasted Chana Hing Jeera 1 Case','2006','7',NULL,NULL,1,'chana.png',52,52,0,0,52,52,0,52,'2025-04-28 10:56:30','2025-04-28 10:56:30'),(182,120,4,6,'Soya Stick Tangy Tomato 1 Case','1009','1',NULL,NULL,1,'pren.png',42,42,0,0,42,42,0,42,'2025-04-28 10:56:30','2025-04-28 10:56:30'),(183,121,6,4,'Soya Chips Masala','1005','12',NULL,NULL,1,'chana.png',21,21,0,0,21,21,0,21,'2025-04-28 11:19:46','2025-04-28 11:19:46'),(184,122,6,4,'Soya Chips Masala','1005','12',NULL,NULL,1,'chana.png',21,21,0,0,21,21,0,21,'2025-05-02 11:39:50','2025-05-02 11:39:50'),(185,123,4,5,'Soya Stick Masala 1 Case','1008','3',NULL,NULL,1,'chikki.png',102,102,0,0,102,102,0,102,'2025-05-02 11:43:12','2025-05-02 11:43:12'),(186,123,4,6,'Soya Stick Tangy Tomato 1 Case','1009','1',NULL,NULL,50,'pren.png',42,42,0,0,2100,2100,0,42,'2025-05-02 11:43:12','2025-05-02 11:43:12'),(187,124,6,4,'Soya Chips Masala 1 Case','1005','12',NULL,NULL,1,'chana.png',21,21,0,0,21,21,0,21,'2025-05-02 12:03:23','2025-05-02 12:03:23'),(188,125,6,4,'Soya Chips Masala 1 Case','1005','12',NULL,NULL,1,'chana.png',21,21,0,0,21,21,0,21,'2025-05-02 12:31:53','2025-05-02 12:31:53'),(189,126,6,4,'Soya Chips Masala','1005','12',NULL,NULL,1,'chana.png',21,21,0,0,21,21,0,21,'2025-05-06 04:54:46','2025-05-06 04:54:46'),(190,127,6,4,'Soya Chips Masala','1005','12',NULL,NULL,1,'chana.png',21,21,0,0,21,21,0,21,'2025-05-06 05:13:04','2025-05-06 05:13:04'),(191,128,6,4,'Soya Chips Masala','1005','12',NULL,NULL,1,'chana.png',21,21,0,0,21,21,0,21,'2025-05-06 05:41:27','2025-05-06 05:41:27'),(192,129,6,4,'Soya Chips Masala 1 Case','1005','12',NULL,NULL,1,'chana.png',21,21,0,0,21,21,0,21,'2025-05-06 05:44:01','2025-05-06 05:44:01'),(193,130,6,4,'Soya Chips Masala','1005','12',NULL,NULL,1,'chana.png',21,21,0,0,21,21,0,21,'2025-05-12 09:28:53','2025-05-12 09:28:53'),(194,131,6,4,'Soya Chips Masala 1 Case','1005','12',NULL,NULL,1,'chana.png',21,21,0,0,21,21,0,21,'2025-05-12 09:30:10','2025-05-12 09:30:10'),(195,132,6,4,'Soya Chips Masala 1 Case','1005','12',NULL,NULL,8,'chana.png',21,21,0,0,168,168,0,21,'2025-05-12 13:08:06','2025-05-12 13:08:06'),(196,132,3,3,'Moong Daal 1 Case','1003','13',NULL,NULL,15,'cash.png',32,32,0,0,480,480,0,32,'2025-05-12 13:08:06','2025-05-12 13:08:06'),(197,133,2,7,'Khakhra Ajwain 1 Case','2002','9',NULL,NULL,100,'kha.png',56,56,0,0,5600,5600,0,56,'2025-05-12 13:17:09','2025-05-12 13:17:09'),(198,134,5,2,'Chana Dal','1002','14',NULL,NULL,10,'chana.png',24,24,0,0,240,240,0,24,'2025-05-12 13:25:10','2025-05-12 13:25:10'),(199,134,2,7,'Khakhra Ajwain','2002','9',NULL,NULL,15,'kha.png',56,56,0,0,840,840,0,56,'2025-05-12 13:25:10','2025-05-12 13:25:10'),(200,135,5,2,'Chana Dal','1002','14',NULL,NULL,100,'chana.png',24,24,0,0,2400,2400,0,24,'2025-05-12 13:51:11','2025-05-12 13:51:11'),(201,135,3,1,'Masala Boondi','1001','11',NULL,NULL,1,'pren.png',110,110,0,0,110,110,0,110,'2025-05-12 13:51:11','2025-05-12 13:51:11'),(202,136,3,3,'Moong Daal','1003','13',NULL,NULL,1,'cash.png',32,32,0,0,32,32,0,32,'2025-05-12 13:51:43','2025-05-12 13:51:43'),(203,137,3,1,'Masala Boondi','1001','11',NULL,NULL,1,'pren.png',110,110,0,0,110,110,0,110,'2025-05-12 13:54:34','2025-05-12 13:54:34'),(204,138,6,4,'Soya Chips Masala','1005','12',NULL,NULL,10,'chana.png',21,21,0,0,210,210,0,21,'2025-05-13 05:38:45','2025-05-13 05:38:45'),(205,139,2,7,'Khakhra Ajwain','2002','9',NULL,NULL,15,'kha.png',56,56,0,0,840,840,0,56,'2025-05-13 05:39:32','2025-05-13 05:39:32'),(206,140,6,4,'Soya Chips Masala','1005','12',NULL,NULL,1,'chana.png',21,21,0,0,21,21,0,21,'2025-05-13 05:53:22','2025-05-13 05:53:22'),(207,141,6,4,'Soya Chips Masala','1005','12',NULL,NULL,1,'chana.png',21,21,0,0,21,21,0,21,'2025-05-16 07:28:52','2025-05-16 07:28:52'),(208,142,3,1,'Masala Boondi 1 Case','1001','11',NULL,NULL,1,'pren.png',110,110,0,0,110,110,0,110,'2025-05-16 07:30:56','2025-05-16 07:30:56'),(209,143,3,1,'Masala Boondi','1001','11',NULL,NULL,1,'pren.png',110,110,0,0,110,110,0,110,'2025-05-16 07:31:45','2025-05-16 07:31:45'),(210,143,3,3,'Moong Daal','1003','13',NULL,NULL,1,'cash.png',32,32,0,0,32,32,0,32,'2025-05-16 07:31:45','2025-05-16 07:31:45'),(211,144,3,1,'Masala Boondi','1001','11',NULL,NULL,1,'pren.png',110,110,0,0,110,110,0,110,'2025-05-16 07:36:23','2025-05-16 07:36:23'),(212,145,2,7,'Khakhra Ajwain','2002','9',NULL,NULL,1,'kha.png',56,56,0,0,56,56,0,56,'2025-05-16 10:00:20','2025-05-16 10:00:20'),(213,146,4,5,'Soya Stick Masala','1008','3',NULL,NULL,1,'chikki.png',102,102,0,0,102,102,0,102,'2025-05-16 10:01:53','2025-05-16 10:01:53'),(214,146,4,8,'Roasted Chana Hing Jeera','2006','7',NULL,NULL,1,'chana.png',52,52,0,0,52,52,0,52,'2025-05-16 10:01:53','2025-05-16 10:01:53'),(215,146,4,6,'Soya Stick Tangy Tomato','1009','1',NULL,NULL,1,'pren.png',42,42,0,0,42,42,0,42,'2025-05-16 10:01:53','2025-05-16 10:01:53'),(216,147,3,1,'Masala Boondi','1001','11',NULL,NULL,1,'pren.png',110,110,0,0,110,110,0,110,'2025-05-16 10:02:39','2025-05-16 10:02:39'),(217,148,4,5,'Soya Stick Masala 1 Case','1008','3',NULL,NULL,1,'chikki.png',102,102,0,0,102,102,0,102,'2025-05-16 10:03:09','2025-05-16 10:03:09'),(218,148,4,6,'Soya Stick Tangy Tomato 1 Case','1009','1',NULL,NULL,1,'pren.png',42,42,0,0,42,42,0,42,'2025-05-16 10:03:09','2025-05-16 10:03:09'),(219,149,4,6,'Soya Stick Tangy Tomato','1009','1',NULL,NULL,1,'pren.png',42,42,0,0,42,42,0,42,'2025-05-26 05:56:20','2025-05-26 05:56:20'),(220,150,6,4,'Soya Chips Masala 1 Case','1005','12',NULL,NULL,5,'chana.png',21,21,0,0,105,105,0,21,'2025-05-26 09:36:37','2025-05-26 09:36:37'),(221,151,6,4,'Soya Chips Masala','1005','12',NULL,NULL,1,'chana.png',21,21,0,0,21,21,0,21,'2025-05-27 07:18:04','2025-05-27 07:18:04'),(222,152,4,5,'Soya Stick Masala 1 Case','1008','3',NULL,NULL,1,'chikki.png',102,102,0,0,102,102,0,102,'2025-05-27 07:21:22','2025-05-27 07:21:22'),(223,152,4,6,'Soya Stick Tangy Tomato 1 Case','1009','1',NULL,NULL,1,'pren.png',42,42,0,0,42,42,0,42,'2025-05-27 07:21:22','2025-05-27 07:21:22'),(224,153,3,1,'Masala Boondi','1001','11',NULL,NULL,1,'pren.png',110,110,0,0,110,110,0,110,'2025-05-27 12:28:31','2025-05-27 12:28:31'),(225,154,2,7,'Khakhra Ajwain 1 Case','2002','9',NULL,NULL,1,'kha.png',56,56,0,0,56,56,0,56,'2025-05-27 12:29:21','2025-05-27 12:29:21'),(226,154,3,1,'Masala Boondi 1 Case','1001','11',NULL,NULL,1,'pren.png',110,110,0,0,110,110,0,110,'2025-05-27 12:29:21','2025-05-27 12:29:21'),(227,155,4,5,'Soya Stick Masala','1008','3',NULL,NULL,1,'chikki.png',102,102,0,0,102,102,0,102,'2025-05-27 12:55:54','2025-05-27 12:55:54'),(228,155,4,6,'Soya Stick Tangy Tomato','1009','1',NULL,NULL,1,'pren.png',42,42,0,0,42,42,0,42,'2025-05-27 12:55:54','2025-05-27 12:55:54'),(229,156,4,8,'Roasted Chana Hing Jeera','2006','7',NULL,NULL,1,'chana.png',52,52,0,0,52,52,0,52,'2025-05-27 13:01:42','2025-05-27 13:01:42'),(230,156,4,6,'Soya Stick Tangy Tomato','1009','1',NULL,NULL,1,'pren.png',42,42,0,0,42,42,0,42,'2025-05-27 13:01:42','2025-05-27 13:01:42'),(231,157,3,3,'Moong Daal','1003','13',NULL,NULL,1,'cash.png',32,32,0,0,32,32,0,32,'2025-05-31 13:37:55','2025-05-31 13:37:55'),(232,158,2,7,'Khakhra Ajwain','2002','9',NULL,NULL,1,'kha.png',56,56,0,0,56,56,0,56,'2025-05-31 13:39:03','2025-05-31 13:39:03'),(233,159,3,1,'Masala Boondi 1 Case','1001','11',NULL,NULL,1,'pren.png',110,110,0,0,110,110,0,110,'2025-05-31 13:40:27','2025-05-31 13:40:27'),(234,159,3,9,'Plain Salted Khakhra 1 Case','2010','5',NULL,NULL,1,'kha.png',12,12,0,0,12,12,0,12,'2025-05-31 13:40:27','2025-05-31 13:40:27'),(235,159,3,3,'Moong Daal 1 Case','1003','13',NULL,NULL,1,'cash.png',32,32,0,0,32,32,0,32,'2025-05-31 13:40:27','2025-05-31 13:40:27'),(236,160,2,7,'Khakhra Ajwain 1 Case','2002','9',NULL,NULL,15,'kha.png',56,56,0,0,840,840,0,56,'2025-05-31 13:42:07','2025-05-31 13:42:07'),(237,160,5,2,'Chana Dal 1 Case','1002','14',NULL,NULL,1,'chana.png',24,24,0,0,24,24,0,24,'2025-05-31 13:42:07','2025-05-31 13:42:07'),(238,161,2,7,'Khakhra Ajwain 1 Case','2002','9',NULL,NULL,100,'kha.png',56,56,0,0,5600,5600,0,56,'2025-05-31 14:04:04','2025-05-31 14:04:04'),(239,162,4,5,'Soya Stick Masala 1 Case','1008','3',NULL,NULL,15,'chikki.png',102,102,0,0,1530,1530,0,102,'2025-06-04 09:25:42','2025-06-04 09:25:42'),(240,163,4,6,'Soya Stick Tangy Tomato 1 Case','1009','1',NULL,NULL,1,'pren.png',42,42,0,0,42,42,0,42,'2025-06-04 09:58:10','2025-06-04 09:58:10'),(241,164,4,5,'Soya Stick Masala 1 Case','1008','3',NULL,NULL,2,'chikki.png',102,102,0,0,204,204,0,102,'2025-06-04 10:02:50','2025-06-04 10:02:50'),(242,165,4,5,'Soya Stick Masala','1008','3',NULL,NULL,2,'chikki.png',102,102,0,0,204,204,0,102,'2025-06-04 10:08:04','2025-06-04 10:08:04'),(243,166,3,1,'Masala Boondi 1 Case','1001','11',NULL,NULL,1,'pren.png',110,110,0,0,110,110,0,110,'2025-06-09 11:23:50','2025-06-09 11:23:50'),(244,166,3,3,'Moong Daal 1 Case','1003','13',NULL,NULL,1,'cash.png',32,32,0,0,32,32,0,32,'2025-06-09 11:23:50','2025-06-09 11:23:50'),(245,167,2,7,'Khakhra Ajwain','2002','9',NULL,NULL,100,'kha.png',56,56,0,0,5600,5600,0,56,'2025-06-09 11:24:47','2025-06-09 11:24:47'),(246,168,4,5,'Soya Stick Masala 1 Case','1008','3',NULL,NULL,15,'chikki.png',102,102,0,0,1530,1530,0,102,'2025-06-11 11:44:25','2025-06-11 11:44:25'),(247,168,2,7,'Khakhra Ajwain 1 Case','2002','9',NULL,NULL,19,'kha.png',56,56,0,0,1064,1064,0,56,'2025-06-11 11:44:25','2025-06-11 11:44:25'),(248,168,3,3,'Moong Daal 1 Case','1003','13',NULL,NULL,100,'cash.png',32,32,0,0,3200,3200,0,32,'2025-06-11 11:44:25','2025-06-11 11:44:25'),(249,169,3,3,'Moong Daal 1 Case','1003','13',NULL,NULL,166,'cash.png',32,32,0,0,5312,5312,0,32,'2025-06-11 11:45:54','2025-06-11 11:45:54'),(250,170,3,1,'Masala Boondi','1001','11',NULL,NULL,1,'pren.png',110,110,0,0,110,110,0,110,'2025-06-11 11:47:33','2025-06-11 11:47:33'),(251,170,3,3,'Moong Daal','1003','13',NULL,NULL,1,'cash.png',32,32,0,0,32,32,0,32,'2025-06-11 11:47:33','2025-06-11 11:47:33'),(252,170,3,9,'Plain Salted Khakhra','2010','5',NULL,NULL,10,'kha.png',12,12,0,0,120,120,0,12,'2025-06-11 11:47:33','2025-06-11 11:47:33'),(253,171,5,2,'Chana Dal 1 Case','1002','14',NULL,NULL,15,'chana.png',24,24,0,0,360,360,0,24,'2025-06-16 08:39:58','2025-06-16 08:39:58'),(254,171,3,3,'Moong Daal 1 Case','1003','13',NULL,NULL,1,'cash.png',32,32,0,0,32,32,0,32,'2025-06-16 08:39:58','2025-06-16 08:39:58'),(255,172,4,6,'Soya Stick Tangy Tomato 1 Case','1009','1',NULL,NULL,1,'pren.png',42,42,0,0,42,42,0,42,'2025-06-28 11:19:01','2025-06-28 11:19:01'),(256,173,3,1,'Masala Boondi','1001','11',NULL,NULL,10,'pren.png',110,110,0,0,1100,1100,0,110,'2025-06-30 11:17:48','2025-06-30 11:17:48'),(257,173,3,3,'Moong Daal','1003','13',NULL,NULL,1,'cash.png',32,32,0,0,32,32,0,32,'2025-06-30 11:17:48','2025-06-30 11:17:48'),(258,174,3,1,'Masala Boondi','1001','11',NULL,NULL,1,'pren.png',110,110,0,0,110,110,0,110,'2025-07-01 09:05:08','2025-07-01 09:05:08'),(259,174,3,3,'Moong Daal','1003','13',NULL,NULL,1,'cash.png',32,32,0,0,32,32,0,32,'2025-07-01 09:05:08','2025-07-01 09:05:08');
/*!40000 ALTER TABLE `order_products` ENABLE KEYS */;
UNLOCK TABLES;

--
-- Table structure for table `order_statuses`
--

DROP TABLE IF EXISTS `order_statuses`;
/*!40101 SET @saved_cs_client     = @@character_set_client */;
/*!50503 SET character_set_client = utf8mb4 */;
CREATE TABLE `order_statuses` (
  `id` bigint unsigned NOT NULL AUTO_INCREMENT,
  `order_status_name` varchar(255) COLLATE utf8mb4_unicode_ci DEFAULT NULL,
  `status` enum('Active','Inactive') COLLATE utf8mb4_unicode_ci NOT NULL DEFAULT 'Active',
  `created_at` timestamp NULL DEFAULT NULL,
  `updated_at` timestamp NULL DEFAULT NULL,
  `deleted_at` timestamp NULL DEFAULT NULL,
  PRIMARY KEY (`id`)
) ENGINE=InnoDB AUTO_INCREMENT=7 DEFAULT CHARSET=utf8mb4 COLLATE=utf8mb4_unicode_ci;
/*!40101 SET character_set_client = @saved_cs_client */;

--
-- Dumping data for table `order_statuses`
--

LOCK TABLES `order_statuses` WRITE;
/*!40000 ALTER TABLE `order_statuses` DISABLE KEYS */;
INSERT INTO `order_statuses` VALUES (1,'Pending','Active','2024-10-09 06:33:12','2024-10-09 06:33:12',NULL),(2,'Process','Active','2024-10-09 06:33:12','2024-10-09 06:33:12',NULL),(3,'Complete','Active','2024-10-09 06:33:12','2024-10-09 06:33:12',NULL),(4,'Cancelled','Active','2024-10-09 06:33:12','2024-10-09 06:33:12',NULL),(5,'Failed','Active','2024-10-09 06:33:12','2024-10-09 06:33:12',NULL),(6,'cash','Active','2024-10-25 07:12:13','2024-10-25 07:30:27',NULL);
/*!40000 ALTER TABLE `order_statuses` ENABLE KEYS */;
UNLOCK TABLES;

--
-- Table structure for table `orders`
--

DROP TABLE IF EXISTS `orders`;
/*!40101 SET @saved_cs_client     = @@character_set_client */;
/*!50503 SET character_set_client = utf8mb4 */;
CREATE TABLE `orders` (
  `id` bigint unsigned NOT NULL AUTO_INCREMENT,
  `user_id` int DEFAULT NULL,
  `distributor_id` bigint unsigned NOT NULL,
  `shop_id` bigint unsigned DEFAULT NULL,
  `meeting_id` bigint unsigned DEFAULT NULL,
  `order_no` varchar(150) COLLATE utf8mb4_unicode_ci DEFAULT NULL,
  `invoice_no` varchar(150) COLLATE utf8mb4_unicode_ci DEFAULT NULL,
  `firstname` varchar(150) COLLATE utf8mb4_unicode_ci DEFAULT NULL,
  `lastname` varchar(150) COLLATE utf8mb4_unicode_ci DEFAULT NULL,
  `email` varchar(150) COLLATE utf8mb4_unicode_ci DEFAULT NULL,
  `mobile` bigint DEFAULT NULL,
  `latitude` varchar(255) COLLATE utf8mb4_unicode_ci DEFAULT NULL,
  `longitude` varchar(255) COLLATE utf8mb4_unicode_ci DEFAULT NULL,
  `shipping_address_id` int DEFAULT NULL,
  `shipping_firstname` varchar(255) COLLATE utf8mb4_unicode_ci DEFAULT NULL,
  `shipping_lastname` varchar(255) COLLATE utf8mb4_unicode_ci DEFAULT NULL,
  `shipping_email` varchar(255) COLLATE utf8mb4_unicode_ci DEFAULT NULL,
  `shipping_mobile` varchar(255) COLLATE utf8mb4_unicode_ci DEFAULT NULL,
  `shipping_country_name` varchar(255) COLLATE utf8mb4_unicode_ci DEFAULT NULL,
  `shipping_state_name` varchar(255) COLLATE utf8mb4_unicode_ci DEFAULT NULL,
  `shipping_city_name` varchar(255) COLLATE utf8mb4_unicode_ci DEFAULT NULL,
  `shipping_pincode` varchar(255) COLLATE utf8mb4_unicode_ci DEFAULT NULL,
  `billing_address_id` int DEFAULT NULL,
  `billing_firstname` varchar(255) COLLATE utf8mb4_unicode_ci DEFAULT NULL,
  `billing_lastname` varchar(255) COLLATE utf8mb4_unicode_ci DEFAULT NULL,
  `billing_email` varchar(255) COLLATE utf8mb4_unicode_ci DEFAULT NULL,
  `billing_mobile` varchar(255) COLLATE utf8mb4_unicode_ci DEFAULT NULL,
  `billing_country_name` varchar(255) COLLATE utf8mb4_unicode_ci DEFAULT NULL,
  `billing_state_name` varchar(255) COLLATE utf8mb4_unicode_ci DEFAULT NULL,
  `billing_city_name` varchar(255) COLLATE utf8mb4_unicode_ci DEFAULT NULL,
  `billing_pincode` varchar(255) COLLATE utf8mb4_unicode_ci DEFAULT NULL,
  `payment_method` varchar(255) COLLATE utf8mb4_unicode_ci DEFAULT NULL COMMENT 'Online or COD',
  `payment_code` varchar(255) COLLATE utf8mb4_unicode_ci DEFAULT NULL,
  `orderstatus_id` int DEFAULT NULL,
  `is_paid` int DEFAULT '0',
  `sub_total` float DEFAULT NULL,
  `total_gst` float DEFAULT NULL,
  `cgst` float DEFAULT NULL,
  `sgst` float DEFAULT NULL,
  `shipping_charge` float DEFAULT NULL,
  `grand_total` float DEFAULT NULL,
  `total_quantity` int DEFAULT NULL,
  `order_pdf` varchar(255) COLLATE utf8mb4_unicode_ci DEFAULT NULL,
  `coupon_id` int DEFAULT NULL,
  `coupon_code` varchar(255) COLLATE utf8mb4_unicode_ci DEFAULT NULL,
  `coupon_discount` float DEFAULT NULL,
  `payment_date` varchar(255) COLLATE utf8mb4_unicode_ci DEFAULT NULL,
  `created_at` timestamp NULL DEFAULT NULL,
  `updated_at` timestamp NULL DEFAULT NULL,
  `deleted_at` timestamp NULL DEFAULT NULL,
  PRIMARY KEY (`id`),
  KEY `orders_distributor_id_index` (`distributor_id`),
  KEY `orders_shop_id_index` (`shop_id`),
  KEY `orders_meeting_id_index` (`meeting_id`)
) ENGINE=InnoDB AUTO_INCREMENT=175 DEFAULT CHARSET=utf8mb4 COLLATE=utf8mb4_unicode_ci;
/*!40101 SET character_set_client = @saved_cs_client */;

--
-- Dumping data for table `orders`
--

LOCK TABLES `orders` WRITE;
/*!40000 ALTER TABLE `orders` DISABLE KEYS */;
INSERT INTO `orders` VALUES (1,2,1,2,NULL,'TEST-Nuttoz-00001','TEST-Nuttoz-00001','Manthan','Patel','apps@nividaweb.com',1234567890,NULL,NULL,1,'Haresh','Jadav','haresh@nivida.in','1122334455','India','Gujarat','Vadodara',NULL,1,'Haresh','Jadav','haresh@nivida.in','1122334455','India','Gujarat','Vadodara',NULL,'COD',NULL,1,0,66.67,3.33,1.66667,1.66667,0,70,2,'invoices/TEST-Nuttoz-00001.pdf',NULL,NULL,0,NULL,'2024-10-10 10:56:27','2024-10-10 10:56:28',NULL),(2,2,1,2,NULL,'TEST-Order-00002','TEST-Nuttoz-00002','Manthan','Patel','apps@nividaweb.com',1234567890,NULL,NULL,1,'Haresh','Jadav','haresh@nivida.in','1122334455','India','Gujarat','Vadodara',NULL,1,'Haresh','Jadav','haresh@nivida.in','1122334455','India','Gujarat','Vadodara',NULL,'COD',NULL,1,0,128.57,6.43,3.21429,3.21429,0,135,2,'invoices/TEST-Nuttoz-00002.pdf',NULL,NULL,0,NULL,'2024-10-10 11:00:26','2024-10-10 11:00:26',NULL),(3,2,1,2,NULL,'TEST-Order-00003','TEST-Nuttoz-00003','Manthan','Patel','apps@nividaweb.com',1234567890,NULL,NULL,1,'Haresh','Jadav','haresh@nivida.in','1122334455','India','Gujarat','Vadodara',NULL,1,'Haresh','Jadav','haresh@nivida.in','1122334455','India','Gujarat','Vadodara',NULL,'COD',NULL,1,0,95.24,4.76,2.38095,2.38095,0,100,1,'invoices/TEST-Nuttoz-00003.pdf',NULL,NULL,0,NULL,'2024-10-11 04:28:20','2024-10-11 04:28:20',NULL),(4,2,1,2,NULL,'TEST-Order-00004','TEST-Nuttoz-00004','Manthan','Patel','apps@nividaweb.com',1234567890,NULL,NULL,1,'Haresh','Jadav','haresh@nivida.in','1122334455','India','Gujarat','Vadodara',NULL,1,'Haresh','Jadav','haresh@nivida.in','1122334455','India','Gujarat','Vadodara',NULL,'COD',NULL,1,0,95.24,4.76,2.38095,2.38095,0,100,1,'invoices/TEST-Nuttoz-00004.pdf',NULL,NULL,0,NULL,'2024-10-11 05:00:07','2024-10-11 05:00:08',NULL),(5,2,1,NULL,13,'TEST-Order-00005','TEST-Nuttoz-00005','Manthan','Patel','apps@nividaweb.com',1234567890,NULL,NULL,1,'Haresh','Jadav','haresh@nivida.in','1122334455','India','Gujarat','Vadodara',NULL,1,'Haresh','Jadav','haresh@nivida.in','1122334455','India','Gujarat','Vadodara',NULL,'COD',NULL,1,0,47.86,2.39,1.19643,1.19643,0,50,2,'invoices/TEST-Nuttoz-00005.pdf',1,'TEST45',95,NULL,'2024-10-15 07:13:57','2024-10-15 07:13:58',NULL),(6,2,1,2,NULL,'TEST-Order-00006','TEST-Nuttoz-00006','Manthan S','Patel','apps@nividaweb.com',1234567890,NULL,NULL,1,'Haresh','Jadav','haresh@nivida.in','1122334455','India','Gujarat','Vadodara',NULL,1,'Haresh','Jadav','haresh@nivida.in','1122334455','India','Gujarat','Vadodara',NULL,'COD',NULL,1,0,66.67,3.33,1.66667,1.66667,0,70,1,'invoices/TEST-Nuttoz-00006.pdf',NULL,NULL,0,NULL,'2024-10-15 12:04:38','2024-10-15 12:04:39',NULL),(7,2,3,NULL,14,'TEST-Order-00007','TEST-Nuttoz-00007','Manthan S','Patel','apps@nividaweb.com',1234567890,NULL,NULL,3,'Jon','Keri','jon@j.com','9085236741','India','Gujarat','Vadodara','351531',3,'Jon','Keri','jon@j.com','9085236741','India','Gujarat','Vadodara','351531','COD',NULL,2,0,95.24,4.76,2.38095,2.38095,0,100,1,'invoices/TEST-Nuttoz-00007.pdf',NULL,NULL,0,NULL,'2024-10-15 12:30:45','2024-10-15 12:30:46',NULL),(8,2,1,NULL,15,'TEST-Order-00008','TEST-Nuttoz-00008','Manthan S','Patel','apps@nividaweb.com',1234567890,NULL,NULL,1,'Haresh','Jadav','haresh@nivida.in','1122334455','India','Gujarat','Vadodara',NULL,1,'Haresh','Jadav','haresh@nivida.in','1122334455','India','Gujarat','Vadodara',NULL,'COD',NULL,2,0,285.71,14.29,7.14286,7.14286,0,300,2,'invoices/TEST-Nuttoz-00008.pdf',NULL,NULL,0,NULL,'2024-10-16 05:25:12','2024-10-16 05:25:13',NULL),(9,4,1,1,NULL,'TEST-Order-00009','TEST-Nuttoz-00009','khyati','jadav','khyati@yopmail.com',8887774514,NULL,NULL,1,'Haresh','Jadav','haresh@nivida.in','1122334455','India','Gujarat','Vadodara',NULL,1,'Haresh','Jadav','haresh@nivida.in','1122334455','India','Gujarat','Vadodara',NULL,'COD',NULL,2,0,95.24,4.76,2.38095,2.38095,0,100,1,'invoices/TEST-Nuttoz-00009.pdf',NULL,NULL,0,NULL,'2024-10-22 06:42:36','2024-10-22 06:42:37',NULL),(10,4,1,1,NULL,'TEST-Order-00010','TEST-Nuttoz-00010','khyati','jadav','khyati@yopmail.com',8887774514,NULL,NULL,1,'Haresh','Jadav','haresh@nivida.in','1122334455','India','Gujarat','Vadodara',NULL,1,'Haresh','Jadav','haresh@nivida.in','1122334455','India','Gujarat','Vadodara',NULL,'COD',NULL,2,0,380.95,19.05,9.52381,9.52381,0,400,5,'invoices/TEST-Nuttoz-00010.pdf',NULL,NULL,0,NULL,'2024-10-22 06:53:45','2024-10-22 06:53:46',NULL),(11,4,1,2,NULL,'TEST-Order-00011','TEST-Nuttoz-00011','khyati','jadav','khyati@yopmail.com',8887774514,NULL,NULL,1,'Haresh','Jadav','haresh@nivida.in','1122334455','India','Gujarat','Vadodara',NULL,1,'Haresh','Jadav','haresh@nivida.in','1122334455','India','Gujarat','Vadodara',NULL,'COD',NULL,2,0,142.86,7.14,3.57143,3.57143,0,150,2,'invoices/TEST-Nuttoz-00011.pdf',NULL,NULL,0,NULL,'2024-10-22 06:54:27','2024-10-22 06:54:28',NULL),(12,4,1,NULL,27,'TEST-Order-00012','TEST-Nuttoz-00012','khyati','jadav','khyati@yopmail.com',8887774514,NULL,NULL,1,'Haresh','Jadav','haresh@nivida.in','1122334455','India','Gujarat','Vadodara',NULL,1,'Haresh','Jadav','haresh@nivida.in','1122334455','India','Gujarat','Vadodara',NULL,'COD',NULL,2,0,190.48,9.52,4.7619,4.7619,0,200,3,'invoices/TEST-Nuttoz-00012.pdf',NULL,NULL,0,NULL,'2024-10-22 08:23:29','2024-10-22 08:23:30',NULL),(13,4,1,NULL,28,'TEST-Order-00013','TEST-Nuttoz-00013','khyati','jadav','khyati@yopmail.com',8887774514,NULL,NULL,1,'Haresh','Jadav','haresh@nivida.in','1122334455','India','Gujarat','Vadodara',NULL,1,'Haresh','Jadav','haresh@nivida.in','1122334455','India','Gujarat','Vadodara',NULL,'COD',NULL,2,0,95.24,4.76,2.38095,2.38095,0,100,1,'invoices/TEST-Nuttoz-00013.pdf',NULL,NULL,0,NULL,'2024-10-22 08:29:52','2024-10-22 08:29:52',NULL),(14,2,1,1,NULL,'TEST-Order-00014','TEST-Nuttoz-00014','Manthan S','Patel','apps@nividaweb.com',1234567890,NULL,NULL,1,'Haresh','Jadav','haresh@nivida.in','1122334455','India','Gujarat','Vadodara',NULL,1,'Haresh','Jadav','haresh@nivida.in','1122334455','India','Gujarat','Vadodara',NULL,'COD',NULL,2,0,938.1,46.9,23.4524,23.4524,0,985,19,'invoices/TEST-Nuttoz-00014.pdf',NULL,NULL,0,NULL,'2024-10-25 06:19:02','2024-10-25 06:19:03',NULL),(15,4,1,1,NULL,'TEST-Order-00015','TEST-Nuttoz-00015','khyati','jadav','khyati@yopmail.com',8887774514,NULL,NULL,1,'Haresh','Jadav','haresh@nivida.in','1122334455','India','Gujarat','Vadodara',NULL,1,'Haresh','Jadav','haresh@nivida.in','1122334455','India','Gujarat','Vadodara',NULL,'COD',NULL,2,0,190.48,9.52,4.7619,4.7619,0,200,3,'invoices/TEST-Nuttoz-00015.pdf',NULL,NULL,0,NULL,'2024-10-28 09:05:13','2024-10-28 09:05:14',NULL),(16,4,1,1,NULL,'TEST-Order-00016','TEST-Nuttoz-00016','khyati','jadav','khyati@yopmail.com',8887774514,NULL,NULL,1,'Haresh','Jadav','haresh@nivida.in','1122334455','India','Gujarat','Vadodara',NULL,1,'Haresh','Jadav','haresh@nivida.in','1122334455','India','Gujarat','Vadodara',NULL,'COD',NULL,2,0,47.62,2.38,1.19048,1.19048,0,50,1,'invoices/TEST-Nuttoz-00016.pdf',NULL,NULL,0,NULL,'2024-10-28 09:05:36','2024-10-28 09:05:36',NULL),(17,2,1,3,37,'TEST-Order-00017','TEST-Nuttoz-00017','Manthan S','Patel','apps@nividaweb.com',1234567890,NULL,NULL,1,'Haresh','Jadav','haresh@nivida.in','1122334455','India','Gujarat','Vadodara',NULL,1,'Haresh','Jadav','haresh@nivida.in','1122334455','India','Gujarat','Vadodara',NULL,'COD',NULL,2,0,47.62,2.38,1.19048,1.19048,0,50,1,'invoices/TEST-Nuttoz-00017.pdf',NULL,NULL,0,NULL,'2024-11-04 05:40:37','2024-11-04 05:40:38',NULL),(18,2,1,2,NULL,'TEST-Order-00018','TEST-Nuttoz-00018','Manthan S','Patel','apps@nividaweb.com',1234567890,NULL,NULL,1,'Haresh','Jadav','haresh@nivida.in','1122334455','India','Gujarat','Vadodara',NULL,1,'Haresh','Jadav','haresh@nivida.in','1122334455','India','Gujarat','Vadodara',NULL,'COD',NULL,2,0,190.48,9.52,4.7619,4.7619,0,200,2,'invoices/TEST-Nuttoz-00018.pdf',NULL,NULL,0,NULL,'2024-11-04 06:00:28','2024-11-04 06:00:28',NULL),(19,4,1,1,NULL,'TEST-Order-00019','TEST-Nuttoz-00019','khyati','jadav','khyati@yopmail.com',8887774514,NULL,NULL,1,'Haresh','Jadav','haresh@nivida.in','1122334455','India','Gujarat','Vadodara',NULL,1,'Haresh','Jadav','haresh@nivida.in','1122334455','India','Gujarat','Vadodara',NULL,'COD',NULL,2,0,95.24,4.76,2.38095,2.38095,0,100,2,'invoices/TEST-Nuttoz-00019.pdf',NULL,NULL,0,NULL,'2024-11-04 06:18:30','2024-11-04 06:18:30',NULL),(20,8,4,2,NULL,'TEST-Order-00020','TEST-Nuttoz-00020','Greeshma','Jani','greeshma@yopmail.com',9997754548,NULL,NULL,4,'Yogesh','Jani','yogesh@yopmail.com','8877445511','India','Gujarat','Vadodara',NULL,4,'Yogesh','Jani','yogesh@yopmail.com','8877445511','India','Gujarat','Vadodara',NULL,'COD',NULL,2,0,95.24,4.76,2.38095,2.38095,0,100,1,'invoices/TEST-Nuttoz-00020.pdf',NULL,NULL,0,NULL,'2024-11-04 06:21:46','2024-11-04 06:21:47',NULL),(21,8,4,2,NULL,'TEST-Order-00021','TEST-Nuttoz-00021','Greeshma','Jani','greeshma@yopmail.com',9997754548,NULL,NULL,4,'Yogesh','Jani','yogesh@yopmail.com','8877445511','India','Gujarat','Vadodara',NULL,4,'Yogesh','Jani','yogesh@yopmail.com','8877445511','India','Gujarat','Vadodara',NULL,'COD',NULL,2,0,47.62,2.38,1.19048,1.19048,0,50,1,'invoices/TEST-Nuttoz-00021.pdf',NULL,NULL,0,NULL,'2024-11-04 10:11:54','2024-11-04 10:11:54',NULL),(22,6,3,NULL,46,'TEST-Order-00022','TEST-Nuttoz-00022','Vandan','Patel','hemangini@nividasoftware.com',4411221122,NULL,NULL,3,'Jon','Keri','jon@j.com','9085236741','India','Gujarat','Vadodara','351531',3,'Jon','Keri','jon@j.com','9085236741','India','Gujarat','Vadodara','351531','COD',NULL,2,0,47.62,2.38,1.19048,1.19048,0,50,1,'invoices/TEST-Nuttoz-00022.pdf',NULL,NULL,0,NULL,'2024-11-05 04:57:57','2024-11-05 04:57:58',NULL),(23,7,2,4,NULL,'TEST-Order-00023','TEST-Nuttoz-00023','Yogesh','Jani','dhavalnivida@gmail.com',7788774411,NULL,NULL,2,'Haresh','Jadeja','php4@nividaweb.com','1122334459','India','Gujarat','Vadodara','390021',2,'Haresh','Jadeja','php4@nividaweb.com','1122334459','India','Gujarat','Vadodara','390021','COD',NULL,2,0,47.62,2.38,1.19048,1.19048,0,50,1,'invoices/TEST-Nuttoz-00023.pdf',NULL,NULL,0,NULL,'2024-11-05 05:19:55','2024-11-05 05:19:56',NULL),(24,5,2,4,NULL,'TEST-Order-00024','TEST-Nuttoz-00024','Chirag','Jethwa','chiragnivida@gmail.com',5544225544,NULL,NULL,2,'Haresh','Jadeja','php4@nividaweb.com','1122334459','India','Gujarat','Vadodara','390021',2,'Haresh','Jadeja','php4@nividaweb.com','1122334459','India','Gujarat','Vadodara','390021','COD',NULL,2,0,142.86,7.14,3.57143,3.57143,0,150,2,'invoices/TEST-Nuttoz-00024.pdf',NULL,NULL,0,NULL,'2024-11-05 05:26:56','2024-11-05 05:26:57',NULL),(25,9,2,NULL,56,'TEST-Order-00025','TEST-Nuttoz-00025','Hemangini','Mayavanshi','qa@nividaweb.com',8140088840,NULL,NULL,2,'Haresh','Jadeja','php4@nividaweb.com','1122334459','India','Gujarat','Vadodara','390021',2,'Haresh','Jadeja','php4@nividaweb.com','1122334459','India','Gujarat','Vadodara','390021','COD',NULL,2,0,95.24,4.76,2.38095,2.38095,0,100,2,'invoices/TEST-Nuttoz-00025.pdf',NULL,NULL,0,NULL,'2024-11-05 09:43:48','2024-11-05 09:43:48',NULL),(26,9,2,NULL,57,'TEST-Order-00026','TEST-Nuttoz-00026','Hemangini','Mayavanshi','qa@nividaweb.com',8140088840,NULL,NULL,2,'Haresh','Jadeja','php4@nividaweb.com','1122334459','India','Gujarat','Vadodara','390021',2,'Haresh','Jadeja','php4@nividaweb.com','1122334459','India','Gujarat','Vadodara','390021','COD',NULL,2,0,285.71,14.29,7.14286,7.14286,0,300,3,'invoices/TEST-Nuttoz-00026.pdf',NULL,NULL,0,NULL,'2024-11-05 11:08:06','2024-11-05 11:08:07',NULL),(27,9,2,4,57,'TEST-Order-00027','TEST-Nuttoz-00027','Hemangini','Mayavanshi','qa@nividaweb.com',8140088840,NULL,NULL,2,'Haresh','Jadeja','php4@nividaweb.com','1122334459','India','Gujarat','Vadodara','390021',2,'Haresh','Jadeja','php4@nividaweb.com','1122334459','India','Gujarat','Vadodara','390021','COD',NULL,2,0,142.86,7.14,3.57143,3.57143,0,150,2,'invoices/TEST-Nuttoz-00027.pdf',NULL,NULL,0,NULL,'2024-11-05 11:11:34','2024-11-05 11:11:35',NULL),(28,2,1,3,58,'TEST-Order-00028','TEST-Nuttoz-00028','Manthan S','Patel','apps@nividaweb.com',1234567890,NULL,NULL,1,'Haresh','Jadav','haresh@nivida.in','1122334455','India','Gujarat','Vadodara',NULL,1,'Haresh','Jadav','haresh@nivida.in','1122334455','India','Gujarat','Vadodara',NULL,'COD',NULL,2,0,190.48,9.52,4.7619,4.7619,0,200,3,'invoices/TEST-Nuttoz-00028.pdf',NULL,NULL,0,NULL,'2024-11-08 09:49:08','2024-11-08 09:49:09',NULL),(29,9,2,4,80,'TEST-Order-00029','TEST-Nuttoz-00029','Hemangini','Mayavanshi','qa@nividaweb.com',8140088840,NULL,NULL,2,'Haresh','Jadeja','php4@nividaweb.com','1122334459','India','Gujarat','Vadodara','390021',2,'Haresh','Jadeja','php4@nividaweb.com','1122334459','India','Gujarat','Vadodara','390021','COD',NULL,2,0,714.29,35.71,17.8571,17.8571,0,750,11,'invoices/TEST-Nuttoz-00029.pdf',NULL,NULL,0,NULL,'2024-11-29 05:46:26','2024-11-29 05:46:27',NULL),(30,9,2,4,80,'TEST-Order-00030','TEST-Nuttoz-00030','Hemangini','Mayavanshi','qa@nividaweb.com',8140088840,NULL,NULL,2,'Haresh','Jadeja','php4@nividaweb.com','1122334459','India','Gujarat','Vadodara','390021',2,'Haresh','Jadeja','php4@nividaweb.com','1122334459','India','Gujarat','Vadodara','390021','COD',NULL,2,0,47.62,2.38,1.19048,1.19048,0,50,1,'invoices/TEST-Nuttoz-00030.pdf',NULL,NULL,0,NULL,'2024-11-29 05:48:48','2024-11-29 05:48:48',NULL),(31,2,1,3,94,'TEST-Order-00031','TEST-Nuttoz-00031','Manthan S','Patel','apps@nividaweb.com',1234567890,NULL,NULL,1,'Haresh','Jadav','haresh@nivida.in','1122334455','India','Gujarat','Vadodara',NULL,1,'Haresh','Jadav','haresh@nivida.in','1122334455','India','Gujarat','Vadodara',NULL,'COD',NULL,2,0,47.62,2.38,1.19048,1.19048,0,50,1,'invoices/TEST-Nuttoz-00031.pdf',NULL,NULL,0,NULL,'2024-12-27 07:38:24','2024-12-27 07:38:25',NULL),(32,2,1,3,94,'TEST-Order-00032','TEST-Nuttoz-00032','Manthan S','Patel','apps@nividaweb.com',1234567890,NULL,NULL,1,'Haresh','Jadav','haresh@nivida.in','1122334455','India','Gujarat','Vadodara',NULL,1,'Haresh','Jadav','haresh@nivida.in','1122334455','India','Gujarat','Vadodara',NULL,'COD',NULL,2,0,47.62,2.38,1.19048,1.19048,0,50,1,'invoices/TEST-Nuttoz-00032.pdf',NULL,NULL,0,NULL,'2024-12-27 08:41:42','2024-12-27 08:41:42',NULL),(33,2,1,3,103,'TEST-Order-00033','TEST-Nuttoz-00033','Manthan S','Patel','apps@nividaweb.com',1234567890,NULL,NULL,1,'Haresh','Jadav','haresh@nivida.in','1122334455','India','Gujarat','Vadodara',NULL,1,'Haresh','Jadav','haresh@nivida.in','1122334455','India','Gujarat','Vadodara',NULL,'COD',NULL,2,0,142.86,7.14,3.57143,3.57143,0,150,2,'invoices/TEST-Nuttoz-00033.pdf',NULL,NULL,0,NULL,'2025-02-12 11:50:47','2025-02-12 11:50:48',NULL),(34,2,1,3,NULL,'TEST-Order-00034','TEST-Nuttoz-00034','Manthan S','Patel','apps@nividaweb.com',1234567890,NULL,NULL,1,'Haresh','Jadav','haresh@nivida.in','1122334455','India','Gujarat','Vadodara',NULL,1,'Haresh','Jadav','haresh@nivida.in','1122334455','India','Gujarat','Vadodara',NULL,'COD',NULL,2,0,142.86,7.14,3.57143,3.57143,0,150,2,'invoices/TEST-Nuttoz-00034.pdf',NULL,NULL,0,NULL,'2025-02-17 10:07:09','2025-02-17 10:07:10',NULL),(35,2,1,3,NULL,'TEST-Order-00035','TEST-Nuttoz-00035','Manthan S','Patel','apps@nividaweb.com',1234567890,NULL,NULL,1,'Haresh','Jadav','haresh@nivida.in','1122334455','India','Gujarat','Vadodara',NULL,1,'Haresh','Jadav','haresh@nivida.in','1122334455','India','Gujarat','Vadodara',NULL,'COD',NULL,2,0,95.24,4.76,2.38095,2.38095,0,100,1,'invoices/TEST-Nuttoz-00035.pdf',NULL,NULL,0,NULL,'2025-02-17 11:12:35','2025-02-17 11:12:36',NULL),(36,2,1,3,NULL,'TEST-Order-00036','TEST-Nuttoz-00036','Manthan S','Patel','apps@nividaweb.com',1234567890,NULL,NULL,1,'Haresh','Jadav','haresh@nivida.in','1122334455','India','Gujarat','Vadodara',NULL,1,'Haresh','Jadav','haresh@nivida.in','1122334455','India','Gujarat','Vadodara',NULL,'COD',NULL,2,0,47.62,2.38,1.19048,1.19048,0,50,1,'invoices/TEST-Nuttoz-00036.pdf',NULL,NULL,0,NULL,'2025-02-17 11:14:44','2025-02-17 11:14:44',NULL),(37,2,1,1,NULL,'TEST-Order-00037','TEST-Nuttoz-00037','Manthan S','Patel','apps@nividaweb.com',1234567890,NULL,NULL,1,'Haresh','Jadav','haresh@nivida.in','1122334455','India','Gujarat','Vadodara',NULL,1,'Haresh','Jadav','haresh@nivida.in','1122334455','India','Gujarat','Vadodara',NULL,'COD',NULL,2,0,190.48,9.52,4.7619,4.7619,0,200,2,'invoices/TEST-Nuttoz-00037.pdf',NULL,NULL,0,NULL,'2025-02-19 11:37:59','2025-02-19 11:38:00',NULL),(38,2,1,1,NULL,'TEST-Order-00038','TEST-Nuttoz-00038','Manthan S','Patel','apps@nividaweb.com',1234567890,NULL,NULL,1,'Haresh','Jadav','haresh@nivida.in','1122334455','India','Gujarat','Vadodara',NULL,1,'Haresh','Jadav','haresh@nivida.in','1122334455','India','Gujarat','Vadodara',NULL,'COD',NULL,2,0,95.24,4.76,2.38095,2.38095,0,100,1,'invoices/TEST-Nuttoz-00038.pdf',NULL,NULL,0,NULL,'2025-02-19 11:53:25','2025-02-19 11:53:26',NULL),(39,2,1,NULL,NULL,'TEST-Order-00039','TEST-Nuttoz-00039','Manthan S','Patel','apps@nividaweb.com',1234567890,NULL,NULL,1,'Haresh','Jadav','haresh@nivida.in','1122334455','India','Gujarat','Vadodara',NULL,1,'Haresh','Jadav','haresh@nivida.in','1122334455','India','Gujarat','Vadodara',NULL,'COD',NULL,2,0,400,20,10,10,0,420,6,'invoices/TEST-Nuttoz-00039.pdf',NULL,NULL,0,NULL,'2025-02-19 11:59:31','2025-02-19 11:59:32',NULL),(40,2,1,NULL,NULL,'TEST-Order-00040','TEST-Nuttoz-00040','Manthan S','Patel','apps@nividaweb.com',1234567890,NULL,NULL,1,'Haresh','Jadav','haresh@nivida.in','1122334455','India','Gujarat','Vadodara',NULL,1,'Haresh','Jadav','haresh@nivida.in','1122334455','India','Gujarat','Vadodara',NULL,'COD',NULL,2,0,142.86,7.14,3.57143,3.57143,0,150,2,'invoices/TEST-Nuttoz-00040.pdf',NULL,NULL,0,NULL,'2025-02-19 12:10:06','2025-02-19 12:10:06',NULL),(41,2,1,NULL,NULL,'TEST-Order-00041','TEST-Nuttoz-00041','Manthan S','Patel','apps@nividaweb.com',1234567890,NULL,NULL,1,'Haresh','Jadav','haresh@nivida.in','1122334455','India','Gujarat','Vadodara',NULL,1,'Haresh','Jadav','haresh@nivida.in','1122334455','India','Gujarat','Vadodara',NULL,'COD',NULL,2,0,95.24,4.76,2.38095,2.38095,0,100,2,'invoices/TEST-Nuttoz-00041.pdf',NULL,NULL,0,NULL,'2025-02-19 12:39:24','2025-02-19 12:39:24',NULL),(42,2,1,3,NULL,'TEST-Order-00042','TEST-Nuttoz-00042','Manthan','Patel','apps@nividaweb.com',1234567890,NULL,NULL,1,'Haresh','Jadav','haresh@nivida.in','1122334455','India','Gujarat','Vadodara',NULL,1,'Haresh','Jadav','haresh@nivida.in','1122334455','India','Gujarat','Vadodara',NULL,'COD',NULL,2,0,952.38,47.62,23.8095,23.8095,0,1000,10,'invoices/TEST-Nuttoz-00042.pdf',NULL,NULL,0,NULL,'2025-02-21 12:22:44','2025-02-21 12:22:44',NULL),(43,2,1,3,NULL,'TEST-Order-00043','TEST-Nuttoz-00043','Manthan','Patel','apps@nividaweb.com',1234567890,NULL,NULL,1,'Haresh','Jadav','haresh@nivida.in','1122334455','India','Gujarat','Vadodara',NULL,1,'Haresh','Jadav','haresh@nivida.in','1122334455','India','Gujarat','Vadodara',NULL,'COD',NULL,2,0,104.76,5.24,2.61905,2.61905,0,110,1,'invoices/TEST-Nuttoz-00043.pdf',NULL,NULL,0,NULL,'2025-02-21 12:28:55','2025-02-21 12:28:55',NULL),(44,2,1,NULL,NULL,'TEST-Order-00044','TEST-Nuttoz-00044','Manthan','Patel','apps@nividaweb.com',1234567890,NULL,NULL,1,'Haresh','Jadav','haresh@nivida.in','1122334455','India','Gujarat','Vadodara',NULL,1,'Haresh','Jadav','haresh@nivida.in','1122334455','India','Gujarat','Vadodara',NULL,'COD',NULL,2,0,1047.62,52.38,26.1905,26.1905,0,1100,11,'invoices/TEST-Nuttoz-00044.pdf',NULL,NULL,0,NULL,'2025-02-21 12:29:23','2025-02-21 12:29:24',NULL),(45,2,1,NULL,NULL,'TEST-Order-00045','TEST-Nuttoz-00045','Manthan','Patel','apps@nividaweb.com',1234567890,NULL,NULL,1,'Haresh','Jadav','haresh@nivida.in','1122334455','India','Gujarat','Vadodara',NULL,1,'Haresh','Jadav','haresh@nivida.in','1122334455','India','Gujarat','Vadodara',NULL,'COD',NULL,2,0,11.43,0.57,0.285714,0.285714,0,12,1,'invoices/TEST-Nuttoz-00045.pdf',NULL,NULL,0,NULL,'2025-02-21 12:44:14','2025-02-21 12:44:14',NULL),(46,9,1,1,NULL,'TEST-Order-00046','TEST-Nuttoz-00046','Hemangini','Mayavanshi','qa@nividaweb.com',8140088840,NULL,NULL,1,'Haresh','Jadav','haresh@nivida.in','1122334455','India','Gujarat','Vadodara',NULL,1,'Haresh','Jadav','haresh@nivida.in','1122334455','India','Gujarat','Vadodara',NULL,'COD',NULL,2,0,171.43,8.57,4.28571,4.28571,0,180,15,'invoices/TEST-Nuttoz-00046.pdf',NULL,NULL,0,NULL,'2025-02-24 06:30:08','2025-02-24 06:30:08',NULL),(47,9,1,NULL,NULL,'TEST-Order-00047','TEST-Nuttoz-00047','Hemangini','Mayavanshi','qa@nividaweb.com',8140088840,NULL,NULL,1,'Haresh','Jadav','haresh@nivida.in','1122334455','India','Gujarat','Vadodara',NULL,1,'Haresh','Jadav','haresh@nivida.in','1122334455','India','Gujarat','Vadodara',NULL,'COD',NULL,2,0,97.14,4.86,2.42857,2.42857,0,102,1,'invoices/TEST-Nuttoz-00047.pdf',NULL,NULL,0,NULL,'2025-02-24 12:20:32','2025-02-24 12:20:32',NULL),(48,9,1,NULL,NULL,'TEST-Order-00048','TEST-Nuttoz-00048','Hemangini','Mayavanshi','qa@nividaweb.com',8140088840,NULL,NULL,1,'Haresh','Jadav','haresh@nivida.in','1122334455','India','Gujarat','Vadodara',NULL,1,'Haresh','Jadav','haresh@nivida.in','1122334455','India','Gujarat','Vadodara',NULL,'COD',NULL,2,0,11.43,0.57,0.285714,0.285714,0,12,1,'invoices/TEST-Nuttoz-00048.pdf',NULL,NULL,0,NULL,'2025-02-24 12:27:18','2025-02-24 12:27:18',NULL),(49,9,1,NULL,NULL,'TEST-Order-00049','TEST-Nuttoz-00049','Hemangini','Mayavanshi','qa@nividaweb.com',8140088840,NULL,NULL,1,'Haresh','Jadav','haresh@nivida.in','1122334455','India','Gujarat','Vadodara',NULL,1,'Haresh','Jadav','haresh@nivida.in','1122334455','India','Gujarat','Vadodara',NULL,'COD',NULL,2,0,53.33,2.67,1.33333,1.33333,0,56,1,'invoices/TEST-Nuttoz-00049.pdf',NULL,NULL,0,NULL,'2025-02-24 12:30:55','2025-02-24 12:30:56',NULL),(50,9,1,3,NULL,'TEST-Order-00050','TEST-Nuttoz-00050','Hemangini','Mayavanshi','qa@nividaweb.com',8140088840,NULL,NULL,1,'Haresh','Jadav','haresh@nivida.in','1122334455','India','Gujarat','Vadodara',NULL,1,'Haresh','Jadav','haresh@nivida.in','1122334455','India','Gujarat','Vadodara',NULL,'COD',NULL,2,0,11.43,0.57,0.285714,0.285714,0,12,1,'invoices/TEST-Nuttoz-00050.pdf',NULL,NULL,0,NULL,'2025-02-25 06:14:49','2025-02-25 06:14:50',NULL),(51,9,1,NULL,NULL,'TEST-Order-00051','TEST-Nuttoz-00051','Hemangini','Mayavanshi','qa@nividaweb.com',8140088840,NULL,NULL,1,'Haresh','Jadav','haresh@nivida.in','1122334455','India','Gujarat','Vadodara',NULL,1,'Haresh','Jadav','haresh@nivida.in','1122334455','India','Gujarat','Vadodara',NULL,'COD',NULL,2,0,137.14,6.86,3.42857,3.42857,0,144,2,'invoices/TEST-Nuttoz-00051.pdf',NULL,NULL,0,NULL,'2025-02-25 06:31:04','2025-02-25 06:31:05',NULL),(52,9,1,1,NULL,'TEST-Order-00052','TEST-Nuttoz-00052','Hemangini','Mayavanshi','qa@nividaweb.com',8140088840,NULL,NULL,1,'Haresh','Jadav','haresh@nivida.in','1122334455','India','Gujarat','Vadodara',NULL,1,'Haresh','Jadav','haresh@nivida.in','1122334455','India','Gujarat','Vadodara',NULL,'COD',NULL,2,0,11.43,0.57,0.285714,0.285714,0,12,1,'invoices/TEST-Nuttoz-00052.pdf',NULL,NULL,0,NULL,'2025-02-25 09:54:55','2025-02-25 09:54:56',NULL),(53,9,11,NULL,NULL,'TEST-Order-00053','TEST-Nuttoz-00053','Hemangini','Mayavanshi','qa@nividaweb.com',8140088840,NULL,NULL,9,'Dhaval','Jadav','dhavalnivida@gmail.com','8140088866','India','Gujarat','Panchmahal',NULL,9,'Dhaval','Jadav','dhavalnivida@gmail.com','8140088866','India','Gujarat','Panchmahal',NULL,'COD',NULL,2,0,11.43,0.57,0.285714,0.285714,0,12,1,'invoices/TEST-Nuttoz-00053.pdf',NULL,NULL,0,NULL,'2025-02-25 10:24:39','2025-02-25 10:24:40',NULL),(54,9,1,NULL,NULL,'TEST-Order-00054','TEST-Nuttoz-00054','Hemangini','Mayavanshi','qa@nividaweb.com',8140088840,NULL,NULL,1,'Haresh','Jadav','haresh@nivida.in','1122334455','India','Gujarat','Vadodara',NULL,1,'Haresh','Jadav','haresh@nivida.in','1122334455','India','Gujarat','Vadodara',NULL,'COD',NULL,2,0,11.43,0.57,0.285714,0.285714,0,12,1,'invoices/TEST-Nuttoz-00054.pdf',NULL,NULL,0,NULL,'2025-02-25 11:06:54','2025-02-25 11:06:54',NULL),(55,9,11,9,NULL,'TEST-Order-00055','TEST-Nuttoz-00055','Hemangini','Mayavanshi','qa@nividaweb.com',8140088840,NULL,NULL,9,'Dhaval','Jadav','dhavalnivida@gmail.com','8140088866','India','Gujarat','Panchmahal',NULL,9,'Dhaval','Jadav','dhavalnivida@gmail.com','8140088866','India','Gujarat','Panchmahal',NULL,'COD',NULL,2,0,697.14,34.86,17.4286,17.4286,0,732,16,'invoices/TEST-Nuttoz-00055.pdf',NULL,NULL,0,NULL,'2025-02-25 11:07:31','2025-02-25 11:07:32',NULL),(56,3,1,3,NULL,'TEST-Order-00056','TEST-Nuttoz-00056','Rekha','Patel','php4@nividaweb.com',1223456789,NULL,NULL,1,'Haresh','Jadav','haresh@nivida.in','1122334455','India','Gujarat','Vadodara',NULL,1,'Haresh','Jadav','haresh@nivida.in','1122334455','India','Gujarat','Vadodara',NULL,'COD',NULL,2,0,53.33,2.67,1.33333,1.33333,0,56,1,'invoices/TEST-Nuttoz-00056.pdf',NULL,NULL,0,NULL,'2025-02-26 08:46:32','2025-02-26 08:46:33',NULL),(57,9,11,9,NULL,'TEST-Order-00057','TEST-Nuttoz-00057','Hemangini','Mayavanshi','qa@nividaweb.com',8140088840,NULL,NULL,9,'Dhaval','Jadav','dhavalnivida@gmail.com','8140088866','India','Gujarat','Panchmahal',NULL,9,'Dhaval','Jadav','dhavalnivida@gmail.com','8140088866','India','Gujarat','Panchmahal',NULL,'COD',NULL,2,0,11.43,0.57,0.285714,0.285714,0,12,1,'invoices/TEST-Nuttoz-00057.pdf',NULL,NULL,0,NULL,'2025-02-26 09:21:25','2025-02-26 09:21:25',NULL),(58,9,11,9,NULL,'TEST-Order-00058','TEST-Nuttoz-00058','Hemangini','Mayavanshi','qa@nividaweb.com',8140088840,NULL,NULL,9,'Dhaval','Jadav','dhavalnivida@gmail.com','8140088866','India','Gujarat','Panchmahal',NULL,9,'Dhaval','Jadav','dhavalnivida@gmail.com','8140088866','India','Gujarat','Panchmahal',NULL,'COD',NULL,2,0,53.33,2.67,1.33333,1.33333,0,56,1,'invoices/TEST-Nuttoz-00058.pdf',NULL,NULL,0,NULL,'2025-02-26 09:22:55','2025-02-26 09:22:56',NULL),(59,9,13,10,NULL,'TEST-Order-00059','TEST-Nuttoz-00059','Hemangini','Mayavanshi','qa@nividaweb.com',8140088840,NULL,NULL,11,'vivek','Joshi','php@nividasoftware.com','8140099988','India','Gujarat','Gandhinagar',NULL,11,'vivek','Joshi','php@nividasoftware.com','8140099988','India','Gujarat','Gandhinagar',NULL,'COD',NULL,2,0,594.29,29.71,14.8571,14.8571,0,624,12,'invoices/TEST-Nuttoz-00059.pdf',NULL,NULL,0,NULL,'2025-02-27 08:45:46','2025-02-27 08:45:47',NULL),(60,9,1,NULL,NULL,'TEST-Order-00060','TEST-Nuttoz-00060','Hemangini','Mayavanshi','qa@nividaweb.com',8140088840,NULL,NULL,1,'Haresh','Jadav','haresh@nivida.in','1122334455','India','Gujarat','Vadodara',NULL,1,'Haresh','Jadav','haresh@nivida.in','1122334455','India','Gujarat','Vadodara',NULL,'COD',NULL,2,0,11.43,0.57,0.285714,0.285714,0,12,1,'invoices/TEST-Nuttoz-00060.pdf',NULL,NULL,0,NULL,'2025-02-27 08:53:37','2025-02-27 08:53:37',NULL),(61,4,1,3,NULL,'TEST-Order-00061','TEST-Nuttoz-00061','khyati','jadav','khyati@yopmail.com',8887774514,NULL,NULL,1,'Haresh','Jadav','haresh@nivida.in','1122334455','India','Gujarat','Vadodara',NULL,1,'Haresh','Jadav','haresh@nivida.in','1122334455','India','Gujarat','Vadodara',NULL,'COD',NULL,2,0,47.62,2.38,1.19048,1.19048,0,50,1,'invoices/TEST-Nuttoz-00061.pdf',NULL,NULL,0,NULL,'2025-02-27 09:26:34','2025-02-27 09:26:35',NULL),(62,9,14,NULL,NULL,'TEST-Order-00062','TEST-Nuttoz-00062','Hemangini','Mayavanshi','qa@nividaweb.com',8140088840,NULL,NULL,12,'Parth','bhatia','account@nividaweb.com','8140088833','India','Gujarat','Gandhinagar',NULL,12,'Parth','bhatia','account@nividaweb.com','8140088833','India','Gujarat','Gandhinagar',NULL,'COD',NULL,2,0,12542.9,627.14,313.571,313.571,0,13170,135,'invoices/TEST-Nuttoz-00062.pdf',NULL,NULL,0,NULL,'2025-02-27 09:48:53','2025-02-27 09:48:54',NULL),(63,9,11,9,NULL,'TEST-Order-00063','TEST-Nuttoz-00063','Hemangini','Mayavanshi','qa@nividaweb.com',8140088840,NULL,NULL,9,'Dhaval','Jadav','dhavalnivida@gmail.com','8140088866','India','Gujarat','Panchmahal',NULL,9,'Dhaval','Jadav','dhavalnivida@gmail.com','8140088866','India','Gujarat','Panchmahal',NULL,'COD',NULL,2,0,1142.86,57.14,28.5714,28.5714,0,1200,100,'invoices/TEST-Nuttoz-00063.pdf',NULL,NULL,0,NULL,'2025-02-27 10:14:21','2025-02-27 10:14:21',NULL),(64,2,1,3,NULL,'TEST-Order-00064','TEST-Nuttoz-00064','Manthan','Patel','apps@nividaweb.com',1234567890,NULL,NULL,1,'Haresh','Jadav','haresh@nivida.in','1122334455','India','Gujarat','Vadodara',NULL,1,'Haresh','Jadav','haresh@nivida.in','1122334455','India','Gujarat','Vadodara',NULL,'COD',NULL,2,0,11.43,0.57,0.285714,0.285714,0,12,1,'invoices/TEST-Nuttoz-00064.pdf',NULL,NULL,0,NULL,'2025-03-03 12:26:49','2025-03-03 12:26:50',NULL),(65,2,1,3,NULL,'TEST-Order-00065','TEST-Nuttoz-00065','Manthan','Patel','apps@nividaweb.com',1234567890,NULL,NULL,1,'Haresh','Jadav','haresh@nivida.in','1122334455','India','Gujarat','Vadodara',NULL,1,'Haresh','Jadav','haresh@nivida.in','1122334455','India','Gujarat','Vadodara',NULL,'COD',NULL,2,0,11.43,0.57,0.285714,0.285714,0,12,1,'invoices/TEST-Nuttoz-00065.pdf',NULL,NULL,0,NULL,'2025-03-03 12:27:53','2025-03-03 12:27:53',NULL),(66,9,11,9,NULL,'TEST-Order-00066','TEST-Nuttoz-00066','Hemangini','Mayavanshi','qa@nividaweb.com',8140088840,NULL,NULL,9,'Dhaval','Jadav','dhavalnivida@gmail.com','8140088866','India','Gujarat','Panchmahal',NULL,9,'Dhaval','Jadav','dhavalnivida@gmail.com','8140088866','India','Gujarat','Panchmahal',NULL,'COD',NULL,2,0,11.43,0.57,0.285714,0.285714,0,12,1,'invoices/TEST-Nuttoz-00066.pdf',NULL,NULL,0,NULL,'2025-03-05 07:21:46','2025-03-05 07:21:47',NULL),(67,9,14,NULL,NULL,'TEST-Order-00067','TEST-Nuttoz-00067','Hemangini','Mayavanshi','qa@nividaweb.com',8140088840,NULL,NULL,12,'Parth','bhatia','account@nividaweb.com','8140088833','India','Gujarat','Gandhinagar',NULL,12,'Parth','bhatia','account@nividaweb.com','8140088833','India','Gujarat','Gandhinagar',NULL,'COD',NULL,2,0,1897.14,94.86,47.4286,47.4286,0,1992,26,'invoices/TEST-Nuttoz-00067.pdf',NULL,NULL,0,NULL,'2025-03-05 07:22:54','2025-03-05 07:22:54',NULL),(68,9,1,7,NULL,'TEST-Order-00068','TEST-Nuttoz-00068','Hemangini','Mayavanshi','qa@nividaweb.com',8140088840,NULL,NULL,1,'Haresh','Jadav','haresh@nivida.in','1122334455','India','Gujarat','Vadodara',NULL,1,'Haresh','Jadav','haresh@nivida.in','1122334455','India','Gujarat','Vadodara',NULL,'COD',NULL,2,0,97.14,4.86,2.42857,2.42857,0,102,1,'invoices/TEST-Nuttoz-00068.pdf',NULL,NULL,0,NULL,'2025-03-05 07:31:23','2025-03-05 07:31:23',NULL),(69,9,15,NULL,NULL,'TEST-Order-00069','TEST-Nuttoz-00069','Hemangini','Mayavanshi','qa@nividaweb.com',8140088840,NULL,NULL,13,'vikram','patel','vikram@nividaweb.com','8140088890','India','Gujarat','Gandhinagar',NULL,13,'vikram','patel','vikram@nividaweb.com','8140088890','India','Gujarat','Gandhinagar',NULL,'COD',NULL,2,0,40,2,1,1,0,42,1,'invoices/TEST-Nuttoz-00069.pdf',NULL,NULL,0,NULL,'2025-03-05 07:32:02','2025-03-05 07:32:02',NULL),(70,9,1,7,NULL,'TEST-Order-00070','TEST-Nuttoz-00070','Hemangini','Mayavanshi','qa@nividaweb.com',8140088840,NULL,NULL,1,'Haresh','Jadav','haresh@nivida.in','1122334455','India','Gujarat','Vadodara',NULL,1,'Haresh','Jadav','haresh@nivida.in','1122334455','India','Gujarat','Vadodara',NULL,'COD',NULL,2,0,11.43,0.57,0.285714,0.285714,0,12,1,'invoices/TEST-Nuttoz-00070.pdf',NULL,NULL,0,NULL,'2025-03-06 07:31:05','2025-03-06 07:31:06',NULL),(71,9,11,NULL,NULL,'TEST-Order-00071','TEST-Nuttoz-00071','Hemangini','Mayavanshi','qa@nividaweb.com',8140088840,NULL,NULL,9,'Dhaval','Jadav','dhavalnivida@gmail.com','8140088866','India','Gujarat','Panchmahal',NULL,9,'Dhaval','Jadav','dhavalnivida@gmail.com','8140088866','India','Gujarat','Panchmahal',NULL,'COD',NULL,2,0,9714.29,485.71,242.857,242.857,0,10200,100,'invoices/TEST-Nuttoz-00071.pdf',NULL,NULL,0,NULL,'2025-03-06 11:27:51','2025-03-06 11:27:51',NULL),(72,2,1,1,NULL,'TEST-Order-00072','TEST-Nuttoz-00072','Manthan','Patel','apps@nividaweb.com',1234567890,NULL,NULL,1,'Haresh','Jadav','haresh@nivida.in','1122334455','India','Gujarat','Vadodara',NULL,1,'Haresh','Jadav','haresh@nivida.in','1122334455','India','Gujarat','Vadodara',NULL,'COD',NULL,2,0,971.43,48.57,24.2857,24.2857,0,1020,10,'invoices/TEST-Nuttoz-00072.pdf',NULL,NULL,0,NULL,'2025-03-06 12:43:48','2025-03-06 12:43:48',NULL),(73,2,1,1,NULL,'TEST-Order-00073','TEST-Nuttoz-00073','Manthan','Patel','apps@nividaweb.com',1234567890,NULL,NULL,1,'Haresh','Jadav','haresh@nivida.in','1122334455','India','Gujarat','Vadodara',NULL,1,'Haresh','Jadav','haresh@nivida.in','1122334455','India','Gujarat','Vadodara',NULL,'COD',NULL,2,0,40,2,1,1,0,42,1,'invoices/TEST-Nuttoz-00073.pdf',NULL,NULL,0,NULL,'2025-03-06 12:44:59','2025-03-06 12:45:00',NULL),(74,9,23,NULL,NULL,'TEST-Order-00074','TEST-Nuttoz-00074','Hemangini','Mayavanshi','qa@nividaweb.com',8140088840,NULL,NULL,21,'Aa','Aa',NULL,'8523698514','India','Andaman & Nicobar','Nicobar',NULL,21,'Aa','Aa',NULL,'8523698514','India','Andaman & Nicobar','Nicobar',NULL,'COD',NULL,2,0,4000,200,100,100,0,4200,100,'invoices/TEST-Nuttoz-00074.pdf',NULL,NULL,0,NULL,'2025-03-07 11:54:26','2025-03-07 11:54:26',NULL),(75,9,24,NULL,NULL,'TEST-Order-00075','TEST-Nuttoz-00075','Hemangini','Mayavanshi','qa@nividaweb.com',8140088840,NULL,NULL,22,'Api','Name','apitest@nividaweb.com','1122334456','India','Gujarat','Vadodara','390021',22,'Api','Name','apitest@nividaweb.com','1122334456','India','Gujarat','Vadodara','390021','COD',NULL,1,0,1714.29,85.71,42.8571,42.8571,0,1800,150,NULL,NULL,NULL,0,NULL,'2025-03-11 11:38:49','2025-03-11 11:38:49',NULL),(76,9,24,NULL,NULL,'TEST-Order-00076','TEST-Nuttoz-00076','Hemangini','Mayavanshi','qa@nividaweb.com',8140088840,NULL,NULL,22,'Api','Name','apitest@nividaweb.com','1122334456','India','Gujarat','Vadodara','390021',22,'Api','Name','apitest@nividaweb.com','1122334456','India','Gujarat','Vadodara','390021','COD',NULL,1,0,114.29,5.71,2.85714,2.85714,0,120,10,NULL,NULL,NULL,0,NULL,'2025-03-11 11:39:11','2025-03-11 11:39:11',NULL),(77,9,24,NULL,NULL,'TEST-Order-00077','TEST-Nuttoz-00077','Hemangini','Mayavanshi','qa@nividaweb.com',8140088840,NULL,NULL,22,'Api','Name','apitest@nividaweb.com','1122334456','India','Gujarat','Vadodara','390021',22,'Api','Name','apitest@nividaweb.com','1122334456','India','Gujarat','Vadodara','390021','COD',NULL,1,0,171.43,8.57,4.28571,4.28571,0,180,15,NULL,NULL,NULL,0,NULL,'2025-03-11 12:23:16','2025-03-11 12:23:16',NULL),(78,2,1,NULL,NULL,'TEST-Order-00078','TEST-Nuttoz-00078','Manthan','Patel','apps@nividaweb.com',1234567890,NULL,NULL,1,'Haresh','Jadav','haresh@nivida.in','1122334455','India','Gujarat','Vadodara',NULL,1,'Haresh','Jadav','haresh@nivida.in','1122334455','India','Gujarat','Vadodara',NULL,'COD',NULL,1,0,11.43,0.57,0.285714,0.285714,0,12,1,NULL,NULL,NULL,0,NULL,'2025-03-11 12:27:19','2025-03-11 12:27:19',NULL),(79,2,1,NULL,NULL,'TEST-Order-00079','TEST-Nuttoz-00079','Manthan','Patel','apps@nividaweb.com',1234567890,NULL,NULL,1,'Haresh','Jadav','haresh@nivida.in','1122334455','India','Gujarat','Vadodara',NULL,1,'Haresh','Jadav','haresh@nivida.in','1122334455','India','Gujarat','Vadodara',NULL,'COD',NULL,1,0,11.43,0.57,0.285714,0.285714,0,12,1,NULL,NULL,NULL,0,NULL,'2025-03-11 12:30:44','2025-03-11 12:30:44',NULL),(80,9,24,NULL,NULL,'TEST-Order-00080','TEST-Nuttoz-00080','Hemangini','Mayavanshi','qa@nividaweb.com',8140088840,NULL,NULL,22,'Api','Name','apitest@nividaweb.com','1122334456','India','Gujarat','Vadodara','390021',22,'Api','Name','apitest@nividaweb.com','1122334456','India','Gujarat','Vadodara','390021','COD',NULL,2,0,9765.71,488.29,244.143,244.143,0,10254,102,'invoices/TEST-Nuttoz-00080.pdf',NULL,NULL,0,NULL,'2025-03-11 13:13:59','2025-03-11 13:13:59',NULL),(81,9,24,NULL,NULL,'TEST-Order-00081','TEST-Nuttoz-00081','Hemangini','Mayavanshi','qa@nividaweb.com',8140088840,NULL,NULL,22,'Api','Name','apitest@nividaweb.com','1122334456','India','Gujarat','Vadodara','390021',22,'Api','Name','apitest@nividaweb.com','1122334456','India','Gujarat','Vadodara','390021','COD',NULL,2,0,97.14,4.86,2.42857,2.42857,0,102,1,'invoices/TEST-Nuttoz-00081.pdf',NULL,NULL,0,NULL,'2025-03-12 05:48:59','2025-03-12 05:48:59',NULL),(82,9,1,12,NULL,'TEST-Order-00082','TEST-Nuttoz-00082','Hemangini','Mayavanshi','qa@nividaweb.com',8140088840,NULL,NULL,1,'Haresh','Jadav','haresh@nivida.in','1122334455','India','Gujarat','Vadodara',NULL,1,'Haresh','Jadav','haresh@nivida.in','1122334455','India','Gujarat','Vadodara',NULL,'COD',NULL,2,0,144,0,0,0,0,144,2,'invoices/TEST-Nuttoz-00082.pdf',NULL,NULL,0,NULL,'2025-03-12 06:11:30','2025-03-12 06:11:30',NULL),(83,9,1,12,NULL,'TEST-Order-00083','TEST-Nuttoz-00083','Hemangini','Mayavanshi','qa@nividaweb.com',8140088840,NULL,NULL,1,'Haresh','Jadav','haresh@nivida.in','1122334455','India','Gujarat','Vadodara',NULL,1,'Haresh','Jadav','haresh@nivida.in','1122334455','India','Gujarat','Vadodara',NULL,'COD',NULL,1,0,2034,0,0,0,0,2034,27,NULL,NULL,NULL,0,NULL,'2025-03-12 06:41:03','2025-03-12 06:41:03',NULL),(84,9,1,12,NULL,'TEST-Order-00084','TEST-Nuttoz-00084','Hemangini','Mayavanshi','qa@nividaweb.com',8140088840,NULL,NULL,1,'Haresh','Jadav','haresh@nivida.in','1122334455','India','Gujarat','Vadodara',NULL,1,'Haresh','Jadav','haresh@nivida.in','1122334455','India','Gujarat','Vadodara',NULL,'COD',NULL,1,0,2160,0,0,0,0,2160,30,NULL,NULL,NULL,0,NULL,'2025-03-12 06:45:24','2025-03-12 06:45:24',NULL),(85,9,1,12,NULL,'TEST-Order-00085','TEST-Nuttoz-00085','Hemangini','Mayavanshi','qa@nividaweb.com',8140088840,NULL,NULL,1,'Haresh','Jadav','haresh@nivida.in','1122334455','India','Gujarat','Vadodara',NULL,1,'Haresh','Jadav','haresh@nivida.in','1122334455','India','Gujarat','Vadodara',NULL,'COD',NULL,1,0,144,0,0,0,0,144,2,NULL,NULL,NULL,0,NULL,'2025-03-12 07:11:49','2025-03-12 07:11:49',NULL),(86,9,1,12,NULL,'TEST-Order-00086','TEST-Nuttoz-00086','Hemangini','Mayavanshi','qa@nividaweb.com',8140088840,NULL,NULL,1,'Haresh','Jadav','haresh@nivida.in','1122334455','India','Gujarat','Vadodara',NULL,1,'Haresh','Jadav','haresh@nivida.in','1122334455','India','Gujarat','Vadodara',NULL,'COD',NULL,2,0,144,0,0,0,0,144,2,'invoices/TEST-Nuttoz-00086.pdf',NULL,NULL,0,NULL,'2025-03-12 07:27:01','2025-03-12 07:27:01',NULL),(87,9,1,12,NULL,'TEST-Order-00087','TEST-Nuttoz-00087','Hemangini','Mayavanshi','qa@nividaweb.com',8140088840,NULL,NULL,1,'Haresh','Jadav','haresh@nivida.in','1122334455','India','Gujarat','Vadodara',NULL,1,'Haresh','Jadav','haresh@nivida.in','1122334455','India','Gujarat','Vadodara',NULL,'COD',NULL,2,0,144,0,0,0,0,144,2,'invoices/TEST-Nuttoz-00087.pdf',NULL,NULL,0,NULL,'2025-03-12 07:35:37','2025-03-12 07:35:38',NULL),(88,9,1,NULL,NULL,'TEST-Order-00088','TEST-Nuttoz-00088','Hemangini','Mayavanshi','qa@nividaweb.com',8140088840,NULL,NULL,1,'Haresh','Jadav','haresh@nivida.in','1122334455','India','Gujarat','Vadodara',NULL,1,'Haresh','Jadav','haresh@nivida.in','1122334455','India','Gujarat','Vadodara',NULL,'COD',NULL,2,0,144,0,0,0,0,144,2,'invoices/TEST-Nuttoz-00088.pdf',NULL,NULL,0,NULL,'2025-03-12 07:39:16','2025-03-12 07:39:17',NULL),(89,9,1,12,NULL,'TEST-Order-00089','TEST-Nuttoz-00089','Hemangini','Mayavanshi','qa@nividaweb.com',8140088840,NULL,NULL,1,'Haresh','Jadav','haresh@nivida.in','1122334455','India','Gujarat','Vadodara',NULL,1,'Haresh','Jadav','haresh@nivida.in','1122334455','India','Gujarat','Vadodara',NULL,'COD',NULL,2,0,116.19,5.81,2.90476,2.90476,0,122,2,'invoices/TEST-Nuttoz-00089.pdf',NULL,NULL,0,NULL,'2025-03-12 07:41:38','2025-03-12 07:41:39',NULL),(90,9,1,12,NULL,'TEST-Order-00090','TEST-Nuttoz-00090','Hemangini','Mayavanshi','qa@nividaweb.com',8140088840,NULL,NULL,1,'Haresh','Jadav','haresh@nivida.in','1122334455','India','Gujarat','Vadodara',NULL,1,'Haresh','Jadav','haresh@nivida.in','1122334455','India','Gujarat','Vadodara',NULL,'COD',NULL,2,0,630,0,0,0,0,630,15,'invoices/TEST-Nuttoz-00090.pdf',NULL,NULL,0,NULL,'2025-03-12 08:39:40','2025-03-12 08:39:41',NULL),(91,9,1,NULL,NULL,'TEST-Order-00091','TEST-Nuttoz-00091','Hemangini','Mayavanshi','qa@nividaweb.com',8140088840,NULL,NULL,1,'Haresh','Jadav','haresh@nivida.in','1122334455','India','Gujarat','Vadodara',NULL,1,'Haresh','Jadav','haresh@nivida.in','1122334455','India','Gujarat','Vadodara',NULL,'COD',NULL,2,0,144,0,0,0,0,144,2,'invoices/TEST-Nuttoz-00091.pdf',NULL,NULL,0,NULL,'2025-03-12 08:40:19','2025-03-12 08:40:20',NULL),(92,9,1,12,NULL,'TEST-Order-00092','TEST-Nuttoz-00092','Hemangini','Mayavanshi','qa@nividaweb.com',8140088840,NULL,NULL,1,'Haresh','Jadav','haresh@nivida.in','1122334455','India','Gujarat','Vadodara',NULL,1,'Haresh','Jadav','haresh@nivida.in','1122334455','India','Gujarat','Vadodara',NULL,'COD',NULL,2,0,49.52,2.48,1.2381,1.2381,0,52,1,'invoices/TEST-Nuttoz-00092.pdf',NULL,NULL,0,NULL,'2025-03-12 08:42:46','2025-03-12 08:42:47',NULL),(93,2,1,12,NULL,'TEST-Order-00093','TEST-Nuttoz-00093','Manthan','Patel','apps@nividaweb.com',1234567890,NULL,NULL,1,'Haresh','Jadav','haresh@nivida.in','1122334455','India','Gujarat','Vadodara',NULL,1,'Haresh','Jadav','haresh@nivida.in','1122334455','India','Gujarat','Vadodara',NULL,'COD',NULL,2,0,116.19,5.81,2.90476,2.90476,0,122,2,'invoices/TEST-Nuttoz-00093.pdf',NULL,NULL,0,NULL,'2025-03-12 08:48:03','2025-03-12 08:48:04',NULL),(94,2,1,12,NULL,'TEST-Order-00094','TEST-Nuttoz-00094','Manthan','Patel','apps@nividaweb.com',1234567890,NULL,NULL,1,'Haresh','Jadav','haresh@nivida.in','1122334455','India','Gujarat','Vadodara',NULL,1,'Haresh','Jadav','haresh@nivida.in','1122334455','India','Gujarat','Vadodara',NULL,'COD',NULL,2,0,104.76,5.24,2.61905,2.61905,0,110,1,'invoices/TEST-Nuttoz-00094.pdf',NULL,NULL,0,NULL,'2025-03-12 08:50:02','2025-03-12 08:50:03',NULL),(95,2,1,12,NULL,'TEST-Order-00095','TEST-Nuttoz-00095','Manthan','Patel','apps@nividaweb.com',1234567890,NULL,NULL,1,'Haresh','Jadav','haresh@nivida.in','1122334455','India','Gujarat','Vadodara',NULL,1,'Haresh','Jadav','haresh@nivida.in','1122334455','India','Gujarat','Vadodara',NULL,'COD',NULL,2,0,104.76,5.24,2.61905,2.61905,0,110,1,'invoices/TEST-Nuttoz-00095.pdf',NULL,NULL,0,NULL,'2025-03-12 08:51:18','2025-03-12 08:51:18',NULL),(96,2,1,12,NULL,'TEST-Order-00096','TEST-Nuttoz-00096','Manthan','Patel','apps@nividaweb.com',1234567890,NULL,NULL,1,'Haresh','Jadav','haresh@nivida.in','1122334455','India','Gujarat','Vadodara',NULL,1,'Haresh','Jadav','haresh@nivida.in','1122334455','India','Gujarat','Vadodara',NULL,'COD',NULL,2,0,104.76,5.24,2.61905,2.61905,0,110,1,'invoices/TEST-Nuttoz-00096.pdf',NULL,NULL,0,NULL,'2025-03-12 08:53:29','2025-03-12 08:53:30',NULL),(97,2,1,12,NULL,'TEST-Order-00097','TEST-Nuttoz-00097','Manthan','Patel','apps@nividaweb.com',1234567890,NULL,NULL,1,'Haresh','Jadav','haresh@nivida.in','1122334455','India','Gujarat','Vadodara',NULL,1,'Haresh','Jadav','haresh@nivida.in','1122334455','India','Gujarat','Vadodara',NULL,'COD',NULL,2,0,104.76,5.24,2.61905,2.61905,0,110,1,'invoices/TEST-Nuttoz-00097.pdf',NULL,NULL,0,NULL,'2025-03-12 08:58:41','2025-03-12 08:58:42',NULL),(98,2,1,12,NULL,'TEST-Order-00098','TEST-Nuttoz-00098','Manthan','Patel','apps@nividaweb.com',1234567890,NULL,NULL,1,'Haresh','Jadav','haresh@nivida.in','1122334455','India','Gujarat','Vadodara',NULL,1,'Haresh','Jadav','haresh@nivida.in','1122334455','India','Gujarat','Vadodara',NULL,'COD',NULL,2,0,11.43,0.57,0.285714,0.285714,0,12,1,'invoices/TEST-Nuttoz-00098.pdf',NULL,NULL,0,NULL,'2025-03-12 08:59:11','2025-03-12 08:59:12',NULL),(99,9,22,NULL,NULL,'TEST-Order-00099','TEST-Nuttoz-00099','Hemangini','Mayavanshi','qa@nividaweb.com',8140088840,NULL,NULL,20,'Primary','Pr',NULL,'8686869538','India','Gujarat','Ahmedabad',NULL,20,'Primary','Pr',NULL,'8686869538','India','Gujarat','Ahmedabad',NULL,'COD',NULL,2,0,42,0,0,0,0,42,1,'invoices/TEST-Nuttoz-00099.pdf',NULL,NULL,0,NULL,'2025-03-12 09:25:27','2025-03-12 09:25:27',NULL),(100,9,17,15,NULL,'TEST-Order-00100','TEST-Nuttoz-00100','Hemangini','Mayavanshi','qa@nividaweb.com',8140088840,NULL,NULL,15,'chintan mahanat','8140077770',NULL,'8140789236','India','Gujarat','Kutch',NULL,15,'chintan mahanat','8140077770',NULL,'8140789236','India','Gujarat','Kutch',NULL,'COD',NULL,2,0,102,0,0,0,0,102,1,'invoices/TEST-Nuttoz-00100.pdf',NULL,NULL,0,NULL,'2025-03-12 09:26:12','2025-03-12 09:26:13',NULL),(101,2,1,5,NULL,'TEST-Order-00101','TEST-Nuttoz-00101','Manthan','Patel','apps@nividaweb.com',1234567890,NULL,NULL,1,'Haresh','Jadav','haresh@nivida.in','1122334455','India','Gujarat','Vadodara',NULL,1,'Haresh','Jadav','haresh@nivida.in','1122334455','India','Gujarat','Vadodara',NULL,'COD',NULL,2,0,154,0,0,0,0,154,3,'invoices/TEST-Nuttoz-00101.pdf',NULL,NULL,0,NULL,'2025-03-12 10:01:40','2025-03-12 10:01:41',NULL),(102,2,1,28,NULL,'TEST-Order-00102','TEST-Nuttoz-00102','Manthan','Patel','apps@nividaweb.com',1234567890,NULL,NULL,1,'Haresh','Jadav','haresh@nivida.in','1122334455','India','Gujarat','Vadodara',NULL,1,'Haresh','Jadav','haresh@nivida.in','1122334455','India','Gujarat','Vadodara',NULL,'COD',NULL,2,0,110,0,0,0,0,110,1,'invoices/TEST-Nuttoz-00102.pdf',NULL,NULL,0,NULL,'2025-03-12 10:09:57','2025-03-12 10:09:57',NULL),(103,9,17,15,NULL,'TEST-Order-00103','TEST-Nuttoz-00103','Hemangini','Mayavanshi','qa@nividaweb.com',8140088840,NULL,NULL,15,'chintan mahanat','8140077770',NULL,'8140789236','India','Gujarat','Kutch',NULL,15,'chintan mahanat','8140077770',NULL,'8140789236','India','Gujarat','Kutch',NULL,'COD',NULL,2,0,94,0,0,0,0,94,2,'invoices/TEST-Nuttoz-00103.pdf',NULL,NULL,0,NULL,'2025-03-12 12:37:35','2025-03-12 12:37:36',NULL),(104,9,21,NULL,NULL,'TEST-Order-00104','TEST-Nuttoz-00104','Hemangini','Mayavanshi','qa@nividaweb.com',8140088840,NULL,NULL,19,'Dhaval','J',NULL,'4747484847','India','Gujarat','Vadodara',NULL,19,'Dhaval','J',NULL,'4747484847','India','Gujarat','Vadodara',NULL,'COD',NULL,2,0,6300,0,0,0,0,6300,75,'invoices/TEST-Nuttoz-00104.pdf',NULL,NULL,0,NULL,'2025-03-13 07:51:40','2025-03-13 07:51:40',NULL),(105,9,11,NULL,NULL,'TEST-Order-00105','TEST-Nuttoz-00105','Hemangini','Mayavanshi','qa@nividaweb.com',8140088840,NULL,NULL,9,'Dhaval','Jadav','dhavalnivida@gmail.com','8140088866','India','Gujarat','Panchmahal',NULL,9,'Dhaval','Jadav','dhavalnivida@gmail.com','8140088866','India','Gujarat','Panchmahal',NULL,'COD',NULL,2,0,822,0,0,0,0,822,16,'invoices/TEST-Nuttoz-00105.pdf',NULL,NULL,0,NULL,'2025-03-13 07:53:30','2025-03-13 07:53:30',NULL),(106,9,38,30,NULL,'TEST-Order-00106','TEST-Nuttoz-00106','Hemangini','Mayavanshi','qa@nividaweb.com',8140088840,NULL,NULL,36,'Nuttoz1','Abc',NULL,'9825079513','India','Gujarat','Anand',NULL,36,'Nuttoz1','Abc',NULL,'9825079513','India','Gujarat','Anand',NULL,'COD',NULL,2,0,1644,0,0,0,0,1644,22,'invoices/TEST-Nuttoz-00106.pdf',NULL,NULL,0,NULL,'2025-03-13 08:05:46','2025-03-13 08:05:46',NULL),(107,2,10,NULL,NULL,'TEST-Order-00107','TEST-Nuttoz-00107','Manthan','Patel','apps@nividaweb.com',1234567890,NULL,NULL,8,'Rahul P','Patilg','r@patil.com','2356852365','India','Andaman & Nicobar','Nicobar','3256',8,'Rahul P','Patilg','r@patil.com','2356852365','India','Andaman & Nicobar','Nicobar','3256','COD',NULL,2,0,52,0,0,0,0,52,1,'invoices/TEST-Nuttoz-00107.pdf',NULL,NULL,0,NULL,'2025-03-13 08:51:47','2025-03-13 08:51:47',NULL),(108,2,1,3,NULL,'TEST-Order-00108','TEST-Nuttoz-00108','Manthan','Patel','apps@nividaweb.com',1234567890,NULL,NULL,1,'Haresh','Jadav','haresh@nivida.in','1122334455','India','Gujarat','Vadodara',NULL,1,'Haresh','Jadav','haresh@nivida.in','1122334455','India','Gujarat','Vadodara',NULL,'COD',NULL,2,0,21,0,0,0,0,21,1,'invoices/TEST-Nuttoz-00108.pdf',NULL,NULL,0,NULL,'2025-03-19 06:52:18','2025-03-19 06:52:19',NULL),(109,9,1,33,NULL,'TEST-Order-00109','TEST-Nuttoz-00109','Hemangini','Mayavanshi','qa@nividaweb.com',8140088840,NULL,NULL,1,'Haresh','Jadav','haresh@nivida.in','1122334455','India','Gujarat','Vadodara',NULL,1,'Haresh','Jadav','haresh@nivida.in','1122334455','India','Gujarat','Vadodara',NULL,'COD',NULL,2,0,102,0,0,0,0,102,1,'invoices/TEST-Nuttoz-00109.pdf',NULL,NULL,0,NULL,'2025-03-19 08:36:57','2025-03-19 08:36:58',NULL),(110,9,17,NULL,NULL,'TEST-Order-00110','TEST-Nuttoz-00110','Hemangini','Mayavanshi','qa@nividaweb.com',8140088840,NULL,NULL,15,'chintan mahanat','8140077770',NULL,'8140789236','India','Gujarat','Kutch',NULL,15,'chintan mahanat','8140077770',NULL,'8140789236','India','Gujarat','Kutch',NULL,'COD',NULL,2,0,102,0,0,0,0,102,1,'invoices/TEST-Nuttoz-00110.pdf',NULL,NULL,0,NULL,'2025-03-19 08:37:13','2025-03-19 08:37:14',NULL),(111,9,17,NULL,NULL,'TEST-Order-00111','TEST-Nuttoz-00111','Hemangini','Mayavanshi','qa@nividaweb.com',8140088840,NULL,NULL,15,'chintan mahanat','8140077770',NULL,'8140789236','India','Gujarat','Kutch',NULL,15,'chintan mahanat','8140077770',NULL,'8140789236','India','Gujarat','Kutch',NULL,'COD',NULL,2,0,94,0,0,0,0,94,2,'invoices/TEST-Nuttoz-00111.pdf',NULL,NULL,0,NULL,'2025-03-19 10:52:33','2025-03-19 10:52:33',NULL),(112,9,17,NULL,NULL,'TEST-Order-00112','TEST-Nuttoz-00112','Hemangini','Mayavanshi','qa@nividaweb.com',8140088840,NULL,NULL,15,'chintan mahanat','8140077770',NULL,'8140789236','India','Gujarat','Kutch',NULL,15,'chintan mahanat','8140077770',NULL,'8140789236','India','Gujarat','Kutch',NULL,'COD',NULL,2,0,1446,0,0,0,0,1446,43,'invoices/TEST-Nuttoz-00112.pdf',NULL,NULL,0,NULL,'2025-04-08 11:09:48','2025-04-08 11:09:48',NULL),(113,9,23,NULL,NULL,'TEST-Order-00113','TEST-Nuttoz-00113','Hemangini','Mayavanshi','qa@nividaweb.com',8140088840,NULL,NULL,21,'Aa','Aa',NULL,'8523698514','India','Andaman & Nicobar','Nicobar',NULL,21,'Aa','Aa',NULL,'8523698514','India','Andaman & Nicobar','Nicobar',NULL,'COD',NULL,2,0,1207.14,0,0,0,0,1207,31,'invoices/TEST-Nuttoz-00113.pdf',NULL,NULL,0,NULL,'2025-04-08 11:40:04','2025-04-08 11:40:04',NULL),(114,9,24,34,NULL,'TEST-Order-00114','TEST-Nuttoz-00114','Hemangini','Mayavanshi','qa@nividaweb.com',8140088840,NULL,NULL,22,'Api','Name','apitest@nividaweb.com','1122334456','India','Gujarat','Vadodara','390021',22,'Api','Name','apitest@nividaweb.com','1122334456','India','Gujarat','Vadodara','390021','COD',NULL,2,0,248,0,0,0,0,248,4,'invoices/TEST-Nuttoz-00114.pdf',NULL,NULL,0,NULL,'2025-04-08 11:53:58','2025-04-08 11:53:58',NULL),(115,2,1,12,NULL,'TEST-Order-00115','TEST-Nuttoz-00115','Manthan','Patel','apps@nividaweb.com',1234567890,NULL,NULL,1,'Haresh','Jadav','haresh@nivida.in','1122334455','India','Gujarat','Vadodara',NULL,1,'Haresh','Jadav','haresh@nivida.in','1122334455','India','Gujarat','Vadodara',NULL,'COD',NULL,2,0,21,0,0,0,0,21,1,'invoices/TEST-Nuttoz-00115.pdf',NULL,NULL,0,NULL,'2025-04-24 12:03:16','2025-04-24 12:03:18',NULL),(116,2,1,NULL,NULL,'TEST-Order-00116','TEST-Nuttoz-00116','Manthan','Patel','apps@nividaweb.com',1234567890,NULL,NULL,1,'Haresh','Jadav','haresh@nivida.in','1122334455','India','Gujarat','Vadodara',NULL,1,'Haresh','Jadav','haresh@nivida.in','1122334455','India','Gujarat','Vadodara',NULL,'COD',NULL,2,0,21,0,0,0,0,21,1,'invoices/TEST-Nuttoz-00116.pdf',NULL,NULL,0,NULL,'2025-04-24 12:11:55','2025-04-24 12:11:56',NULL),(117,2,1,NULL,NULL,'TEST-Order-00117','TEST-Nuttoz-00117','Manthan','Patel','apps@nividaweb.com',1234567890,NULL,NULL,1,'Haresh','Jadav','haresh@nivida.in','1122334455','India','Gujarat','Vadodara',NULL,1,'Haresh','Jadav','haresh@nivida.in','1122334455','India','Gujarat','Vadodara',NULL,'COD',NULL,2,0,21,0,0,0,0,21,1,'invoices/TEST-Nuttoz-00117.pdf',NULL,NULL,0,NULL,'2025-04-25 06:34:31','2025-04-25 06:34:32',NULL),(118,9,23,NULL,NULL,'TEST-Order-00118','TEST-Nuttoz-00118','Hemangini','Mayavanshi','qa@nividaweb.com',8140088840,NULL,NULL,21,'Aa','Aa',NULL,'8523698514','India','Andaman & Nicobar','Nicobar',NULL,21,'Aa','Aa',NULL,'8523698514','India','Andaman & Nicobar','Nicobar',NULL,'COD',NULL,2,0,142,0,0,0,0,142,2,'invoices/TEST-Nuttoz-00118.pdf',NULL,NULL,0,NULL,'2025-04-25 07:01:37','2025-04-25 07:01:38',NULL),(119,2,42,NULL,NULL,'Order-00119','Nuttoz-00119','Manthan','Patel','apps@nividaweb.com',1234567890,NULL,NULL,40,'Abc','Xyz','abc@gmail.com','3692587410','India','Gujarat','Vadodara',NULL,40,'Abc','Xyz','abc@gmail.com','3692587410','India','Gujarat','Vadodara',NULL,'COD',NULL,2,0,110,0,0,0,0,110,1,'invoices/Nuttoz_Primary_Order_Abc_Xyz_28-04-2025.pdf',NULL,NULL,0,NULL,'2025-04-28 05:58:49','2025-04-28 05:58:50',NULL),(120,2,1,NULL,NULL,'Primary_Order_Haresh_Jadav-00120','Nuttoz-00120','Manthan','Patel','apps@nividaweb.com',1234567890,NULL,NULL,1,'Haresh','Jadav','haresh@nivida.in','1122334455','India','Gujarat','Vadodara',NULL,1,'Haresh','Jadav','haresh@nivida.in','1122334455','India','Gujarat','Vadodara',NULL,'COD',NULL,2,0,94,0,0,0,0,94,2,'invoices/Nuttoz_Primary_Order_Haresh_Jadav_28-04-2025.pdf',NULL,NULL,0,NULL,'2025-04-28 10:56:30','2025-04-28 10:56:31',NULL),(121,2,1,12,NULL,'Retail_Order_Google-00121','Nuttoz-00121','Manthan','Patel','apps@nividaweb.com',1234567890,NULL,NULL,1,'Haresh','Jadav','haresh@nivida.in','1122334455','India','Gujarat','Vadodara',NULL,1,'Haresh','Jadav','haresh@nivida.in','1122334455','India','Gujarat','Vadodara',NULL,'COD',NULL,2,0,21,0,0,0,0,21,1,'invoices/Nuttoz_Retail_Order_Google_28-04-2025.pdf',NULL,NULL,0,NULL,'2025-04-28 11:19:46','2025-04-28 11:19:48',NULL),(122,9,17,15,NULL,'Retail_Order_Chekc-00122','Nuttoz-00122','Hemangini','Mayavanshi','qa@nividaweb.com',8140088840,NULL,NULL,15,'chintan mahanat','8140077770',NULL,'8140789236','India','Gujarat','Kutch',NULL,15,'chintan mahanat','8140077770',NULL,'8140789236','India','Gujarat','Kutch',NULL,'COD',NULL,2,0,21,0,0,0,0,21,1,'invoices/Nuttoz_Retail_Order_Chekc_02-05-2025.pdf',NULL,NULL,0,NULL,'2025-05-02 11:39:50','2025-05-02 11:39:50',NULL),(123,9,17,NULL,NULL,'Primary_Order_chintan mahanat_8140077770-00123','Nuttoz-00123','Hemangini','Mayavanshi','qa@nividaweb.com',8140088840,NULL,NULL,15,'chintan mahanat','8140077770',NULL,'8140789236','India','Gujarat','Kutch',NULL,15,'chintan mahanat','8140077770',NULL,'8140789236','India','Gujarat','Kutch',NULL,'COD',NULL,2,0,2202,0,0,0,0,2202,51,'invoices/Nuttoz_Primary_Order_chintan mahanat_8140077770_02-05-2025.pdf',NULL,NULL,0,NULL,'2025-05-02 11:43:12','2025-05-02 11:43:12',NULL),(124,9,17,NULL,NULL,'Primary_Order_chintan mahanat_8140077770-00124','Nuttoz-00124','Hemangini','Mayavanshi','qa@nividaweb.com',8140088840,NULL,NULL,15,'chintan mahanat','8140077770',NULL,'8140789236','India','Gujarat','Kutch',NULL,15,'chintan mahanat','8140077770',NULL,'8140789236','India','Gujarat','Kutch',NULL,'COD',NULL,2,0,21,0,0,0,0,21,1,'invoices/Nuttoz_Primary_Order_chintan mahanat_8140077770_02-05-2025.pdf',NULL,NULL,0,NULL,'2025-05-02 12:03:23','2025-05-02 12:03:24',NULL),(125,9,24,NULL,NULL,'Primary_Order_Api_Name-00125','Nuttoz-00125','Hemangini','Mayavanshi','qa@nividaweb.com',8140088840,NULL,NULL,22,'Api','Name','apitest@nividaweb.com','1122334456','India','Gujarat','Vadodara','390021',22,'Api','Name','apitest@nividaweb.com','1122334456','India','Gujarat','Vadodara','390021','COD',NULL,2,0,21,0,0,0,0,21,1,'invoices/Nuttoz_Primary_Order_Api_Name_02-05-2025.pdf',NULL,NULL,0,NULL,'2025-05-02 12:31:53','2025-05-02 12:31:53',NULL),(126,9,1,12,NULL,'Retail_Order_Google-00126','Nuttoz-00126','Hemangini','Mayavanshi','qa@nividaweb.com',8140088840,NULL,NULL,1,'Haresh','Jadav','haresh@nivida.in','1122334455','India','Gujarat','Vadodara',NULL,1,'Haresh','Jadav','haresh@nivida.in','1122334455','India','Gujarat','Vadodara',NULL,'COD',NULL,2,0,21,0,0,0,0,21,1,'invoices/Nuttoz_Retail_Order_Google_06-05-2025.pdf',NULL,NULL,0,NULL,'2025-05-06 04:54:46','2025-05-06 04:54:47',NULL),(127,9,1,12,NULL,'Retail_Order_Google-00127','Nuttoz-00127','Hemangini','Mayavanshi','qa@nividaweb.com',8140088840,NULL,NULL,1,'Haresh','Jadav','haresh@nivida.in','1122334455','India','Gujarat','Vadodara',NULL,1,'Haresh','Jadav','haresh@nivida.in','1122334455','India','Gujarat','Vadodara',NULL,'COD',NULL,2,0,21,0,0,0,0,21,1,'invoices/Nuttoz_Retail_Order_Google_06-05-2025.pdf',NULL,NULL,0,NULL,'2025-05-06 05:13:04','2025-05-06 05:13:05',NULL),(128,9,1,12,NULL,'Retail_Order_Google-00128','Nuttoz-00128','Hemangini','Mayavanshi','qa@nividaweb.com',8140088840,NULL,NULL,1,'Haresh','Jadav','haresh@nivida.in','1122334455','India','Gujarat','Vadodara',NULL,1,'Haresh','Jadav','haresh@nivida.in','1122334455','India','Gujarat','Vadodara',NULL,'COD',NULL,2,0,21,0,0,0,0,21,1,'invoices/Nuttoz_Retail_Order_Google_06-05-2025.pdf',NULL,NULL,0,NULL,'2025-05-06 05:41:27','2025-05-06 05:41:28',NULL),(129,9,17,NULL,NULL,'Primary_Order_chintan mahanat_8140077770-00129','Nuttoz-00129','Hemangini','Mayavanshi','qa@nividaweb.com',8140088840,NULL,NULL,15,'chintan mahanat','8140077770',NULL,'8140789236','India','Gujarat','Kutch',NULL,15,'chintan mahanat','8140077770',NULL,'8140789236','India','Gujarat','Kutch',NULL,'COD',NULL,2,0,21,0,0,0,0,21,1,'invoices/Nuttoz_Primary_Order_chintan mahanat_8140077770_06-05-2025.pdf',NULL,NULL,0,NULL,'2025-05-06 05:44:01','2025-05-06 05:44:01',NULL),(130,9,1,12,NULL,'Retail_Order_Google-00130','Nuttoz-00130','Hemangini','Mayavanshi','qa@nividaweb.com',8140088840,NULL,NULL,1,'Haresh','Jadav','haresh@nivida.in','1122334455','India','Gujarat','Vadodara',NULL,1,'Haresh','Jadav','haresh@nivida.in','1122334455','India','Gujarat','Vadodara',NULL,'COD',NULL,2,0,21,0,0,0,0,21,1,'invoices/Nuttoz_Retail_Order_Google_12-05-2025.pdf',NULL,NULL,0,NULL,'2025-05-12 09:28:53','2025-05-12 09:28:54',NULL),(131,9,11,NULL,NULL,'Primary_Order_Dhaval_Jadav-00131','Nuttoz-00131','Hemangini','Mayavanshi','qa@nividaweb.com',8140088840,NULL,NULL,9,'Dhaval','Jadav','dhavalnivida@gmail.com','8140088866','India','Gujarat','Panchmahal',NULL,9,'Dhaval','Jadav','dhavalnivida@gmail.com','8140088866','India','Gujarat','Panchmahal',NULL,'COD',NULL,2,0,21,0,0,0,0,21,1,'invoices/Nuttoz_Primary_Order_Dhaval_Jadav_12-05-2025.pdf',NULL,NULL,0,NULL,'2025-05-12 09:30:10','2025-05-12 09:30:10',NULL),(132,9,14,NULL,NULL,'Primary_Order_Parth_bhatia-00132','Nuttoz-00132','Hemangini','Mayavanshi','qa@nividaweb.com',8140088840,NULL,NULL,12,'Parth','bhatia','account@nividaweb.com','8140088833','India','Gujarat','Gandhinagar',NULL,12,'Parth','bhatia','account@nividaweb.com','8140088833','India','Gujarat','Gandhinagar',NULL,'COD',NULL,2,0,648,0,0,0,0,648,23,'invoices/Nuttoz_Primary_Order_Parth_bhatia_12-05-2025.pdf',NULL,NULL,0,NULL,'2025-05-12 13:08:06','2025-05-12 13:08:07',NULL),(133,9,53,NULL,NULL,'Primary_Order_Nuttzo1_Nut-00133','Nuttoz-00133','Hemangini','Mayavanshi','qa@nividaweb.com',8140088840,NULL,NULL,51,'Nuttzo1','Nut',NULL,'9852898528','India','Gujarat','Ahmedabad',NULL,51,'Nuttzo1','Nut',NULL,'9852898528','India','Gujarat','Ahmedabad',NULL,'COD',NULL,2,0,5600,0,0,0,0,5600,100,'invoices/Nuttoz_Primary_Order_Nuttzo1_Nut_12-05-2025.pdf',NULL,NULL,0,NULL,'2025-05-12 13:17:09','2025-05-12 13:17:09',NULL),(134,9,53,38,NULL,'Retail_Order_Retail 4-00134','Nuttoz-00134','Hemangini','Mayavanshi','qa@nividaweb.com',8140088840,NULL,NULL,51,'Nuttzo1','Nut',NULL,'9852898528','India','Gujarat','Ahmedabad',NULL,51,'Nuttzo1','Nut',NULL,'9852898528','India','Gujarat','Ahmedabad',NULL,'COD',NULL,2,0,1080,0,0,0,0,1080,25,'invoices/Nuttoz_Retail_Order_Retail 4_12-05-2025.pdf',NULL,NULL,0,NULL,'2025-05-12 13:25:10','2025-05-12 13:25:11',NULL),(135,9,53,37,NULL,'Retail_Order_Retail 3-00135','Nuttoz-00135','Hemangini','Mayavanshi','qa@nividaweb.com',8140088840,NULL,NULL,51,'Nuttzo1','Nut',NULL,'9852898528','India','Gujarat','Ahmedabad',NULL,51,'Nuttzo1','Nut',NULL,'9852898528','India','Gujarat','Ahmedabad',NULL,'COD',NULL,2,0,2510,0,0,0,0,2510,101,'invoices/Nuttoz_Retail_Order_Retail 3_12-05-2025.pdf',NULL,NULL,0,NULL,'2025-05-12 13:51:11','2025-05-12 13:51:12',NULL),(136,9,53,38,NULL,'Retail_Order_Retail 4-00136','Nuttoz-00136','Hemangini','Mayavanshi','qa@nividaweb.com',8140088840,NULL,NULL,51,'Nuttzo1','Nut',NULL,'9852898528','India','Gujarat','Ahmedabad',NULL,51,'Nuttzo1','Nut',NULL,'9852898528','India','Gujarat','Ahmedabad',NULL,'COD',NULL,2,0,32,0,0,0,0,32,1,'invoices/Nuttoz_Retail_Order_Retail 4_12-05-2025.pdf',NULL,NULL,0,NULL,'2025-05-12 13:51:43','2025-05-12 13:51:44',NULL),(137,9,17,15,NULL,'Retail_Order_Chekc-00137','Nuttoz-00137','Hemangini','Mayavanshi','qa@nividaweb.com',8140088840,NULL,NULL,15,'chintan mahanat','8140077770',NULL,'8140789236','India','Gujarat','Kutch',NULL,15,'chintan mahanat','8140077770',NULL,'8140789236','India','Gujarat','Kutch',NULL,'COD',NULL,2,0,110,0,0,0,0,110,1,'invoices/Nuttoz_Retail_Order_Chekc_12-05-2025.pdf',NULL,NULL,0,NULL,'2025-05-12 13:54:34','2025-05-12 13:54:34',NULL),(138,9,53,35,NULL,'Retail_Order_Retail 1-00138','Nuttoz-00138','Hemangini','Mayavanshi','qa@nividaweb.com',8140088840,NULL,NULL,51,'Nuttzo1','Nut',NULL,'9852898528','India','Gujarat','Ahmedabad',NULL,51,'Nuttzo1','Nut',NULL,'9852898528','India','Gujarat','Ahmedabad',NULL,'COD',NULL,2,0,210,0,0,0,0,210,10,'invoices/Nuttoz_Retail_Order_Retail 1_13-05-2025.pdf',NULL,NULL,0,NULL,'2025-05-13 05:38:45','2025-05-13 05:38:46',NULL),(139,9,53,36,NULL,'Retail_Order_Retail 2-00139','Nuttoz-00139','Hemangini','Mayavanshi','qa@nividaweb.com',8140088840,NULL,NULL,51,'Nuttzo1','Nut',NULL,'9852898528','India','Gujarat','Ahmedabad',NULL,51,'Nuttzo1','Nut',NULL,'9852898528','India','Gujarat','Ahmedabad',NULL,'COD',NULL,2,0,840,0,0,0,0,840,15,'invoices/Nuttoz_Retail_Order_Retail 2_13-05-2025.pdf',NULL,NULL,0,NULL,'2025-05-13 05:39:32','2025-05-13 05:39:33',NULL),(140,2,1,12,NULL,'Retail_Order_Google-00140','Nuttoz-00140','Manthan','Patel','apps@nividaweb.com',1234567890,NULL,NULL,1,'Haresh','Jadav','haresh@nivida.in','1122334455','India','Gujarat','Vadodara',NULL,1,'Haresh','Jadav','haresh@nivida.in','1122334455','India','Gujarat','Vadodara',NULL,'COD',NULL,2,0,21,0,0,0,0,21,1,'invoices/Nuttoz_Retail_Order_Google_13-05-2025.pdf',NULL,NULL,0,NULL,'2025-05-13 05:53:22','2025-05-13 05:53:23',NULL),(141,2,1,12,NULL,'Retail_Order_Google-00141','Nuttoz-00141','Manthan','Patel','apps@nividaweb.com',1234567890,NULL,NULL,1,'Haresh','Jadav','haresh@nivida.in','1122334455','India','Gujarat','Vadodara',NULL,1,'Haresh','Jadav','haresh@nivida.in','1122334455','India','Gujarat','Vadodara',NULL,'COD',NULL,2,0,21,0,0,0,0,21,1,'invoices/Nuttoz_Retail_Order_Google_16-05-2025.pdf',NULL,NULL,0,NULL,'2025-05-16 07:28:52','2025-05-16 07:28:53',NULL),(142,2,42,NULL,NULL,'Primary_Order_Abc_Xyz-00142','Nuttoz-00142','Manthan','Patel','apps@nividaweb.com',1234567890,NULL,NULL,40,'Abc','Xyz','abc@gmail.com','3692587410','India','Gujarat','Vadodara',NULL,40,'Abc','Xyz','abc@gmail.com','3692587410','India','Gujarat','Vadodara',NULL,'COD',NULL,2,0,110,0,0,0,0,110,1,'invoices/Nuttoz_Primary_Order_Abc_Xyz_16-05-2025.pdf',NULL,NULL,0,NULL,'2025-05-16 07:30:56','2025-05-16 07:30:57',NULL),(143,2,1,12,NULL,'Retail_Order_Google-00143','Nuttoz-00143','Manthan','Patel','apps@nividaweb.com',1234567890,NULL,NULL,1,'Haresh','Jadav','haresh@nivida.in','1122334455','India','Gujarat','Vadodara',NULL,1,'Haresh','Jadav','haresh@nivida.in','1122334455','India','Gujarat','Vadodara',NULL,'COD',NULL,2,0,142,0,0,0,0,142,2,'invoices/Nuttoz_Retail_Order_Google_16-05-2025.pdf',NULL,NULL,0,NULL,'2025-05-16 07:31:45','2025-05-16 07:31:46',NULL),(144,2,1,12,NULL,'Retail_Order_Google-00144','Nuttoz-00144','Manthan','Patel','apps@nividaweb.com',1234567890,NULL,NULL,1,'Haresh','Jadav','haresh@nivida.in','1122334455','India','Gujarat','Vadodara',NULL,1,'Haresh','Jadav','haresh@nivida.in','1122334455','India','Gujarat','Vadodara',NULL,'COD',NULL,2,0,110,0,0,0,0,110,1,'invoices/Nuttoz_Retail_Order_Google_16-05-2025.pdf',NULL,NULL,0,NULL,'2025-05-16 07:36:23','2025-05-16 07:36:24',NULL),(145,9,1,12,NULL,'Retail_Order_Google-00145','Nuttoz-00145','Hemangini','Mayavanshi','qa@nividaweb.com',8140088840,NULL,NULL,1,'Haresh','Jadav','haresh@nivida.in','1122334455','India','Gujarat','Vadodara',NULL,1,'Haresh','Jadav','haresh@nivida.in','1122334455','India','Gujarat','Vadodara',NULL,'COD',NULL,2,0,56,0,0,0,0,56,1,'invoices/Nuttoz_Retail_Order_Google_16-05-2025.pdf',NULL,NULL,0,NULL,'2025-05-16 10:00:20','2025-05-16 10:00:21',NULL),(146,9,1,12,NULL,'Retail_Order_Google-00146','Nuttoz-00146','Hemangini','Mayavanshi','qa@nividaweb.com',8140088840,NULL,NULL,1,'Haresh','Jadav','haresh@nivida.in','1122334455','India','Gujarat','Vadodara',NULL,1,'Haresh','Jadav','haresh@nivida.in','1122334455','India','Gujarat','Vadodara',NULL,'COD',NULL,2,0,196,0,0,0,0,196,3,'invoices/Nuttoz_Retail_Order_Google_16-05-2025.pdf',NULL,NULL,0,NULL,'2025-05-16 10:01:53','2025-05-16 10:01:54',NULL),(147,9,1,12,NULL,'Retail_Order_Google-00147','Nuttoz-00147','Hemangini','Mayavanshi','qa@nividaweb.com',8140088840,NULL,NULL,1,'Haresh','Jadav','haresh@nivida.in','1122334455','India','Gujarat','Vadodara',NULL,1,'Haresh','Jadav','haresh@nivida.in','1122334455','India','Gujarat','Vadodara',NULL,'COD',NULL,2,0,110,0,0,0,0,110,1,'invoices/Nuttoz_Retail_Order_Google_16-05-2025.pdf',NULL,NULL,0,NULL,'2025-05-16 10:02:39','2025-05-16 10:02:40',NULL),(148,9,17,NULL,NULL,'Primary_Order_chintan mahanat_8140077770-00148','Nuttoz-00148','Hemangini','Mayavanshi','qa@nividaweb.com',8140088840,NULL,NULL,15,'chintan mahanat','8140077770',NULL,'8140789236','India','Gujarat','Kutch',NULL,15,'chintan mahanat','8140077770',NULL,'8140789236','India','Gujarat','Kutch',NULL,'COD',NULL,2,0,144,0,0,0,0,144,2,'invoices/Nuttoz_Primary_Order_chintan mahanat_8140077770_16-05-2025.pdf',NULL,NULL,0,NULL,'2025-05-16 10:03:09','2025-05-16 10:03:09',NULL),(149,9,1,12,NULL,'Retail_Order_Google-00149','Nuttoz-00149','Hemangini','Mayavanshi','qa@nividaweb.com',8140088840,'22.3178146','73.1664941',1,'Haresh','Jadav','haresh@nivida.in','1122334455','India','Gujarat','Vadodara',NULL,1,'Haresh','Jadav','haresh@nivida.in','1122334455','India','Gujarat','Vadodara',NULL,'COD',NULL,2,0,42,0,0,0,0,42,1,'invoices/Retailing Order Google.pdf',NULL,NULL,0,NULL,'2025-05-26 05:56:20','2025-05-26 05:56:21',NULL),(150,9,11,NULL,NULL,'Primary_Order_Dhaval_Jadav-00150','Nuttoz-00150','Hemangini','Mayavanshi','qa@nividaweb.com',8140088840,'22.3177979','73.1665183',9,'Dhaval','Jadav','dhavalnivida@gmail.com','8140088866','India','Gujarat','Panchmahal',NULL,9,'Dhaval','Jadav','dhavalnivida@gmail.com','8140088866','India','Gujarat','Panchmahal',NULL,'COD',NULL,2,0,105,0,0,0,0,105,5,'invoices/Primary Order Dhaval Jadav.pdf',NULL,NULL,0,NULL,'2025-05-26 09:36:37','2025-05-26 09:36:37',NULL),(151,9,1,12,NULL,'Retail_Order_Google-00151','Nuttoz-00151','Hemangini','Mayavanshi','qa@nividaweb.com',8140088840,'22.3178406','73.1666845',1,'Haresh','Jadav','haresh@nivida.in','1122334455','India','Gujarat','Vadodara',NULL,1,'Haresh','Jadav','haresh@nivida.in','1122334455','India','Gujarat','Vadodara',NULL,'COD',NULL,2,0,21,0,0,0,0,21,1,'invoices/Retailing Order Google.pdf',NULL,NULL,0,NULL,'2025-05-27 07:18:04','2025-05-27 07:18:05',NULL),(152,9,17,NULL,NULL,'Primary_Order_chintan_mahanat-00152','Nuttoz-00152','Hemangini','Mayavanshi','qa@nividaweb.com',8140088840,'22.3177979','73.1665423',15,'chintan','mahanat',NULL,'8140789236','India','Gujarat','Kutch',NULL,15,'chintan','mahanat',NULL,'8140789236','India','Gujarat','Kutch',NULL,'COD',NULL,2,0,144,0,0,0,0,144,2,'invoices/Primary Order chintan mahanat.pdf',NULL,NULL,0,NULL,'2025-05-27 07:21:22','2025-05-27 07:21:23',NULL),(153,9,1,12,NULL,'Retail_Order_Google-00153','Nuttoz-00153','Hemangini','Mayavanshi','qa@nividaweb.com',8140088840,'22.3178219','73.1668475',1,'Haresh','Jadav','haresh@nivida.in','1122334455','India','Gujarat','Vadodara',NULL,1,'Haresh','Jadav','haresh@nivida.in','1122334455','India','Gujarat','Vadodara',NULL,'COD',NULL,2,0,110,0,0,0,0,110,1,'invoices/Retailing Order Google.pdf',NULL,NULL,0,NULL,'2025-05-27 12:28:31','2025-05-27 12:28:32',NULL),(154,9,1,NULL,NULL,'Primary_Order_Haresh_Jadav-00154','Nuttoz-00154','Hemangini','Mayavanshi','qa@nividaweb.com',8140088840,'22.3177614','73.1665611',1,'Haresh','Jadav','haresh@nivida.in','1122334455','India','Gujarat','Vadodara',NULL,1,'Haresh','Jadav','haresh@nivida.in','1122334455','India','Gujarat','Vadodara',NULL,'COD',NULL,2,0,166,0,0,0,0,166,2,'invoices/Primary Order Haresh Jadav.pdf',NULL,NULL,0,NULL,'2025-05-27 12:29:21','2025-05-27 12:29:21',NULL),(155,9,1,12,NULL,'Retail_Order_Google-00155','Nuttoz-00155','Hemangini','Mayavanshi','qa@nividaweb.com',8140088840,'22.3178109','73.1665626',1,'Haresh','Jadav','haresh@nivida.in','1122334455','India','Gujarat','Vadodara',NULL,1,'Haresh','Jadav','haresh@nivida.in','1122334455','India','Gujarat','Vadodara',NULL,'COD',NULL,2,0,144,0,0,0,0,144,2,'invoices/Retailing Order Google.pdf',NULL,NULL,0,NULL,'2025-05-27 12:55:54','2025-05-27 12:55:54',NULL),(156,9,1,12,NULL,'Retail_Order_Google-00156','Nuttoz-00156','Hemangini','Mayavanshi','qa@nividaweb.com',8140088840,'22.3177958','73.1665635',1,'Haresh','Jadav','haresh@nivida.in','1122334455','India','Gujarat','Vadodara',NULL,1,'Haresh','Jadav','haresh@nivida.in','1122334455','India','Gujarat','Vadodara',NULL,'COD',NULL,2,0,94,0,0,0,0,94,2,'invoices/Retailing Order (Google).pdf',NULL,NULL,0,NULL,'2025-05-27 13:01:42','2025-05-27 13:01:42',NULL),(157,9,38,31,NULL,'Retail_Order_23455-00157','Nuttoz-00157','Hemangini','Mayavanshi','qa@nividaweb.com',8140088840,'22.5527663','72.9432207',36,'Nuttoz1','Abc',NULL,'9825079513','India','Gujarat','Anand',NULL,36,'Nuttoz1','Abc',NULL,'9825079513','India','Gujarat','Anand',NULL,'COD',NULL,2,0,32,0,0,0,0,32,1,'invoices/Retailing Order (23455).pdf',NULL,NULL,0,NULL,'2025-05-31 13:37:55','2025-05-31 13:37:56',NULL),(158,9,17,15,NULL,'Retail_Order_Chekc-00158','Nuttoz-00158','Hemangini','Mayavanshi','qa@nividaweb.com',8140088840,'22.5527306','72.9432439',15,'chintan','mahanat',NULL,'8140789236','India','Gujarat','Kutch',NULL,15,'chintan','mahanat',NULL,'8140789236','India','Gujarat','Kutch',NULL,'COD',NULL,2,0,56,0,0,0,0,56,1,'invoices/Retailing Order (Chekc).pdf',NULL,NULL,0,NULL,'2025-05-31 13:39:03','2025-05-31 13:39:04',NULL),(159,9,38,NULL,NULL,'Primary_Order_Nuttoz1_Abc-00159','Nuttoz-00159','Hemangini','Mayavanshi','qa@nividaweb.com',8140088840,'22.5527527','72.9432268',36,'Nuttoz1','Abc',NULL,'9825079513','India','Gujarat','Anand',NULL,36,'Nuttoz1','Abc',NULL,'9825079513','India','Gujarat','Anand',NULL,'COD',NULL,2,0,154,0,0,0,0,154,3,'invoices/Primary Order (Nuttoz1 Abc).pdf',NULL,NULL,0,NULL,'2025-05-31 13:40:27','2025-05-31 13:40:27',NULL),(160,9,38,NULL,NULL,'Primary_Order_Nuttoz1_Abc-00160','Nuttoz-00160','Hemangini','Mayavanshi','qa@nividaweb.com',8140088840,'22.5527572','72.9432262',36,'Nuttoz1','Abc',NULL,'9825079513','India','Gujarat','Anand',NULL,36,'Nuttoz1','Abc',NULL,'9825079513','India','Gujarat','Anand',NULL,'COD',NULL,2,0,864,0,0,0,0,864,16,'invoices/Primary Order (Nuttoz1 Abc).pdf',NULL,NULL,0,NULL,'2025-05-31 13:42:07','2025-05-31 13:42:08',NULL),(161,9,17,NULL,NULL,'Primary_Order_chintan_mahanat-00161','Nuttoz-00161','Hemangini','Mayavanshi','qa@nividaweb.com',8140088840,'22.5527446','72.9432327',15,'chintan','mahanat',NULL,'8140789236','India','Gujarat','Kutch',NULL,15,'chintan','mahanat',NULL,'8140789236','India','Gujarat','Kutch',NULL,'COD',NULL,2,0,5600,0,0,0,0,5600,100,'invoices/Primary Order (chintan mahanat).pdf',NULL,NULL,0,NULL,'2025-05-31 14:04:04','2025-05-31 14:04:04',NULL),(162,9,14,NULL,NULL,'Primary_Order_Parth_bhatia-00162','Nuttoz-00162','Hemangini','Mayavanshi','qa@nividaweb.com',8140088840,'22.3177221','73.1665447',12,'Parth','bhatia','account@nividaweb.com','8140088833','India','Gujarat','Gandhinagar',NULL,12,'Parth','bhatia','account@nividaweb.com','8140088833','India','Gujarat','Gandhinagar',NULL,'COD',NULL,2,0,1530,0,0,0,0,1530,15,'invoices/Primary Order (Parth bhatia).pdf',NULL,NULL,0,NULL,'2025-06-04 09:25:42','2025-06-04 09:25:42',NULL),(163,9,11,NULL,NULL,'Primary_Order_Dhaval_Jadav-00163','Nuttoz-00163','Hemangini','Mayavanshi','qa@nividaweb.com',8140088840,'22.3177845','73.1665428',9,'Dhaval','Jadav','dhavalnivida@gmail.com','8140088866','India','Gujarat','Panchmahal',NULL,9,'Dhaval','Jadav','dhavalnivida@gmail.com','8140088866','India','Gujarat','Panchmahal',NULL,'COD',NULL,2,0,42,0,0,0,0,42,1,'invoices/Primary Order (Dhaval Jadav).pdf',NULL,NULL,0,NULL,'2025-06-04 09:58:10','2025-06-04 09:58:11',NULL),(164,9,11,NULL,NULL,'Primary_Order_Dhaval_Jadav-00164','Nuttoz-00164','Hemangini','Mayavanshi','qa@nividaweb.com',8140088840,'22.3177818','73.1665623',9,'Dhaval','Jadav','dhavalnivida@gmail.com','8140088866','India','Gujarat','Panchmahal',NULL,9,'Dhaval','Jadav','dhavalnivida@gmail.com','8140088866','India','Gujarat','Panchmahal',NULL,'COD',NULL,2,0,204,0,0,0,0,204,2,'invoices/Primary Order (Dhaval).pdf',NULL,NULL,0,NULL,'2025-06-04 10:02:50','2025-06-04 10:02:51',NULL),(165,9,1,12,NULL,'Retail_Order_Google-00165','Nuttoz-00165','Hemangini','Mayavanshi','qa@nividaweb.com',8140088840,'22.3177583','73.1666467',1,'Haresh','Jadav','haresh@nivida.in','1122334455','India','Gujarat','Vadodara',NULL,1,'Haresh','Jadav','haresh@nivida.in','1122334455','India','Gujarat','Vadodara',NULL,'COD',NULL,2,0,204,0,0,0,0,204,2,'invoices/Retailing Order (Google).pdf',NULL,NULL,0,NULL,'2025-06-04 10:08:03','2025-06-04 10:08:04',NULL),(166,9,11,NULL,NULL,'Primary_Order_Dhaval_Jadav-00166','Nuttoz-00166','Hemangini','Mayavanshi','qa@nividaweb.com',8140088840,'22.3177467','73.1664891',9,'Dhaval','Jadav','dhavalnivida@gmail.com','8140088866','India','Gujarat','Panchmahal',NULL,9,'Dhaval','Jadav','dhavalnivida@gmail.com','8140088866','India','Gujarat','Panchmahal',NULL,'COD',NULL,2,0,142,0,0,0,0,142,2,'invoices/Primary Order (Dhaval).pdf',NULL,NULL,0,NULL,'2025-06-09 11:23:50','2025-06-09 11:23:50',NULL),(167,9,1,12,NULL,'Retail_Order_Google-00167','Nuttoz-00167','Hemangini','Mayavanshi','qa@nividaweb.com',8140088840,'22.3177714','73.1665044',1,'Haresh','Jadav','haresh@nivida.in','1122334455','India','Gujarat','Vadodara',NULL,1,'Haresh','Jadav','haresh@nivida.in','1122334455','India','Gujarat','Vadodara',NULL,'COD',NULL,2,0,5600,0,0,0,0,5600,100,'invoices/Retailing Order (Google).pdf',NULL,NULL,0,NULL,'2025-06-09 11:24:47','2025-06-09 11:24:47',NULL),(168,9,23,NULL,NULL,'Primary_Order_Aa_Aa-00168','Nuttoz-00168','Hemangini','Mayavanshi','qa@nividaweb.com',8140088840,'22.552748','72.9432239',21,'Aa','Aa',NULL,'8523698514','India','Andaman & Nicobar','Nicobar',NULL,21,'Aa','Aa',NULL,'8523698514','India','Andaman & Nicobar','Nicobar',NULL,'COD',NULL,2,0,5794,0,0,0,0,5794,134,'invoices/Primary Order (Aa).pdf',NULL,NULL,0,NULL,'2025-06-11 11:44:25','2025-06-11 11:44:26',NULL),(169,9,38,NULL,NULL,'Primary_Order_Nuttoz1_Abc-00169','Nuttoz-00169','Hemangini','Mayavanshi','qa@nividaweb.com',8140088840,'22.5527138','72.9432624',36,'Nuttoz1','Abc',NULL,'9825079513','India','Gujarat','Anand',NULL,36,'Nuttoz1','Abc',NULL,'9825079513','India','Gujarat','Anand',NULL,'COD',NULL,2,0,5312,0,0,0,0,5312,166,'invoices/Primary Order (Nuttoz1).pdf',NULL,NULL,0,NULL,'2025-06-11 11:45:54','2025-06-11 11:45:54',NULL),(170,9,38,31,NULL,'Retail_Order_23455-00170','Nuttoz-00170','Hemangini','Mayavanshi','qa@nividaweb.com',8140088840,'22.5527522','72.9432495',36,'Nuttoz1','Abc',NULL,'9825079513','India','Gujarat','Anand',NULL,36,'Nuttoz1','Abc',NULL,'9825079513','India','Gujarat','Anand',NULL,'COD',NULL,2,0,262,0,0,0,0,262,12,'invoices/Retailing Order (23455).pdf',NULL,NULL,0,NULL,'2025-06-11 11:47:33','2025-06-11 11:47:34',NULL),(171,9,24,NULL,NULL,'Primary_Order_Api_Name-00171','Nuttoz-00171','Hemangini','Mayavanshi','qa@nividaweb.com',8140088840,'22.552755','72.9432226',22,'Api','Name','apitest@nividaweb.com','1122334456','India','Gujarat','Vadodara','390021',22,'Api','Name','apitest@nividaweb.com','1122334456','India','Gujarat','Vadodara','390021','COD',NULL,2,0,392,0,0,0,0,392,16,'invoices/Primary Order (Api).pdf',NULL,NULL,0,NULL,'2025-06-16 08:39:58','2025-06-16 08:39:59',NULL),(172,2,42,NULL,NULL,'Primary_Order_Abc_Xyz-00172','Nuttoz-00172','Manthan','Patel','apps@nividaweb.com',1234567890,'37.452728271484375','-121.9201431274414',40,'Abc','Xyz','abc@gmail.com','3692587410','India','Gujarat','Vadodara',NULL,40,'Abc','Xyz','abc@gmail.com','3692587410','India','Gujarat','Vadodara',NULL,'COD',NULL,2,0,42,0,0,0,0,42,1,'invoices/Primary Order (Abc).pdf',NULL,NULL,0,NULL,'2025-06-28 11:19:01','2025-06-28 11:19:02',NULL),(173,2,1,12,NULL,'Retail_Order_Google-00173','Nuttoz-00173','Manthan','Patel','apps@nividaweb.com',1234567890,'37.785834','-122.406417',1,'Haresh','Jadav','haresh@nivida.in','1122334455','India','Gujarat','Vadodara',NULL,1,'Haresh','Jadav','haresh@nivida.in','1122334455','India','Gujarat','Vadodara',NULL,'COD',NULL,2,0,1132,0,0,0,0,1132,11,'invoices/Retailing Order (Google).pdf',NULL,NULL,0,NULL,'2025-06-30 11:17:47','2025-06-30 11:17:48',NULL),(174,2,1,39,NULL,'Retail_Order_Venu-00174','Nuttoz-00174','Manthan','Patel','apps@nividaweb.com',1234567890,'37.785834','-122.406417',1,'Haresh','Jadav','haresh@nivida.in','1122334455','India','Gujarat','Vadodara',NULL,1,'Haresh','Jadav','haresh@nivida.in','1122334455','India','Gujarat','Vadodara',NULL,'COD',NULL,2,0,142,0,0,0,0,142,2,'invoices/Retailing Order (Venu).pdf',NULL,NULL,0,NULL,'2025-07-01 09:05:08','2025-07-01 09:05:09',NULL);
/*!40000 ALTER TABLE `orders` ENABLE KEYS */;
UNLOCK TABLES;

--
-- Table structure for table `password_reset_tokens`
--

DROP TABLE IF EXISTS `password_reset_tokens`;
/*!40101 SET @saved_cs_client     = @@character_set_client */;
/*!50503 SET character_set_client = utf8mb4 */;
CREATE TABLE `password_reset_tokens` (
  `email` varchar(255) COLLATE utf8mb4_unicode_ci NOT NULL,
  `token` varchar(255) COLLATE utf8mb4_unicode_ci NOT NULL,
  `created_at` timestamp NULL DEFAULT NULL,
  PRIMARY KEY (`email`)
) ENGINE=InnoDB DEFAULT CHARSET=utf8mb4 COLLATE=utf8mb4_unicode_ci;
/*!40101 SET character_set_client = @saved_cs_client */;

--
-- Dumping data for table `password_reset_tokens`
--

LOCK TABLES `password_reset_tokens` WRITE;
/*!40000 ALTER TABLE `password_reset_tokens` DISABLE KEYS */;
/*!40000 ALTER TABLE `password_reset_tokens` ENABLE KEYS */;
UNLOCK TABLES;

--
-- Table structure for table `personal_access_tokens`
--

DROP TABLE IF EXISTS `personal_access_tokens`;
/*!40101 SET @saved_cs_client     = @@character_set_client */;
/*!50503 SET character_set_client = utf8mb4 */;
CREATE TABLE `personal_access_tokens` (
  `id` bigint unsigned NOT NULL AUTO_INCREMENT,
  `tokenable_type` varchar(255) COLLATE utf8mb4_unicode_ci NOT NULL,
  `tokenable_id` bigint unsigned NOT NULL,
  `name` varchar(255) COLLATE utf8mb4_unicode_ci NOT NULL,
  `token` varchar(64) COLLATE utf8mb4_unicode_ci NOT NULL,
  `abilities` text COLLATE utf8mb4_unicode_ci,
  `last_used_at` timestamp NULL DEFAULT NULL,
  `expires_at` timestamp NULL DEFAULT NULL,
  `created_at` timestamp NULL DEFAULT NULL,
  `updated_at` timestamp NULL DEFAULT NULL,
  PRIMARY KEY (`id`),
  UNIQUE KEY `personal_access_tokens_token_unique` (`token`),
  KEY `personal_access_tokens_tokenable_type_tokenable_id_index` (`tokenable_type`,`tokenable_id`)
) ENGINE=InnoDB AUTO_INCREMENT=337 DEFAULT CHARSET=utf8mb4 COLLATE=utf8mb4_unicode_ci;
/*!40101 SET character_set_client = @saved_cs_client */;

--
-- Dumping data for table `personal_access_tokens`
--

LOCK TABLES `personal_access_tokens` WRITE;
/*!40000 ALTER TABLE `personal_access_tokens` DISABLE KEYS */;
INSERT INTO `personal_access_tokens` VALUES (11,'App\\Models\\User',1,'Nuttoz','f26cdb14c0a5658a0e206a75ab211394bcd1a7c88dc210b05ac80598e0ff942e','[\"*\"]',NULL,NULL,'2024-09-17 06:04:17','2024-09-17 06:04:17'),(127,'App\\Models\\User',5,'Nuttoz','03efd993149d9ba61ec95cbb866dd72635099d0709be21fa3b5462154a932376','[\"*\"]','2024-11-05 06:30:56',NULL,'2024-11-05 05:26:19','2024-11-05 06:30:56'),(133,'App\\Models\\User',8,'Nuttoz','6d5fca29c3b4ffc40aedca9707b423d5d7ead8c3a260e94da74192eb0f76bcbb','[\"*\"]','2024-11-15 04:05:27',NULL,'2024-11-06 05:08:49','2024-11-15 04:05:27'),(185,'App\\Models\\User',3,'Nuttoz','859aba3f2568f38d85d98f63dcab8d9dacb8571b39dd963f8d71cd9da763afbc','[\"*\"]','2025-02-26 08:48:53',NULL,'2025-02-26 08:45:27','2025-02-26 08:48:53'),(335,'App\\Models\\User',2,'Nuttoz','dc40a386ee82a8252a72afba4a29036013e345c10b3ea54d1fbbaff8bbfb4ba6','[\"*\"]','2025-07-02 14:32:53',NULL,'2025-07-02 14:32:53','2025-07-02 14:32:53'),(336,'App\\Models\\User',9,'Nuttoz','9aada750112a130f570355017e2e7eb289c2598df9fcb9574c928a060cb3b26f','[\"*\"]','2025-07-07 08:58:35',NULL,'2025-07-03 10:58:03','2025-07-07 08:58:35');
/*!40000 ALTER TABLE `personal_access_tokens` ENABLE KEYS */;
UNLOCK TABLES;

--
-- Table structure for table `product_images`
--

DROP TABLE IF EXISTS `product_images`;
/*!40101 SET @saved_cs_client     = @@character_set_client */;
/*!50503 SET character_set_client = utf8mb4 */;
CREATE TABLE `product_images` (
  `id` bigint unsigned NOT NULL AUTO_INCREMENT,
  `product_id` bigint unsigned DEFAULT NULL,
  `image` text COLLATE utf8mb4_unicode_ci,
  `alt_tag` varchar(255) COLLATE utf8mb4_unicode_ci DEFAULT NULL,
  `sort_order` int DEFAULT NULL,
  `created_at` timestamp NULL DEFAULT NULL,
  `updated_at` timestamp NULL DEFAULT NULL,
  PRIMARY KEY (`id`),
  KEY `product_images_product_id_index` (`product_id`),
  CONSTRAINT `product_images_product_id_foreign` FOREIGN KEY (`product_id`) REFERENCES `products` (`id`) ON DELETE CASCADE
) ENGINE=InnoDB AUTO_INCREMENT=20 DEFAULT CHARSET=utf8mb4 COLLATE=utf8mb4_unicode_ci;
/*!40101 SET character_set_client = @saved_cs_client */;

--
-- Dumping data for table `product_images`
--

LOCK TABLES `product_images` WRITE;
/*!40000 ALTER TABLE `product_images` DISABLE KEYS */;
INSERT INTO `product_images` VALUES (15,6,'pren.png',NULL,1,'2025-03-12 06:02:22','2025-03-12 06:02:22'),(16,5,'cash.png',NULL,1,'2025-03-12 06:02:31','2025-03-12 06:02:31'),(17,8,'chana.png',NULL,1,'2025-03-12 09:34:47','2025-03-12 09:34:47'),(18,9,'kha.png',NULL,1,'2025-03-12 09:34:54','2025-03-12 09:34:54'),(19,7,'kha.png',NULL,1,'2025-03-12 09:35:38','2025-03-12 09:35:38');
/*!40000 ALTER TABLE `product_images` ENABLE KEYS */;
UNLOCK TABLES;

--
-- Table structure for table `product_stock_logs`
--

DROP TABLE IF EXISTS `product_stock_logs`;
/*!40101 SET @saved_cs_client     = @@character_set_client */;
/*!50503 SET character_set_client = utf8mb4 */;
CREATE TABLE `product_stock_logs` (
  `id` bigint unsigned NOT NULL AUTO_INCREMENT,
  `product_id` bigint unsigned DEFAULT NULL,
  `product_variant_id` bigint unsigned DEFAULT NULL,
  `quantity` int NOT NULL,
  `old_quantity` int NOT NULL DEFAULT '0',
  `description` varchar(255) COLLATE utf8mb4_unicode_ci DEFAULT NULL,
  `created_at` timestamp NULL DEFAULT NULL,
  `updated_at` timestamp NULL DEFAULT NULL,
  PRIMARY KEY (`id`),
  KEY `product_stock_logs_product_id_foreign` (`product_id`),
  KEY `product_stock_logs_product_variant_id_foreign` (`product_variant_id`),
  CONSTRAINT `product_stock_logs_product_id_foreign` FOREIGN KEY (`product_id`) REFERENCES `products` (`id`) ON DELETE CASCADE,
  CONSTRAINT `product_stock_logs_product_variant_id_foreign` FOREIGN KEY (`product_variant_id`) REFERENCES `product_variants` (`id`) ON DELETE CASCADE
) ENGINE=InnoDB AUTO_INCREMENT=319 DEFAULT CHARSET=utf8mb4 COLLATE=utf8mb4_unicode_ci;
/*!40101 SET character_set_client = @saved_cs_client */;

--
-- Dumping data for table `product_stock_logs`
--

LOCK TABLES `product_stock_logs` WRITE;
/*!40000 ALTER TABLE `product_stock_logs` DISABLE KEYS */;
INSERT INTO `product_stock_logs` VALUES (1,6,1,10,0,'Add New Product','2024-10-07 05:27:04','2024-10-07 05:27:04'),(3,5,3,150,0,'Add New Product','2024-10-07 05:28:30','2024-10-07 05:28:30'),(5,9,5,200,0,'Add New Product','2024-10-07 05:29:30','2024-10-07 05:29:30'),(7,8,7,100,0,'Add New Product','2024-10-07 05:33:46','2024-10-07 05:33:46'),(9,7,9,100,0,'Add New Product','2024-10-07 05:34:27','2024-10-07 05:34:27'),(11,6,1,-5,10,'Update Product','2024-10-09 10:55:11','2024-10-09 10:55:11'),(13,6,1,-2,0,'Place Order #TEST-Nuttoz-00001','2024-10-10 11:04:15','2024-10-10 11:04:15'),(14,5,3,-1,0,'Place Order #TEST-Order-00002','2024-10-10 11:04:15','2024-10-10 11:04:15'),(15,6,1,-1,0,'Place Order #TEST-Order-00002','2024-10-10 11:04:15','2024-10-10 11:04:15'),(16,6,1,-2,0,'Place Order #TEST-Nuttoz-00001','2024-10-10 11:04:15','2024-10-10 11:04:15'),(17,5,3,-1,0,'Place Order #TEST-Order-00002','2024-10-10 11:04:15','2024-10-10 11:04:15'),(18,6,1,-1,0,'Place Order #TEST-Order-00002','2024-10-10 11:04:15','2024-10-10 11:04:15'),(19,6,1,-2,0,'Place Order #TEST-Nuttoz-00001','2024-10-10 11:04:15','2024-10-10 11:04:15'),(20,5,3,-1,0,'Place Order #TEST-Order-00002','2024-10-10 11:04:15','2024-10-10 11:04:15'),(21,6,1,-1,0,'Place Order #TEST-Order-00002','2024-10-10 11:04:15','2024-10-10 11:04:15'),(22,6,1,14,-4,'Update Product','2024-10-11 04:23:54','2024-10-11 04:23:54'),(23,6,1,-10,10,'Update Product','2024-10-11 04:24:07','2024-10-11 04:24:07'),(24,5,3,-1,0,'Place Order #TEST-Order-00003','2024-10-11 04:28:22','2024-10-11 04:28:22'),(25,5,3,-1,0,'Place Order #TEST-Order-00003','2024-10-11 04:28:22','2024-10-11 04:28:22'),(26,5,3,-1,0,'Place Order #TEST-Order-00003','2024-10-11 04:28:22','2024-10-11 04:28:22'),(27,5,3,-1,0,'Place Order #TEST-Order-00004','2024-10-11 05:00:08','2024-10-11 05:00:08'),(28,5,3,-1,0,'Place Order #TEST-Order-00004','2024-10-11 05:00:09','2024-10-11 05:00:09'),(29,5,3,-1,0,'Place Order #TEST-Order-00004','2024-10-11 05:00:09','2024-10-11 05:00:09'),(30,5,3,-1,0,'Place Order #TEST-Order-00005','2024-10-15 07:13:58','2024-10-15 07:13:58'),(31,7,9,-1,0,'Place Order #TEST-Order-00005','2024-10-15 07:13:58','2024-10-15 07:13:58'),(32,5,3,-1,0,'Place Order #TEST-Order-00005','2024-10-15 07:14:04','2024-10-15 07:14:04'),(33,7,9,-1,0,'Place Order #TEST-Order-00005','2024-10-15 07:14:04','2024-10-15 07:14:04'),(34,5,3,-1,0,'Place Order #TEST-Order-00005','2024-10-15 07:14:13','2024-10-15 07:14:13'),(35,7,9,-1,0,'Place Order #TEST-Order-00005','2024-10-15 07:14:13','2024-10-15 07:14:13'),(39,5,3,-1,0,'Place Order #TEST-Order-00007','2024-10-15 12:30:45','2024-10-15 12:30:45'),(40,5,3,-1,0,'Place Order #TEST-Order-00007','2024-10-15 12:30:50','2024-10-15 12:30:50'),(41,5,3,-1,0,'Place Order #TEST-Order-00007','2024-10-15 12:30:59','2024-10-15 12:30:59'),(48,1,11,11,0,'Add New Product','2024-10-22 06:41:04','2024-10-22 06:41:04'),(49,1,11,-1,0,'Place Order #TEST-Order-00009','2024-10-22 06:42:37','2024-10-22 06:42:37'),(50,1,11,-1,0,'Place Order #TEST-Order-00009','2024-10-22 06:42:41','2024-10-22 06:42:41'),(51,1,11,-1,0,'Place Order #TEST-Order-00009','2024-10-22 06:42:50','2024-10-22 06:42:50'),(52,1,11,-2,0,'Place Order #TEST-Order-00010','2024-10-22 06:53:46','2024-10-22 06:53:46'),(53,7,9,-1,0,'Place Order #TEST-Order-00010','2024-10-22 06:53:46','2024-10-22 06:53:46'),(54,5,3,-1,0,'Place Order #TEST-Order-00010','2024-10-22 06:53:46','2024-10-22 06:53:46'),(55,8,7,-1,0,'Place Order #TEST-Order-00010','2024-10-22 06:53:46','2024-10-22 06:53:46'),(56,1,11,-2,0,'Place Order #TEST-Order-00010','2024-10-22 06:53:50','2024-10-22 06:53:50'),(57,7,9,-1,0,'Place Order #TEST-Order-00010','2024-10-22 06:53:50','2024-10-22 06:53:50'),(58,5,3,-1,0,'Place Order #TEST-Order-00010','2024-10-22 06:53:50','2024-10-22 06:53:50'),(59,8,7,-1,0,'Place Order #TEST-Order-00010','2024-10-22 06:53:50','2024-10-22 06:53:50'),(60,1,11,-2,0,'Place Order #TEST-Order-00010','2024-10-22 06:53:58','2024-10-22 06:53:58'),(61,7,9,-1,0,'Place Order #TEST-Order-00010','2024-10-22 06:53:58','2024-10-22 06:53:58'),(62,5,3,-1,0,'Place Order #TEST-Order-00010','2024-10-22 06:53:58','2024-10-22 06:53:58'),(63,8,7,-1,0,'Place Order #TEST-Order-00010','2024-10-22 06:53:58','2024-10-22 06:53:58'),(64,5,3,-1,0,'Place Order #TEST-Order-00011','2024-10-22 06:54:28','2024-10-22 06:54:28'),(65,9,5,-1,0,'Place Order #TEST-Order-00011','2024-10-22 06:54:28','2024-10-22 06:54:28'),(66,5,3,-1,0,'Place Order #TEST-Order-00011','2024-10-22 06:54:39','2024-10-22 06:54:39'),(67,9,5,-1,0,'Place Order #TEST-Order-00011','2024-10-22 06:54:39','2024-10-22 06:54:39'),(68,5,3,-1,0,'Place Order #TEST-Order-00011','2024-10-22 06:54:46','2024-10-22 06:54:46'),(69,9,5,-1,0,'Place Order #TEST-Order-00011','2024-10-22 06:54:46','2024-10-22 06:54:46'),(70,7,9,-1,0,'Place Order #TEST-Order-00012','2024-10-22 08:23:30','2024-10-22 08:23:30'),(71,5,3,-1,0,'Place Order #TEST-Order-00012','2024-10-22 08:23:30','2024-10-22 08:23:30'),(72,8,7,-1,0,'Place Order #TEST-Order-00012','2024-10-22 08:23:30','2024-10-22 08:23:30'),(73,7,9,-1,0,'Place Order #TEST-Order-00012','2024-10-22 08:23:34','2024-10-22 08:23:34'),(74,5,3,-1,0,'Place Order #TEST-Order-00012','2024-10-22 08:23:34','2024-10-22 08:23:34'),(75,8,7,-1,0,'Place Order #TEST-Order-00012','2024-10-22 08:23:34','2024-10-22 08:23:34'),(76,7,9,-1,0,'Place Order #TEST-Order-00012','2024-10-22 08:23:41','2024-10-22 08:23:41'),(77,5,3,-1,0,'Place Order #TEST-Order-00012','2024-10-22 08:23:41','2024-10-22 08:23:41'),(78,8,7,-1,0,'Place Order #TEST-Order-00012','2024-10-22 08:23:41','2024-10-22 08:23:41'),(79,1,11,-1,0,'Place Order #TEST-Order-00013','2024-10-22 08:29:53','2024-10-22 08:29:53'),(80,1,11,-1,0,'Place Order #TEST-Order-00013','2024-10-22 08:30:03','2024-10-22 08:30:03'),(81,1,11,-1,0,'Place Order #TEST-Order-00013','2024-10-22 08:30:11','2024-10-22 08:30:11'),(82,5,3,-1,0,'Place Order #TEST-Order-00014','2024-10-25 06:19:04','2024-10-25 06:19:04'),(83,6,1,-1,0,'Place Order #TEST-Order-00014','2024-10-25 06:19:04','2024-10-25 06:19:04'),(84,8,7,-17,0,'Place Order #TEST-Order-00014','2024-10-25 06:19:04','2024-10-25 06:19:04'),(85,7,9,-1,0,'Place Order #TEST-Order-00015','2024-10-28 09:05:13','2024-10-28 09:05:13'),(86,5,3,-1,0,'Place Order #TEST-Order-00015','2024-10-28 09:05:13','2024-10-28 09:05:13'),(87,8,7,-1,0,'Place Order #TEST-Order-00015','2024-10-28 09:05:13','2024-10-28 09:05:13'),(88,8,7,-1,0,'Place Order #TEST-Order-00016','2024-10-28 09:05:37','2024-10-28 09:05:37'),(89,9,5,-1,0,'Place Order #TEST-Order-00017','2024-11-04 05:40:39','2024-11-04 05:40:39'),(90,5,3,-2,0,'Place Order #TEST-Order-00018','2024-11-04 06:00:29','2024-11-04 06:00:29'),(91,9,5,-1,0,'Place Order #TEST-Order-00019','2024-11-04 06:18:30','2024-11-04 06:18:30'),(92,8,7,-1,0,'Place Order #TEST-Order-00019','2024-11-04 06:18:30','2024-11-04 06:18:30'),(93,5,3,-1,0,'Place Order #TEST-Order-00020','2024-11-04 06:21:48','2024-11-04 06:21:48'),(94,9,5,-1,0,'Place Order #TEST-Order-00021','2024-11-04 10:11:54','2024-11-04 10:11:54'),(95,9,5,-1,0,'Place Order #TEST-Order-00022','2024-11-05 04:57:58','2024-11-05 04:57:58'),(96,9,5,-1,0,'Place Order #TEST-Order-00023','2024-11-05 05:19:55','2024-11-05 05:19:55'),(97,5,3,-1,0,'Place Order #TEST-Order-00024','2024-11-05 05:26:57','2024-11-05 05:26:57'),(98,7,9,-1,0,'Place Order #TEST-Order-00024','2024-11-05 05:26:57','2024-11-05 05:26:57'),(99,8,7,-1,0,'Place Order #TEST-Order-00025','2024-11-05 09:43:49','2024-11-05 09:43:49'),(100,7,9,-1,0,'Place Order #TEST-Order-00025','2024-11-05 09:43:49','2024-11-05 09:43:49'),(101,5,3,-3,0,'Place Order #TEST-Order-00026','2024-11-05 11:08:07','2024-11-05 11:08:07'),(102,5,3,-1,0,'Place Order #TEST-Order-00027','2024-11-05 11:11:35','2024-11-05 11:11:35'),(103,7,9,-1,0,'Place Order #TEST-Order-00027','2024-11-05 11:11:35','2024-11-05 11:11:35'),(104,5,3,-1,0,'Place Order #TEST-Order-00028','2024-11-08 09:49:10','2024-11-08 09:49:10'),(105,7,9,-1,0,'Place Order #TEST-Order-00028','2024-11-08 09:49:10','2024-11-08 09:49:10'),(106,8,7,-1,0,'Place Order #TEST-Order-00028','2024-11-08 09:49:10','2024-11-08 09:49:10'),(107,9,5,-1,0,'Place Order #TEST-Order-00029','2024-11-29 05:46:28','2024-11-29 05:46:28'),(108,8,7,-7,0,'Place Order #TEST-Order-00029','2024-11-29 05:46:28','2024-11-29 05:46:28'),(110,7,9,-1,0,'Place Order #TEST-Order-00029','2024-11-29 05:46:28','2024-11-29 05:46:28'),(111,7,9,-1,0,'Place Order #TEST-Order-00030','2024-11-29 05:48:49','2024-11-29 05:48:49'),(112,7,9,-1,0,'Place Order #TEST-Order-00031','2024-12-27 07:38:25','2024-12-27 07:38:25'),(113,8,7,-1,0,'Place Order #TEST-Order-00032','2024-12-27 08:41:44','2024-12-27 08:41:44'),(114,5,3,-1,0,'Place Order #TEST-Order-00033','2025-02-12 11:50:50','2025-02-12 11:50:50'),(115,9,5,-1,0,'Place Order #TEST-Order-00033','2025-02-12 11:50:50','2025-02-12 11:50:50'),(116,1,11,-1,0,'Place Order #TEST-Order-00034','2025-02-17 10:07:10','2025-02-17 10:07:10'),(117,9,5,-1,0,'Place Order #TEST-Order-00034','2025-02-17 10:07:10','2025-02-17 10:07:10'),(118,1,11,-1,0,'Place Order #TEST-Order-00035','2025-02-17 11:12:36','2025-02-17 11:12:36'),(119,9,5,-1,0,'Place Order #TEST-Order-00036','2025-02-17 11:14:45','2025-02-17 11:14:45'),(120,5,3,-2,0,'Place Order #TEST-Order-00037','2025-02-19 11:38:01','2025-02-19 11:38:01'),(121,1,11,-1,0,'Place Order #TEST-Order-00038','2025-02-19 11:53:26','2025-02-19 11:53:26'),(122,5,3,-1,0,'Place Order #TEST-Order-00039','2025-02-19 11:59:33','2025-02-19 11:59:33'),(123,7,9,-1,0,'Place Order #TEST-Order-00039','2025-02-19 11:59:33','2025-02-19 11:59:33'),(124,8,7,-1,0,'Place Order #TEST-Order-00039','2025-02-19 11:59:33','2025-02-19 11:59:33'),(125,1,11,-1,0,'Place Order #TEST-Order-00039','2025-02-19 11:59:33','2025-02-19 11:59:33'),(126,9,5,-1,0,'Place Order #TEST-Order-00039','2025-02-19 11:59:33','2025-02-19 11:59:33'),(128,1,11,-1,0,'Place Order #TEST-Order-00040','2025-02-19 12:10:07','2025-02-19 12:10:07'),(129,9,5,-1,0,'Place Order #TEST-Order-00040','2025-02-19 12:10:07','2025-02-19 12:10:07'),(130,7,9,-2,0,'Place Order #TEST-Order-00041','2025-02-19 12:39:24','2025-02-19 12:39:24'),(131,1,11,-10,0,'Place Order #TEST-Order-00042','2025-02-21 12:22:46','2025-02-21 12:22:46'),(132,1,11,-1,0,'Place Order #TEST-Order-00043','2025-02-21 12:28:56','2025-02-21 12:28:56'),(133,1,11,-11,0,'Place Order #TEST-Order-00044','2025-02-21 12:29:24','2025-02-21 12:29:24'),(134,9,5,-1,0,'Place Order #TEST-Order-00045','2025-02-21 12:44:14','2025-02-21 12:44:14'),(135,9,5,-15,0,'Place Order #TEST-Order-00046','2025-02-24 06:30:10','2025-02-24 06:30:10'),(136,5,3,-1,0,'Place Order #TEST-Order-00047','2025-02-24 12:20:34','2025-02-24 12:20:34'),(137,9,5,-1,0,'Place Order #TEST-Order-00048','2025-02-24 12:27:20','2025-02-24 12:27:20'),(138,7,9,-1,0,'Place Order #TEST-Order-00049','2025-02-24 12:30:56','2025-02-24 12:30:56'),(139,9,5,-1,0,'Place Order #TEST-Order-00050','2025-02-25 06:14:50','2025-02-25 06:14:50'),(140,5,3,-1,0,'Place Order #TEST-Order-00051','2025-02-25 06:31:07','2025-02-25 06:31:07'),(141,6,1,-1,0,'Place Order #TEST-Order-00051','2025-02-25 06:31:07','2025-02-25 06:31:07'),(142,9,5,-1,0,'Place Order #TEST-Order-00052','2025-02-25 09:54:57','2025-02-25 09:54:57'),(143,9,5,-1,0,'Place Order #TEST-Order-00053','2025-02-25 10:24:42','2025-02-25 10:24:42'),(144,9,5,-1,0,'Place Order #TEST-Order-00054','2025-02-25 11:06:54','2025-02-25 11:06:54'),(145,5,3,-1,0,'Place Order #TEST-Order-00055','2025-02-25 11:07:33','2025-02-25 11:07:33'),(146,6,1,-15,0,'Place Order #TEST-Order-00055','2025-02-25 11:07:33','2025-02-25 11:07:33'),(147,7,9,-1,0,'Place Order #TEST-Order-00056','2025-02-26 08:46:33','2025-02-26 08:46:33'),(148,9,5,-1,0,'Place Order #TEST-Order-00057','2025-02-26 09:21:28','2025-02-26 09:21:28'),(149,7,9,-1,0,'Place Order #TEST-Order-00058','2025-02-26 09:22:57','2025-02-26 09:22:57'),(150,8,7,-12,0,'Place Order #TEST-Order-00059','2025-02-27 08:45:47','2025-02-27 08:45:47'),(151,9,5,-1,0,'Place Order #TEST-Order-00060','2025-02-27 08:53:37','2025-02-27 08:53:37'),(152,9,5,-1,0,'Place Order #TEST-Order-00061','2025-02-27 09:26:35','2025-02-27 09:26:35'),(153,5,3,-125,0,'Place Order #TEST-Order-00062','2025-02-27 09:48:54','2025-02-27 09:48:54'),(154,6,1,-10,0,'Place Order #TEST-Order-00062','2025-02-27 09:48:54','2025-02-27 09:48:54'),(155,9,5,-100,0,'Place Order #TEST-Order-00063','2025-02-27 10:14:23','2025-02-27 10:14:23'),(156,9,5,-1,0,'Place Order #TEST-Order-00064','2025-03-03 12:26:50','2025-03-03 12:26:50'),(157,9,5,-1,0,'Place Order #TEST-Order-00065','2025-03-03 12:27:54','2025-03-03 12:27:54'),(158,9,5,-1,0,'Place Order #TEST-Order-00066','2025-03-05 07:21:47','2025-03-05 07:21:47'),(159,5,3,-15,0,'Place Order #TEST-Order-00067','2025-03-05 07:22:54','2025-03-05 07:22:54'),(160,6,1,-11,0,'Place Order #TEST-Order-00067','2025-03-05 07:22:55','2025-03-05 07:22:55'),(161,5,3,-1,0,'Place Order #TEST-Order-00068','2025-03-05 07:31:23','2025-03-05 07:31:23'),(162,6,1,-1,0,'Place Order #TEST-Order-00069','2025-03-05 07:32:04','2025-03-05 07:32:04'),(163,9,5,-1,0,'Place Order #TEST-Order-00070','2025-03-06 07:31:07','2025-03-06 07:31:07'),(164,5,3,-100,0,'Place Order #TEST-Order-00071','2025-03-06 11:27:53','2025-03-06 11:27:53'),(165,5,3,-10,0,'Place Order #TEST-Order-00072','2025-03-06 12:43:49','2025-03-06 12:43:49'),(166,6,1,-1,0,'Place Order #TEST-Order-00073','2025-03-06 12:45:00','2025-03-06 12:45:00'),(167,6,1,-100,0,'Place Order #TEST-Order-00074','2025-03-07 11:54:27','2025-03-07 11:54:27'),(168,9,5,-150,0,'Place Order #TEST-Order-00075','2025-03-11 11:38:50','2025-03-11 11:38:50'),(169,9,5,-10,0,'Place Order #TEST-Order-00076','2025-03-11 11:39:12','2025-03-11 11:39:12'),(170,9,5,-15,0,'Place Order #TEST-Order-00077','2025-03-11 12:23:18','2025-03-11 12:23:18'),(171,9,5,-1,0,'Place Order #TEST-Order-00078','2025-03-11 12:27:21','2025-03-11 12:27:21'),(172,9,5,-1,0,'Place Order #TEST-Order-00079','2025-03-11 12:30:46','2025-03-11 12:30:46'),(173,5,3,-100,0,'Place Order #TEST-Order-00080','2025-03-11 13:14:00','2025-03-11 13:14:00'),(174,6,1,-1,0,'Place Order #TEST-Order-00080','2025-03-11 13:14:00','2025-03-11 13:14:00'),(175,9,5,-1,0,'Place Order #TEST-Order-00080','2025-03-11 13:14:00','2025-03-11 13:14:00'),(176,5,3,-1,0,'Place Order #TEST-Order-00081','2025-03-12 05:49:00','2025-03-12 05:49:00'),(177,5,3,-1,0,'Place Order #TEST-Order-00082','2025-03-12 06:11:31','2025-03-12 06:11:31'),(178,6,1,-1,0,'Place Order #TEST-Order-00082','2025-03-12 06:11:31','2025-03-12 06:11:31'),(179,5,3,-15,0,'Place Order #TEST-Order-00083','2025-03-12 06:41:04','2025-03-12 06:41:04'),(180,6,1,-12,0,'Place Order #TEST-Order-00083','2025-03-12 06:41:05','2025-03-12 06:41:05'),(181,5,3,-15,0,'Place Order #TEST-Order-00084','2025-03-12 06:45:26','2025-03-12 06:45:26'),(182,6,1,-15,0,'Place Order #TEST-Order-00084','2025-03-12 06:45:26','2025-03-12 06:45:26'),(183,5,3,-1,0,'Place Order #TEST-Order-00085','2025-03-12 07:11:49','2025-03-12 07:11:49'),(184,6,1,-1,0,'Place Order #TEST-Order-00085','2025-03-12 07:11:49','2025-03-12 07:11:49'),(185,5,3,-1,0,'Place Order #TEST-Order-00086','2025-03-12 07:27:02','2025-03-12 07:27:02'),(186,6,1,-1,0,'Place Order #TEST-Order-00086','2025-03-12 07:27:02','2025-03-12 07:27:02'),(187,5,3,-1,0,'Place Order #TEST-Order-00087','2025-03-12 07:35:37','2025-03-12 07:35:37'),(188,6,1,-1,0,'Place Order #TEST-Order-00087','2025-03-12 07:35:37','2025-03-12 07:35:37'),(189,5,3,-1,0,'Place Order #TEST-Order-00088','2025-03-12 07:39:18','2025-03-12 07:39:18'),(190,6,1,-1,0,'Place Order #TEST-Order-00088','2025-03-12 07:39:18','2025-03-12 07:39:18'),(191,1,11,-1,0,'Place Order #TEST-Order-00089','2025-03-12 07:41:40','2025-03-12 07:41:40'),(192,9,5,-1,0,'Place Order #TEST-Order-00089','2025-03-12 07:41:40','2025-03-12 07:41:40'),(193,6,1,-15,0,'Place Order #TEST-Order-00090','2025-03-12 08:39:41','2025-03-12 08:39:41'),(194,6,1,-1,0,'Place Order #TEST-Order-00091','2025-03-12 08:40:21','2025-03-12 08:40:21'),(195,5,3,-1,0,'Place Order #TEST-Order-00091','2025-03-12 08:40:21','2025-03-12 08:40:21'),(196,8,7,-1,0,'Place Order #TEST-Order-00092','2025-03-12 08:42:46','2025-03-12 08:42:46'),(197,1,11,-1,0,'Place Order #TEST-Order-00093','2025-03-12 08:48:04','2025-03-12 08:48:04'),(198,9,5,-1,0,'Place Order #TEST-Order-00093','2025-03-12 08:48:04','2025-03-12 08:48:04'),(199,1,11,-1,0,'Place Order #TEST-Order-00094','2025-03-12 08:50:04','2025-03-12 08:50:04'),(200,1,11,-1,0,'Place Order #TEST-Order-00095','2025-03-12 08:51:20','2025-03-12 08:51:20'),(201,1,11,-1,0,'Place Order #TEST-Order-00096','2025-03-12 08:53:29','2025-03-12 08:53:29'),(202,1,11,-1,0,'Place Order #TEST-Order-00097','2025-03-12 08:58:42','2025-03-12 08:58:42'),(203,9,5,-1,0,'Place Order #TEST-Order-00098','2025-03-12 08:59:12','2025-03-12 08:59:12'),(204,6,1,-1,0,'Place Order #TEST-Order-00099','2025-03-12 09:25:28','2025-03-12 09:25:28'),(205,5,3,-1,0,'Place Order #TEST-Order-00100','2025-03-12 09:26:14','2025-03-12 09:26:14'),(206,1,11,-1,0,'Place Order #TEST-Order-00101','2025-03-12 10:01:41','2025-03-12 10:01:41'),(207,9,5,-1,0,'Place Order #TEST-Order-00101','2025-03-12 10:01:41','2025-03-12 10:01:41'),(208,3,13,-1,0,'Place Order #TEST-Order-00101','2025-03-12 10:01:41','2025-03-12 10:01:41'),(209,1,11,-1,0,'Place Order #TEST-Order-00102','2025-03-12 10:09:57','2025-03-12 10:09:57'),(210,6,1,-1,0,'Place Order #TEST-Order-00103','2025-03-12 12:37:36','2025-03-12 12:37:36'),(211,8,7,-1,0,'Place Order #TEST-Order-00103','2025-03-12 12:37:36','2025-03-12 12:37:36'),(212,5,3,-50,0,'Place Order #TEST-Order-00104','2025-03-13 07:51:41','2025-03-13 07:51:41'),(213,6,1,-10,0,'Place Order #TEST-Order-00104','2025-03-13 07:51:41','2025-03-13 07:51:41'),(214,8,7,-15,0,'Place Order #TEST-Order-00104','2025-03-13 07:51:41','2025-03-13 07:51:41'),(215,8,7,-15,0,'Place Order #TEST-Order-00105','2025-03-13 07:53:30','2025-03-13 07:53:30'),(216,6,1,-1,0,'Place Order #TEST-Order-00105','2025-03-13 07:53:30','2025-03-13 07:53:30'),(217,5,3,-12,0,'Place Order #TEST-Order-00106','2025-03-13 08:05:47','2025-03-13 08:05:47'),(218,6,1,-10,0,'Place Order #TEST-Order-00106','2025-03-13 08:05:47','2025-03-13 08:05:47'),(219,8,7,-1,0,'Place Order #TEST-Order-00107','2025-03-13 08:51:47','2025-03-13 08:51:47'),(220,4,12,-1,0,'Place Order #TEST-Order-00108','2025-03-19 06:52:19','2025-03-19 06:52:19'),(221,5,3,-1,0,'Place Order #TEST-Order-00109','2025-03-19 08:36:58','2025-03-19 08:36:58'),(222,5,3,-1,0,'Place Order #TEST-Order-00110','2025-03-19 08:37:15','2025-03-19 08:37:15'),(223,6,1,-1,0,'Place Order #TEST-Order-00111','2025-03-19 10:52:33','2025-03-19 10:52:33'),(224,8,7,-1,0,'Place Order #TEST-Order-00111','2025-03-19 10:52:33','2025-03-19 10:52:33'),(225,4,12,-10,0,'Place Order #TEST-Order-00112','2025-04-08 11:09:49','2025-04-08 11:09:49'),(226,3,13,-15,0,'Place Order #TEST-Order-00112','2025-04-08 11:09:49','2025-04-08 11:09:49'),(227,6,1,-18,0,'Place Order #TEST-Order-00112','2025-04-08 11:09:49','2025-04-08 11:09:49'),(228,5,3,-1,0,'Place Order #TEST-Order-00113','2025-04-08 11:40:05','2025-04-08 11:40:05'),(229,6,1,-15,0,'Place Order #TEST-Order-00113','2025-04-08 11:40:05','2025-04-08 11:40:05'),(230,3,13,-15,0,'Place Order #TEST-Order-00113','2025-04-08 11:40:05','2025-04-08 11:40:05'),(231,5,3,-1,0,'Place Order #TEST-Order-00114','2025-04-08 11:54:00','2025-04-08 11:54:00'),(232,6,1,-1,0,'Place Order #TEST-Order-00114','2025-04-08 11:54:00','2025-04-08 11:54:00'),(233,8,7,-2,0,'Place Order #TEST-Order-00114','2025-04-08 11:54:00','2025-04-08 11:54:00'),(234,4,12,-1,0,'Place Order #TEST-Order-00115','2025-04-24 12:03:18','2025-04-24 12:03:18'),(235,4,12,-1,0,'Place Order #TEST-Order-00116','2025-04-24 12:11:58','2025-04-24 12:11:58'),(236,4,12,-1,0,'Place Order #TEST-Order-00117','2025-04-25 06:34:34','2025-04-25 06:34:34'),(237,1,11,-1,0,'Place Order #TEST-Order-00118','2025-04-25 07:01:38','2025-04-25 07:01:38'),(238,3,13,-1,0,'Place Order #TEST-Order-00118','2025-04-25 07:01:38','2025-04-25 07:01:38'),(239,1,11,-1,0,'Place Order #Order-00119','2025-04-28 05:58:52','2025-04-28 05:58:52'),(240,8,7,-1,0,'Place Order #Primary_Order_Haresh_Jadav-00120','2025-04-28 10:56:31','2025-04-28 10:56:31'),(241,6,1,-1,0,'Place Order #Primary_Order_Haresh_Jadav-00120','2025-04-28 10:56:31','2025-04-28 10:56:31'),(242,4,12,-1,0,'Place Order #Retail_Order_Google-00121','2025-04-28 11:19:48','2025-04-28 11:19:48'),(243,4,12,-1,0,'Place Order #Retail_Order_Chekc-00122','2025-05-02 11:39:52','2025-05-02 11:39:52'),(244,5,3,-1,0,'Place Order #Primary_Order_chintan mahanat_8140077770-00123','2025-05-02 11:43:13','2025-05-02 11:43:13'),(245,6,1,-50,0,'Place Order #Primary_Order_chintan mahanat_8140077770-00123','2025-05-02 11:43:13','2025-05-02 11:43:13'),(246,4,12,-1,0,'Place Order #Primary_Order_chintan mahanat_8140077770-00124','2025-05-02 12:03:25','2025-05-02 12:03:25'),(247,4,12,-1,0,'Place Order #Primary_Order_Api_Name-00125','2025-05-02 12:31:54','2025-05-02 12:31:54'),(248,4,12,-1,0,'Place Order #Retail_Order_Google-00126','2025-05-06 04:54:47','2025-05-06 04:54:47'),(249,4,12,-1,0,'Place Order #Retail_Order_Google-00127','2025-05-06 05:13:07','2025-05-06 05:13:07'),(250,4,12,-1,0,'Place Order #Retail_Order_Google-00128','2025-05-06 05:41:29','2025-05-06 05:41:29'),(251,4,12,-1,0,'Place Order #Primary_Order_chintan mahanat_8140077770-00129','2025-05-06 05:44:03','2025-05-06 05:44:03'),(252,4,12,-1,0,'Place Order #Retail_Order_Google-00130','2025-05-12 09:28:55','2025-05-12 09:28:55'),(253,4,12,-1,0,'Place Order #Primary_Order_Dhaval_Jadav-00131','2025-05-12 09:30:11','2025-05-12 09:30:11'),(254,4,12,-8,0,'Place Order #Primary_Order_Parth_bhatia-00132','2025-05-12 13:08:09','2025-05-12 13:08:09'),(255,3,13,-15,0,'Place Order #Primary_Order_Parth_bhatia-00132','2025-05-12 13:08:09','2025-05-12 13:08:09'),(256,7,9,-100,0,'Place Order #Primary_Order_Nuttzo1_Nut-00133','2025-05-12 13:17:10','2025-05-12 13:17:10'),(257,2,14,-10,0,'Place Order #Retail_Order_Retail 4-00134','2025-05-12 13:25:11','2025-05-12 13:25:11'),(258,7,9,-15,0,'Place Order #Retail_Order_Retail 4-00134','2025-05-12 13:25:11','2025-05-12 13:25:11'),(259,2,14,-100,0,'Place Order #Retail_Order_Retail 3-00135','2025-05-12 13:51:13','2025-05-12 13:51:13'),(260,1,11,-1,0,'Place Order #Retail_Order_Retail 3-00135','2025-05-12 13:51:13','2025-05-12 13:51:13'),(261,3,13,-1,0,'Place Order #Retail_Order_Retail 4-00136','2025-05-12 13:51:43','2025-05-12 13:51:43'),(262,1,11,-1,0,'Place Order #Retail_Order_Chekc-00137','2025-05-12 13:54:34','2025-05-12 13:54:34'),(263,4,12,-10,0,'Place Order #Retail_Order_Retail 1-00138','2025-05-13 05:38:45','2025-05-13 05:38:45'),(264,7,9,-15,0,'Place Order #Retail_Order_Retail 2-00139','2025-05-13 05:39:33','2025-05-13 05:39:33'),(265,4,12,-1,0,'Place Order #Retail_Order_Google-00140','2025-05-13 05:53:25','2025-05-13 05:53:25'),(266,4,12,-1,0,'Place Order #Retail_Order_Google-00141','2025-05-16 07:28:55','2025-05-16 07:28:55'),(267,1,11,-1,0,'Place Order #Primary_Order_Abc_Xyz-00142','2025-05-16 07:30:58','2025-05-16 07:30:58'),(268,1,11,-1,0,'Place Order #Retail_Order_Google-00143','2025-05-16 07:31:46','2025-05-16 07:31:46'),(269,3,13,-1,0,'Place Order #Retail_Order_Google-00143','2025-05-16 07:31:46','2025-05-16 07:31:46'),(270,1,11,-1,0,'Place Order #Retail_Order_Google-00144','2025-05-16 07:36:24','2025-05-16 07:36:24'),(271,7,9,-1,0,'Place Order #Retail_Order_Google-00145','2025-05-16 10:00:20','2025-05-16 10:00:20'),(272,5,3,-1,0,'Place Order #Retail_Order_Google-00146','2025-05-16 10:01:55','2025-05-16 10:01:55'),(273,8,7,-1,0,'Place Order #Retail_Order_Google-00146','2025-05-16 10:01:55','2025-05-16 10:01:55'),(274,6,1,-1,0,'Place Order #Retail_Order_Google-00146','2025-05-16 10:01:55','2025-05-16 10:01:55'),(275,1,11,-1,0,'Place Order #Retail_Order_Google-00147','2025-05-16 10:02:40','2025-05-16 10:02:40'),(276,5,3,-1,0,'Place Order #Primary_Order_chintan mahanat_8140077770-00148','2025-05-16 10:03:09','2025-05-16 10:03:09'),(277,6,1,-1,0,'Place Order #Primary_Order_chintan mahanat_8140077770-00148','2025-05-16 10:03:09','2025-05-16 10:03:09'),(278,6,1,-1,0,'Place Order #Retail_Order_Google-00149','2025-05-26 05:56:22','2025-05-26 05:56:22'),(279,4,12,-5,0,'Place Order #Primary_Order_Dhaval_Jadav-00150','2025-05-26 09:36:37','2025-05-26 09:36:37'),(280,4,12,-1,0,'Place Order #Retail_Order_Google-00151','2025-05-27 07:18:06','2025-05-27 07:18:06'),(281,5,3,-1,0,'Place Order #Primary_Order_chintan_mahanat-00152','2025-05-27 07:21:22','2025-05-27 07:21:22'),(282,6,1,-1,0,'Place Order #Primary_Order_chintan_mahanat-00152','2025-05-27 07:21:22','2025-05-27 07:21:22'),(283,1,11,-1,0,'Place Order #Retail_Order_Google-00153','2025-05-27 12:28:33','2025-05-27 12:28:33'),(284,7,9,-1,0,'Place Order #Primary_Order_Haresh_Jadav-00154','2025-05-27 12:29:21','2025-05-27 12:29:21'),(285,1,11,-1,0,'Place Order #Primary_Order_Haresh_Jadav-00154','2025-05-27 12:29:21','2025-05-27 12:29:21'),(286,5,3,-1,0,'Place Order #Retail_Order_Google-00155','2025-05-27 12:55:55','2025-05-27 12:55:55'),(287,6,1,-1,0,'Place Order #Retail_Order_Google-00155','2025-05-27 12:55:55','2025-05-27 12:55:55'),(288,8,7,-1,0,'Place Order #Retail_Order_Google-00156','2025-05-27 13:01:44','2025-05-27 13:01:44'),(289,6,1,-1,0,'Place Order #Retail_Order_Google-00156','2025-05-27 13:01:44','2025-05-27 13:01:44'),(290,3,13,-1,0,'Place Order #Retail_Order_23455-00157','2025-05-31 13:37:56','2025-05-31 13:37:56'),(291,7,9,-1,0,'Place Order #Retail_Order_Chekc-00158','2025-05-31 13:39:04','2025-05-31 13:39:04'),(292,1,11,-1,0,'Place Order #Primary_Order_Nuttoz1_Abc-00159','2025-05-31 13:40:29','2025-05-31 13:40:29'),(293,9,5,-1,0,'Place Order #Primary_Order_Nuttoz1_Abc-00159','2025-05-31 13:40:29','2025-05-31 13:40:29'),(294,3,13,-1,0,'Place Order #Primary_Order_Nuttoz1_Abc-00159','2025-05-31 13:40:29','2025-05-31 13:40:29'),(295,7,9,-15,0,'Place Order #Primary_Order_Nuttoz1_Abc-00160','2025-05-31 13:42:09','2025-05-31 13:42:09'),(296,2,14,-1,0,'Place Order #Primary_Order_Nuttoz1_Abc-00160','2025-05-31 13:42:09','2025-05-31 13:42:09'),(297,7,9,-100,0,'Place Order #Primary_Order_chintan_mahanat-00161','2025-05-31 14:04:05','2025-05-31 14:04:05'),(298,5,3,-15,0,'Place Order #Primary_Order_Parth_bhatia-00162','2025-06-04 09:25:44','2025-06-04 09:25:44'),(299,6,1,-1,0,'Place Order #Primary_Order_Dhaval_Jadav-00163','2025-06-04 09:58:11','2025-06-04 09:58:11'),(300,5,3,-2,0,'Place Order #Primary_Order_Dhaval_Jadav-00164','2025-06-04 10:02:51','2025-06-04 10:02:51'),(301,5,3,-2,0,'Place Order #Retail_Order_Google-00165','2025-06-04 10:08:05','2025-06-04 10:08:05'),(302,1,11,-1,0,'Place Order #Primary_Order_Dhaval_Jadav-00166','2025-06-09 11:23:53','2025-06-09 11:23:53'),(303,3,13,-1,0,'Place Order #Primary_Order_Dhaval_Jadav-00166','2025-06-09 11:23:53','2025-06-09 11:23:53'),(304,7,9,-100,0,'Place Order #Retail_Order_Google-00167','2025-06-09 11:24:48','2025-06-09 11:24:48'),(305,5,3,-15,0,'Place Order #Primary_Order_Aa_Aa-00168','2025-06-11 11:44:28','2025-06-11 11:44:28'),(306,7,9,-19,0,'Place Order #Primary_Order_Aa_Aa-00168','2025-06-11 11:44:28','2025-06-11 11:44:28'),(307,3,13,-100,0,'Place Order #Primary_Order_Aa_Aa-00168','2025-06-11 11:44:28','2025-06-11 11:44:28'),(308,3,13,-166,0,'Place Order #Primary_Order_Nuttoz1_Abc-00169','2025-06-11 11:45:55','2025-06-11 11:45:55'),(309,1,11,-1,0,'Place Order #Retail_Order_23455-00170','2025-06-11 11:47:34','2025-06-11 11:47:34'),(310,3,13,-1,0,'Place Order #Retail_Order_23455-00170','2025-06-11 11:47:34','2025-06-11 11:47:34'),(311,9,5,-10,0,'Place Order #Retail_Order_23455-00170','2025-06-11 11:47:34','2025-06-11 11:47:34'),(312,2,14,-15,0,'Place Order #Primary_Order_Api_Name-00171','2025-06-16 08:40:00','2025-06-16 08:40:00'),(313,3,13,-1,0,'Place Order #Primary_Order_Api_Name-00171','2025-06-16 08:40:00','2025-06-16 08:40:00'),(314,6,1,-1,0,'Place Order #Primary_Order_Abc_Xyz-00172','2025-06-28 11:19:03','2025-06-28 11:19:03'),(315,1,11,-10,0,'Place Order #Retail_Order_Google-00173','2025-06-30 11:17:49','2025-06-30 11:17:49'),(316,3,13,-1,0,'Place Order #Retail_Order_Google-00173','2025-06-30 11:17:49','2025-06-30 11:17:49'),(317,1,11,-1,0,'Place Order #Retail_Order_Venu-00174','2025-07-01 09:05:09','2025-07-01 09:05:09'),(318,3,13,-1,0,'Place Order #Retail_Order_Venu-00174','2025-07-01 09:05:09','2025-07-01 09:05:09');
/*!40000 ALTER TABLE `product_stock_logs` ENABLE KEYS */;
UNLOCK TABLES;

--
-- Table structure for table `product_variant_prices`
--

DROP TABLE IF EXISTS `product_variant_prices`;
/*!40101 SET @saved_cs_client     = @@character_set_client */;
/*!50503 SET character_set_client = utf8mb4 */;
CREATE TABLE `product_variant_prices` (
  `id` bigint unsigned NOT NULL AUTO_INCREMENT,
  `product_id` bigint unsigned NOT NULL,
  `variant_id` bigint unsigned NOT NULL,
  `zone_id` smallint unsigned NOT NULL,
  `price` float DEFAULT NULL,
  `case_quantity` int DEFAULT NULL,
  `created_at` timestamp NULL DEFAULT NULL,
  `updated_at` timestamp NULL DEFAULT NULL,
  PRIMARY KEY (`id`),
  KEY `product_variant_prices_product_id_index` (`product_id`),
  KEY `product_variant_prices_variant_id_index` (`variant_id`),
  KEY `product_variant_prices_zone_id_index` (`zone_id`),
  CONSTRAINT `product_variant_prices_product_id_foreign` FOREIGN KEY (`product_id`) REFERENCES `products` (`id`) ON DELETE CASCADE,
  CONSTRAINT `product_variant_prices_variant_id_foreign` FOREIGN KEY (`variant_id`) REFERENCES `product_variants` (`id`) ON DELETE CASCADE,
  CONSTRAINT `product_variant_prices_zone_id_foreign` FOREIGN KEY (`zone_id`) REFERENCES `zones` (`id`) ON DELETE CASCADE
) ENGINE=InnoDB AUTO_INCREMENT=57 DEFAULT CHARSET=utf8mb4 COLLATE=utf8mb4_unicode_ci;
/*!40101 SET character_set_client = @saved_cs_client */;

--
-- Dumping data for table `product_variant_prices`
--

LOCK TABLES `product_variant_prices` WRITE;
/*!40000 ALTER TABLE `product_variant_prices` DISABLE KEYS */;
INSERT INTO `product_variant_prices` VALUES (1,5,3,1,101,1,'2025-02-05 09:58:46','2025-03-12 06:02:31'),(2,5,3,3,102,1,'2025-02-05 09:58:46','2025-03-12 06:02:31'),(3,5,3,4,103,1,'2025-02-05 09:58:46','2025-03-12 06:02:31'),(4,5,3,2,104,1,'2025-02-05 09:58:46','2025-03-12 06:02:31'),(9,8,7,1,51,1,'2025-02-05 10:06:49','2025-03-12 09:34:47'),(10,8,7,3,52,1,'2025-02-05 10:06:49','2025-03-12 09:34:47'),(11,8,7,4,53,1,'2025-02-05 10:06:49','2025-03-12 09:34:47'),(12,8,7,2,54,1,'2025-02-05 10:06:49','2025-03-12 09:34:47'),(17,7,9,1,55,1,'2025-02-05 10:08:33','2025-03-12 09:35:38'),(18,7,9,3,56,1,'2025-02-05 10:08:33','2025-03-12 09:35:38'),(19,7,9,4,57,1,'2025-02-05 10:08:33','2025-03-12 09:35:38'),(20,7,9,2,58,1,'2025-02-05 10:08:33','2025-03-12 09:35:38'),(25,6,1,1,41,1,'2025-02-05 10:09:12','2025-03-12 06:02:22'),(26,6,1,3,42,1,'2025-02-05 10:09:12','2025-03-12 06:02:22'),(27,6,1,4,43,1,'2025-02-05 10:09:12','2025-03-12 06:02:22'),(28,6,1,2,44,1,'2025-02-05 10:09:12','2025-03-12 06:02:22'),(33,9,5,1,11,1,'2025-02-05 10:11:23','2025-03-12 09:34:53'),(34,9,5,3,12,1,'2025-02-05 10:11:23','2025-03-12 09:34:54'),(35,9,5,4,13,1,'2025-02-05 10:11:23','2025-03-12 09:34:54'),(36,9,5,2,14,1,'2025-02-05 10:11:23','2025-03-12 09:34:54'),(41,1,11,1,100,1,'2025-02-05 10:19:16','2025-03-12 09:35:32'),(42,1,11,3,110,1,'2025-02-05 10:19:16','2025-03-12 09:35:32'),(43,1,11,4,120,1,'2025-02-05 10:19:16','2025-03-12 09:35:32'),(44,1,11,2,130,1,'2025-02-05 10:19:16','2025-03-12 09:35:32'),(45,4,12,1,20,1,'2025-03-12 09:34:17','2025-03-12 09:34:17'),(46,4,12,3,21,1,'2025-03-12 09:34:17','2025-03-12 09:34:17'),(47,4,12,4,25,1,'2025-03-12 09:34:17','2025-03-12 09:34:17'),(48,4,12,2,28,1,'2025-03-12 09:34:17','2025-03-12 09:34:17'),(49,3,13,1,30,1,'2025-03-12 09:35:21','2025-03-12 09:35:21'),(50,3,13,3,32,1,'2025-03-12 09:35:21','2025-03-12 09:35:21'),(51,3,13,4,30,1,'2025-03-12 09:35:21','2025-03-12 09:35:21'),(52,3,13,2,33,1,'2025-03-12 09:35:21','2025-03-12 09:35:21'),(53,2,14,1,25,1,'2025-03-12 09:35:52','2025-03-12 09:35:52'),(54,2,14,3,24,1,'2025-03-12 09:35:52','2025-03-12 09:35:52'),(55,2,14,4,25,1,'2025-03-12 09:35:52','2025-03-12 09:35:52'),(56,2,14,2,24,1,'2025-03-12 09:35:52','2025-03-12 09:35:52');
/*!40000 ALTER TABLE `product_variant_prices` ENABLE KEYS */;
UNLOCK TABLES;

--
-- Table structure for table `product_variants`
--

DROP TABLE IF EXISTS `product_variants`;
/*!40101 SET @saved_cs_client     = @@character_set_client */;
/*!50503 SET character_set_client = utf8mb4 */;
CREATE TABLE `product_variants` (
  `id` bigint unsigned NOT NULL AUTO_INCREMENT,
  `category_id` bigint unsigned DEFAULT NULL,
  `product_id` bigint unsigned DEFAULT NULL,
  `product_name` text COLLATE utf8mb4_unicode_ci NOT NULL,
  `variant_type` smallint unsigned DEFAULT NULL,
  `variant_value` smallint unsigned DEFAULT NULL,
  `qty` int NOT NULL DEFAULT '0' COMMENT 'Product varient qantity',
  `mrp` float DEFAULT '0',
  `sp` float DEFAULT '0',
  `created_at` timestamp NULL DEFAULT NULL,
  `updated_at` timestamp NULL DEFAULT NULL,
  PRIMARY KEY (`id`),
  KEY `product_variants_category_id_index` (`category_id`),
  KEY `product_variants_product_id_index` (`product_id`),
  KEY `product_variants_variant_type_index` (`variant_type`),
  KEY `product_variants_variant_value_index` (`variant_value`),
  CONSTRAINT `product_variants_category_id_foreign` FOREIGN KEY (`category_id`) REFERENCES `categories` (`id`) ON DELETE CASCADE,
  CONSTRAINT `product_variants_product_id_foreign` FOREIGN KEY (`product_id`) REFERENCES `products` (`id`) ON DELETE CASCADE,
  CONSTRAINT `product_variants_variant_type_foreign` FOREIGN KEY (`variant_type`) REFERENCES `variant_types` (`id`) ON DELETE CASCADE,
  CONSTRAINT `product_variants_variant_value_foreign` FOREIGN KEY (`variant_value`) REFERENCES `variant_values` (`id`) ON DELETE CASCADE
) ENGINE=InnoDB AUTO_INCREMENT=15 DEFAULT CHARSET=utf8mb4 COLLATE=utf8mb4_unicode_ci;
/*!40101 SET character_set_client = @saved_cs_client */;

--
-- Dumping data for table `product_variants`
--

LOCK TABLES `product_variants` WRITE;
/*!40000 ALTER TABLE `product_variants` DISABLE KEYS */;
INSERT INTO `product_variants` VALUES (1,4,6,'Soya Stick Tangy Tomato',NULL,NULL,-164,35,35,'2024-10-07 05:27:04','2025-06-28 11:19:03'),(3,4,5,'Soya Stick Masala',NULL,NULL,-141,100,100,'2024-10-07 05:28:30','2025-06-11 11:44:28'),(5,3,9,'Plain Salted Khakhra',NULL,NULL,-11,50,50,'2024-10-07 05:29:30','2025-06-11 11:47:34'),(7,4,8,'Roasted Chana Hing Jeera',NULL,NULL,-37,50,50,'2024-10-07 05:33:46','2025-05-27 13:01:44'),(9,2,7,'Khakhra Ajwain',NULL,NULL,-366,50,50,'2024-10-07 05:34:27','2025-06-11 11:44:28'),(11,3,1,'Masala Boondi',NULL,NULL,-25,100,100,'2024-10-22 06:41:04','2025-07-01 09:05:09'),(12,6,4,'Soya Chips Masala',NULL,NULL,-49,0,0,'2025-03-12 09:34:17','2025-05-27 07:18:06'),(13,3,3,'Moong Daal',NULL,NULL,-321,0,0,'2025-03-12 09:35:21','2025-07-01 09:05:09'),(14,5,2,'Chana Dal',NULL,NULL,-125,0,0,'2025-03-12 09:35:52','2025-06-16 08:40:00');
/*!40000 ALTER TABLE `product_variants` ENABLE KEYS */;
UNLOCK TABLES;

--
-- Table structure for table `products`
--

DROP TABLE IF EXISTS `products`;
/*!40101 SET @saved_cs_client     = @@character_set_client */;
/*!50503 SET character_set_client = utf8mb4 */;
CREATE TABLE `products` (
  `id` bigint unsigned NOT NULL AUTO_INCREMENT,
  `category_type_id` tinyint unsigned DEFAULT NULL,
  `category_id` int DEFAULT NULL,
  `is_parent` int DEFAULT NULL COMMENT '1 for Yes, 0 for No',
  `product_id` int DEFAULT NULL,
  `name` varchar(255) COLLATE utf8mb4_unicode_ci DEFAULT NULL,
  `code` varchar(255) COLLATE utf8mb4_unicode_ci DEFAULT NULL,
  `image` text COLLATE utf8mb4_unicode_ci,
  `alt_tag` varchar(255) COLLATE utf8mb4_unicode_ci DEFAULT NULL,
  `description` text COLLATE utf8mb4_unicode_ci,
  `specification` text COLLATE utf8mb4_unicode_ci,
  `is_fast_selling` tinyint(1) NOT NULL DEFAULT '0' COMMENT '0 for Inactive, 1 for Active',
  `stock_status` int DEFAULT NULL COMMENT '0 for Out of Stock, 1 for In Stock',
  `gst` float DEFAULT '0',
  `cgst` float DEFAULT '0',
  `sgst` float DEFAULT '0',
  `seo_keyword` varchar(255) COLLATE utf8mb4_unicode_ci DEFAULT NULL,
  `meta_title` varchar(255) COLLATE utf8mb4_unicode_ci DEFAULT NULL,
  `meta_keyword` varchar(255) COLLATE utf8mb4_unicode_ci DEFAULT NULL,
  `meta_description` text COLLATE utf8mb4_unicode_ci,
  `schema_tag` text COLLATE utf8mb4_unicode_ci,
  `sort_order` int DEFAULT NULL,
  `status` enum('Active','Inactive') COLLATE utf8mb4_unicode_ci NOT NULL DEFAULT 'Active',
  `created_at` timestamp NULL DEFAULT NULL,
  `updated_at` timestamp NULL DEFAULT NULL,
  `deleted_at` timestamp NULL DEFAULT NULL,
  PRIMARY KEY (`id`),
  KEY `products_category_type_id_foreign` (`category_type_id`),
  CONSTRAINT `products_category_type_id_foreign` FOREIGN KEY (`category_type_id`) REFERENCES `category_types` (`id`) ON DELETE CASCADE
) ENGINE=InnoDB AUTO_INCREMENT=10 DEFAULT CHARSET=utf8mb4 COLLATE=utf8mb4_unicode_ci;
/*!40101 SET character_set_client = @saved_cs_client */;

--
-- Dumping data for table `products`
--

LOCK TABLES `products` WRITE;
/*!40000 ALTER TABLE `products` DISABLE KEYS */;
INSERT INTO `products` VALUES (1,3,3,NULL,1,'Masala Boondi','1001','pren.png',NULL,NULL,'[{\"title\":null,\"description\":null}]',1,1,0,0,0,'-3',NULL,NULL,NULL,NULL,1,'Active','2024-10-04 12:55:19','2025-03-12 09:35:32',NULL),(2,2,5,NULL,2,'Chana Dal','1002','chana.png',NULL,NULL,'[{\"title\":null,\"description\":null}]',1,1,0,0,0,'chana-dal',NULL,NULL,NULL,NULL,2,'Active','2024-10-04 12:56:15','2025-03-12 09:35:52',NULL),(3,3,3,NULL,3,'Moong Daal','1003','cash.png',NULL,NULL,'[{\"title\":null,\"description\":null}]',1,1,0,0,0,'moong-daal',NULL,NULL,NULL,NULL,3,'Active','2024-10-04 12:57:14','2025-03-12 09:35:21',NULL),(4,3,6,NULL,4,'Soya Chips Masala','1005','chana.png',NULL,NULL,'[{\"title\":null,\"description\":null}]',1,1,0,0,0,'-4',NULL,NULL,NULL,NULL,4,'Active','2024-10-04 12:57:49','2025-03-12 09:34:39',NULL),(5,1,4,NULL,5,'Soya Stick Masala','1008','chikki.png',NULL,NULL,'[{\"title\":null,\"description\":null}]',1,1,0,0,0,'-2',NULL,NULL,NULL,NULL,5,'Active','2024-10-04 12:59:02','2025-03-12 06:02:31',NULL),(6,1,4,NULL,6,'Soya Stick Tangy Tomato','1009','pren.png',NULL,NULL,'[{\"title\":null,\"description\":null}]',1,1,0,0,0,'soya-stick-tangy-tomato',NULL,NULL,NULL,NULL,6,'Active','2024-10-04 12:59:44','2025-03-12 06:02:22',NULL),(7,2,2,NULL,7,'Khakhra Ajwain','2002','kha.png',NULL,NULL,'[{\"title\":null,\"description\":null}]',1,1,0,0,0,'khakhra-ajwain',NULL,NULL,NULL,NULL,7,'Active','2024-10-04 13:00:36','2025-03-12 09:35:38',NULL),(8,1,4,NULL,8,'Roasted Chana Hing Jeera','2006','chana.png',NULL,NULL,'[{\"title\":null,\"description\":null}]',1,1,0,0,0,'-6',NULL,NULL,NULL,NULL,8,'Active','2024-10-04 13:02:56','2025-03-12 09:34:47',NULL),(9,3,3,NULL,9,'Plain Salted Khakhra','2010','kha.png',NULL,NULL,'[{\"title\":null,\"description\":null}]',0,0,0,0,0,'-7',NULL,NULL,NULL,NULL,9,'Active','2024-10-04 13:04:40','2025-03-12 09:34:53',NULL);
/*!40000 ALTER TABLE `products` ENABLE KEYS */;
UNLOCK TABLES;

--
-- Table structure for table `roles`
--

DROP TABLE IF EXISTS `roles`;
/*!40101 SET @saved_cs_client     = @@character_set_client */;
/*!50503 SET character_set_client = utf8mb4 */;
CREATE TABLE `roles` (
  `id` smallint unsigned NOT NULL AUTO_INCREMENT,
  `name` varchar(50) COLLATE utf8mb4_unicode_ci NOT NULL,
  `status` enum('Active','Inactive') COLLATE utf8mb4_unicode_ci NOT NULL DEFAULT 'Active',
  `sort_order` int DEFAULT NULL,
  `created_at` timestamp NULL DEFAULT NULL,
  `updated_at` timestamp NULL DEFAULT NULL,
  `deleted_at` timestamp NULL DEFAULT NULL,
  PRIMARY KEY (`id`)
) ENGINE=InnoDB AUTO_INCREMENT=4 DEFAULT CHARSET=utf8mb4 COLLATE=utf8mb4_unicode_ci;
/*!40101 SET character_set_client = @saved_cs_client */;

--
-- Dumping data for table `roles`
--

LOCK TABLES `roles` WRITE;
/*!40000 ALTER TABLE `roles` DISABLE KEYS */;
INSERT INTO `roles` VALUES (1,'Admin','Active',NULL,'2024-09-19 08:25:53','2024-09-19 08:25:53',NULL),(2,'Company','Active',NULL,'2024-09-19 08:25:53','2024-09-19 08:25:53',NULL),(3,'Distributor','Active',NULL,'2024-09-19 08:25:53','2024-09-19 08:25:53',NULL);
/*!40000 ALTER TABLE `roles` ENABLE KEYS */;
UNLOCK TABLES;

--
-- Table structure for table `routes`
--

DROP TABLE IF EXISTS `routes`;
/*!40101 SET @saved_cs_client     = @@character_set_client */;
/*!50503 SET character_set_client = utf8mb4 */;
CREATE TABLE `routes` (
  `id` bigint unsigned NOT NULL AUTO_INCREMENT,
  `user_id` bigint unsigned DEFAULT NULL,
  `start_time` datetime DEFAULT NULL,
  `start_latitude` varchar(255) COLLATE utf8mb4_unicode_ci DEFAULT NULL,
  `start_longitude` varchar(255) COLLATE utf8mb4_unicode_ci DEFAULT NULL,
  `start_location` text COLLATE utf8mb4_unicode_ci,
  `end_time` datetime DEFAULT NULL,
  `end_latitude` varchar(255) COLLATE utf8mb4_unicode_ci DEFAULT NULL,
  `end_longitude` varchar(255) COLLATE utf8mb4_unicode_ci DEFAULT NULL,
  `end_location` text COLLATE utf8mb4_unicode_ci,
  `comment` text COLLATE utf8mb4_unicode_ci,
  `created_at` timestamp NULL DEFAULT NULL,
  `updated_at` timestamp NULL DEFAULT NULL,
  PRIMARY KEY (`id`),
  KEY `routes_user_id_index` (`user_id`)
) ENGINE=InnoDB AUTO_INCREMENT=386 DEFAULT CHARSET=utf8mb4 COLLATE=utf8mb4_unicode_ci;
/*!40101 SET character_set_client = @saved_cs_client */;

--
-- Dumping data for table `routes`
--

LOCK TABLES `routes` WRITE;
/*!40000 ALTER TABLE `routes` DISABLE KEYS */;
INSERT INTO `routes` VALUES (1,1,'2021-07-08 17:24:57','22.3177058','73.1667401','88, Jetalpur, Vadodara, Gujarat 390020, India','2025-02-25 06:10:55',NULL,NULL,NULL,NULL,'2024-09-17 04:56:48','2025-02-25 06:10:55'),(2,1,'2021-07-08 17:24:57','22.3177058','73.1667401','88, Jetalpur, Vadodara, Gujarat 390020, India','2021-07-08 17:24:57','22.3177058','73.1667401','88, Jetalpur, Vadodara, Gujarat 390020, India',NULL,'2024-09-17 04:56:59','2024-09-17 05:00:17'),(3,NULL,'2021-07-08 17:24:57','22.3177058','73.1667401','88, Jetalpur, Vadodara, Gujarat 390020, India','2025-02-25 06:10:55',NULL,NULL,NULL,NULL,'2024-09-20 08:38:01','2025-02-25 06:10:55'),(4,NULL,'2024-09-20 14:51:04','22.3177936','73.1666971','407, Subhanpura, Vadodara, 390023, India','2025-02-25 06:10:55',NULL,NULL,NULL,NULL,'2024-09-20 09:21:06','2025-02-25 06:10:55'),(5,NULL,'2024-09-20 17:32:54','22.3177815','73.166699','407, Subhanpura, Vadodara, 390023, India','2025-02-25 06:10:55',NULL,NULL,NULL,NULL,'2024-09-20 12:02:55','2025-02-25 06:10:55'),(6,NULL,'2024-09-20 17:33:03','22.3177833','73.1667066','407, Subhanpura, Vadodara, 390023, India','2025-02-25 06:10:55',NULL,NULL,NULL,NULL,'2024-09-20 12:03:06','2025-02-25 06:10:55'),(7,NULL,'2024-09-20 18:08:01','22.3177845','73.1666973','407, Subhanpura, Vadodara, 390023, India','2025-02-25 06:10:55',NULL,NULL,NULL,NULL,'2024-09-20 12:38:02','2025-02-25 06:10:55'),(8,NULL,'2024-09-20 18:25:09','22.3177685','73.1667225','407, Subhanpura, Vadodara, 390023, India','2025-02-25 06:10:55',NULL,NULL,NULL,NULL,'2024-09-20 12:55:10','2025-02-25 06:10:55'),(9,NULL,'2024-09-21 09:20:16','22.3177801','73.1667171','407, Subhanpura, Vadodara, 390023, India','2025-02-25 06:10:55',NULL,NULL,NULL,NULL,'2024-09-21 03:50:17','2025-02-25 06:10:55'),(10,NULL,'2024-09-23 09:21:47','22.3177612','73.1667249','407, Subhanpura, Vadodara, 390023, India','2025-02-25 06:10:55',NULL,NULL,NULL,NULL,'2024-09-23 03:51:49','2025-02-25 06:10:55'),(11,NULL,'2024-09-23 10:03:52','22.3177758','73.1667063','407, Subhanpura, Vadodara, 390023, India','2025-02-25 06:10:55',NULL,NULL,NULL,NULL,'2024-09-23 04:33:54','2025-02-25 06:10:55'),(12,NULL,'2024-09-23 10:29:29','22.3177511','73.1667957','407, Subhanpura, Vadodara, 390023, India','2025-02-25 06:10:55',NULL,NULL,NULL,NULL,'2024-09-23 04:59:32','2025-02-25 06:10:55'),(13,NULL,'2024-09-23 10:36:49','22.317779','73.1666996','407, Subhanpura, Vadodara, 390023, India','2025-02-25 06:10:55',NULL,NULL,NULL,NULL,'2024-09-23 05:06:51','2025-02-25 06:10:55'),(14,NULL,'2024-09-23 11:23:58','22.3177822','73.1666986','407, Subhanpura, Vadodara, 390023, India','2025-02-25 06:10:55',NULL,NULL,NULL,NULL,'2024-09-23 05:54:00','2025-02-25 06:10:55'),(15,NULL,'2024-09-23 11:25:56','22.3177787','73.1667105','407, Subhanpura, Vadodara, 390023, India','2025-02-25 06:10:55',NULL,NULL,NULL,NULL,'2024-09-23 05:55:58','2025-02-25 06:10:55'),(16,NULL,'2024-09-23 11:28:05','22.3177836','73.1667013','407, Subhanpura, Vadodara, 390023, India','2025-02-25 06:10:55',NULL,NULL,NULL,NULL,'2024-09-23 05:58:07','2025-02-25 06:10:55'),(17,NULL,'2024-09-23 12:09:55','22.3177924','73.1666908','407, Subhanpura, Vadodara, 390023, India','2025-02-25 06:10:55',NULL,NULL,NULL,NULL,'2024-09-23 06:39:57','2025-02-25 06:10:55'),(18,NULL,'2024-09-23 12:56:17','22.3177835','73.166705','407, Subhanpura, Vadodara, 390023, India','2025-02-25 06:10:55',NULL,NULL,NULL,NULL,'2024-09-23 07:26:18','2025-02-25 06:10:55'),(19,NULL,'2024-09-23 13:55:02','22.3177757','73.1667048','407, Subhanpura, Vadodara, 390023, India','2025-02-25 06:10:55',NULL,NULL,NULL,NULL,'2024-09-23 08:25:04','2025-02-25 06:10:55'),(20,NULL,'2024-09-23 14:26:52','22.3177819','73.1666975','407, Subhanpura, Vadodara, 390023, India','2025-02-25 06:10:55',NULL,NULL,NULL,NULL,'2024-09-23 08:56:54','2025-02-25 06:10:55'),(21,NULL,'2024-09-23 14:39:39','22.3177367','73.1667758','407, Subhanpura, Vadodara, 390023, India','2025-02-25 06:10:55',NULL,NULL,NULL,NULL,'2024-09-23 09:09:41','2025-02-25 06:10:55'),(22,NULL,'2024-09-23 14:45:07','22.3177814','73.1667216','407, Subhanpura, Vadodara, 390023, India','2025-02-25 06:10:55',NULL,NULL,NULL,NULL,'2024-09-23 09:15:09','2025-02-25 06:10:55'),(23,NULL,'2024-09-23 15:03:32','22.317755','73.1667443','407, Subhanpura, Vadodara, 390023, India','2025-02-25 06:10:55',NULL,NULL,NULL,NULL,'2024-09-23 09:33:34','2025-02-25 06:10:55'),(24,NULL,'2024-09-23 15:04:44','22.3177915','73.1667107','407, Subhanpura, Vadodara, 390023, India','2025-02-25 06:10:55',NULL,NULL,NULL,NULL,'2024-09-23 09:34:46','2025-02-25 06:10:55'),(25,NULL,'2024-09-23 16:22:37','22.3177658','73.1667273','407, Subhanpura, Vadodara, 390023, India','2025-02-25 06:10:55',NULL,NULL,NULL,NULL,'2024-09-23 10:52:39','2025-02-25 06:10:55'),(26,NULL,'2024-09-23 16:38:16','22.3177592','73.1667331','407, Subhanpura, Vadodara, 390023, India','2025-02-25 06:10:55',NULL,NULL,NULL,NULL,'2024-09-23 11:08:18','2025-02-25 06:10:55'),(27,NULL,'2024-09-23 16:46:07','22.3177759','73.1667143','407, Subhanpura, Vadodara, 390023, India','2025-02-25 06:10:55',NULL,NULL,NULL,NULL,'2024-09-23 11:16:09','2025-02-25 06:10:55'),(28,NULL,'2024-09-23 16:46:07','22.3177759','73.1667143','407, Subhanpura, Vadodara, 390023, India','2025-02-25 06:10:55',NULL,NULL,NULL,NULL,'2024-09-23 11:16:09','2025-02-25 06:10:55'),(29,NULL,'2024-09-23 18:04:31','22.317789','73.166705','407, Subhanpura, Vadodara, 390023, India','2025-02-25 06:10:55',NULL,NULL,NULL,NULL,'2024-09-23 12:34:33','2025-02-25 06:10:55'),(30,NULL,'2024-09-23 18:12:29','22.3177896','73.1667118','407, Subhanpura, Vadodara, 390023, India','2025-02-25 06:10:55',NULL,NULL,NULL,NULL,'2024-09-23 12:42:31','2025-02-25 06:10:55'),(31,NULL,'2024-09-23 18:12:29','22.3177896','73.1667118','407, Subhanpura, Vadodara, 390023, India','2025-02-25 06:10:55',NULL,NULL,NULL,NULL,'2024-09-23 12:42:31','2025-02-25 06:10:55'),(32,NULL,'2024-09-23 18:15:06','22.3177879','73.1667011','407, Subhanpura, Vadodara, 390023, India','2025-02-25 06:10:55',NULL,NULL,NULL,NULL,'2024-09-23 12:45:08','2025-02-25 06:10:55'),(33,NULL,'2024-09-24 09:27:42','22.3177854','73.1667015','407, Subhanpura, Vadodara, 390023, India','2025-02-25 06:10:55',NULL,NULL,NULL,NULL,'2024-09-24 03:57:44','2025-02-25 06:10:55'),(34,NULL,'2024-09-24 09:36:10','22.3177826','73.1667059','407, Subhanpura, Vadodara, 390023, India','2025-02-25 06:10:55',NULL,NULL,NULL,NULL,'2024-09-24 04:06:12','2025-02-25 06:10:55'),(35,NULL,'2024-09-24 09:38:55','22.3177773','73.1667076','407, Subhanpura, Vadodara, 390023, India','2025-02-25 06:10:55',NULL,NULL,NULL,NULL,'2024-09-24 04:08:57','2025-02-25 06:10:55'),(36,NULL,'2024-09-24 10:01:32','22.3177846','73.1667004','407, Subhanpura, Vadodara, 390023, India','2025-02-25 06:10:55',NULL,NULL,NULL,NULL,'2024-09-24 04:31:34','2025-02-25 06:10:55'),(37,NULL,'2024-09-24 10:08:34','22.3177853','73.1667061','407, Subhanpura, Vadodara, 390023, India','2025-02-25 06:10:55',NULL,NULL,NULL,NULL,'2024-09-24 04:38:37','2025-02-25 06:10:55'),(38,NULL,'2024-09-24 10:26:25','22.3177882','73.1667035','407, Subhanpura, Vadodara, 390023, India','2025-02-25 06:10:55',NULL,NULL,NULL,NULL,'2024-09-24 04:56:27','2025-02-25 06:10:55'),(39,NULL,'2024-09-24 10:26:25','22.3177882','73.1667035','407, Subhanpura, Vadodara, 390023, India','2025-02-25 06:10:55',NULL,NULL,NULL,NULL,'2024-09-24 04:56:27','2025-02-25 06:10:55'),(40,NULL,'2024-09-24 10:28:42','22.317796','73.1666924','407, Subhanpura, Vadodara, 390023, India','2025-02-25 06:10:55',NULL,NULL,NULL,NULL,'2024-09-24 04:58:44','2025-02-25 06:10:55'),(41,NULL,'2024-09-24 10:47:13','22.3177819','73.1667014','407, Subhanpura, Vadodara, 390023, India','2025-02-25 06:10:55',NULL,NULL,NULL,NULL,'2024-09-24 05:17:15','2025-02-25 06:10:55'),(42,NULL,'2024-09-24 11:19:21','22.3177764','73.1667163','407, Subhanpura, Vadodara, 390023, India','2025-02-25 06:10:55',NULL,NULL,NULL,NULL,'2024-09-24 05:49:23','2025-02-25 06:10:55'),(43,2,'2024-09-24 17:01:05','22.3177868','73.1667014','407, Subhanpura, Vadodara, 390023, India','2021-07-08 17:24:57','22.3177058','73.1667401','88, Jetalpur, Vadodara, Gujarat 390020, India',NULL,'2024-09-24 11:31:07','2024-10-16 04:07:43'),(44,2,'2024-09-24 17:05:38','22.3177934','73.166694','407, Subhanpura, Vadodara, 390023, India','2021-07-08 17:24:57','22.3177058','73.1667401','88, Jetalpur, Vadodara, Gujarat 390020, India',NULL,'2024-09-24 11:35:40','2024-10-16 04:07:50'),(45,2,'2024-09-24 17:05:38','22.3177934','73.166694','407, Subhanpura, Vadodara, 390023, India','2021-07-08 17:24:57','22.3177058','73.1667401','88, Jetalpur, Vadodara, Gujarat 390020, India',NULL,'2024-09-24 11:35:40','2024-10-16 04:07:59'),(46,2,'2024-09-26 12:38:47','22.3178082','73.1666748','407, Subhanpura, Vadodara, 390023, India','2024-10-22 12:52:19','22.3177617','73.1666981','407, Subhanpura, Vadodara, 390023, India',NULL,'2024-09-26 07:08:48','2024-10-22 07:22:19'),(47,2,'2024-09-26 14:01:10','22.3178077','73.166687','407, Subhanpura, Vadodara, 390023, India','2024-10-25 14:01:18','22.3178227','73.1666928','88, Jetalpur, Vadodara, 390020, India',NULL,'2024-09-26 08:31:11','2024-10-25 08:31:18'),(48,2,'2024-09-27 09:28:11','22.3178003','73.1667059','88, Jetalpur, Vadodara, 390020, India','2024-10-28 12:49:26','22.3177556','73.1667165','407, Subhanpura, Vadodara, 390023, India',NULL,'2024-09-27 03:58:13','2024-10-28 07:19:27'),(49,2,'2024-09-27 09:33:50','22.3177908','73.1667174','407, Subhanpura, Vadodara, 390023, India','2024-10-29 12:48:21','22.3177744','73.1666725','407, Subhanpura, Vadodara, 390023, India',NULL,'2024-09-27 04:03:51','2024-10-29 07:18:22'),(50,2,'2024-09-27 10:04:48','22.3177994','73.1666676','407, Subhanpura, Vadodara, 390023, India','2024-10-29 14:27:52','22.317793','73.1666727','407, Subhanpura, Vadodara, 390023, India',NULL,'2024-09-27 04:34:49','2024-10-29 08:57:53'),(51,2,'2024-09-27 14:22:20','22.3178181','73.1666751','88, Jetalpur, Vadodara, 390020, India','2024-11-05 11:31:10','22.317797','73.1666807','407, Subhanpura, Vadodara, 390023, India',NULL,'2024-09-27 08:52:27','2024-11-05 06:01:10'),(52,2,'2024-09-30 09:25:24','22.3178059','73.1666781','407, Subhanpura, Vadodara, 390023, India','2024-11-05 17:01:24','22.3177679','73.1667049','407, Subhanpura, Vadodara, 390023, India',NULL,'2024-09-30 03:55:26','2024-11-05 11:31:25'),(53,2,'2024-09-30 09:40:28','22.317807','73.1666751','407, Subhanpura, Vadodara, 390023, India','2024-11-05 17:01:48','22.3177963','73.1667567','407, Subhanpura, Vadodara, 390023, India',NULL,'2024-09-30 04:10:31','2024-11-05 11:31:49'),(54,2,'2024-09-30 09:40:28','22.317807','73.1666751','407, Subhanpura, Vadodara, 390023, India','2024-11-05 17:07:15','22.3177993','73.1666731','407, Subhanpura, Vadodara, 390023, India',NULL,'2024-09-30 04:10:31','2024-11-05 11:37:16'),(55,2,'2024-10-03 09:17:41','22.3177509','73.1667923','407, Subhanpura, Vadodara, 390023, India','2024-11-05 17:08:36','22.3177829','73.1667128','407, Subhanpura, Vadodara, 390023, India',NULL,'2024-10-03 03:47:43','2024-11-05 11:38:37'),(56,2,'2024-10-03 10:06:26','22.3177819','73.166704','407, Subhanpura, Vadodara, 390023, India','2024-11-08 15:18:34','37.785834','-122.406417','216 Ellis St, Union Square, San Francisco, 94108, United States',NULL,'2024-10-03 04:36:27','2024-11-08 09:48:35'),(57,2,'2024-10-03 10:06:26','22.3177819','73.166704','407, Subhanpura, Vadodara, 390023, India','2024-11-15 14:08:01','22.317777','73.1666814','407, Subhanpura, Vadodara, 390023, India',NULL,'2024-10-03 04:36:29','2024-11-15 08:38:02'),(58,2,'2024-10-03 10:06:36','22.3177952','73.1667057','407, Subhanpura, Vadodara, 390023, India','2024-11-15 14:29:46','22.3178065','73.1666423','407, Subhanpura, Vadodara, 390023, India',NULL,'2024-10-03 04:36:36','2024-11-15 08:59:47'),(59,2,'2024-10-03 10:06:36','22.3177952','73.1667057','407, Subhanpura, Vadodara, 390023, India','2024-11-19 09:47:37','22.3177932','73.1666747','407, Subhanpura, Vadodara, 390023, India',NULL,'2024-10-03 04:36:36','2024-11-19 04:17:38'),(60,2,'2024-10-03 13:53:37','22.317802','73.1666767','407, Subhanpura, Vadodara, 390023, India','2024-11-19 14:37:37','22.3177791','73.1666788','407, Subhanpura, Vadodara, 390023, India',NULL,'2024-10-03 08:23:38','2024-11-19 09:07:38'),(61,2,'2024-10-03 14:02:15','22.3178124','73.1666692','407, Subhanpura, Vadodara, 390023, India','2024-11-19 14:57:32','22.3177889','73.1666677','407, Subhanpura, Vadodara, 390023, India',NULL,'2024-10-03 08:32:17','2024-11-19 09:27:33'),(62,2,'2024-10-03 14:22:05','22.3177899','73.1667131','407, Subhanpura, Vadodara, 390023, India','2024-11-19 14:57:32','22.3177889','73.1666677','407, Subhanpura, Vadodara, 390023, India',NULL,'2024-10-03 08:52:06','2024-11-19 09:27:33'),(63,2,'2024-10-03 14:27:14','22.3177961','73.1666878','407, Subhanpura, Vadodara, 390023, India','2024-11-20 18:09:27','22.3177865','73.1666749','407, Subhanpura, Vadodara, 390023, India',NULL,'2024-10-03 08:57:15','2024-11-20 12:39:28'),(64,2,'2024-10-03 14:34:57','22.3177827','73.1667152','407, Subhanpura, Vadodara, 390023, India','2024-11-20 18:11:03','22.3177866','73.1666742','407, Subhanpura, Vadodara, 390023, India',NULL,'2024-10-03 09:04:58','2024-11-20 12:41:04'),(65,2,'2024-10-03 14:39:01','22.3178017','73.1666696','407, Subhanpura, Vadodara, 390023, India','2024-11-20 18:11:03','22.3177866','73.1666742','407, Subhanpura, Vadodara, 390023, India',NULL,'2024-10-03 09:09:03','2024-11-20 12:41:04'),(66,2,'2024-10-03 14:41:38','22.3178025','73.1666694','407, Subhanpura, Vadodara, 390023, India','2024-12-23 14:49:25','22.3178493','73.16657','407, Subhanpura, Vadodara, 390023, India',NULL,'2024-10-03 09:11:39','2024-12-23 09:19:27'),(67,2,'2024-10-03 14:56:00','22.3178119','73.1666699','407, Subhanpura, Vadodara, 390023, India','2025-01-27 10:03:06','22.3178376','73.1666791','88, Jetalpur, Vadodara, 390020, India',NULL,'2024-10-03 09:26:01','2025-01-27 04:33:06'),(68,2,'2024-10-03 14:59:21','22.3177181','73.1669087','407, Subhanpura, Vadodara, 390023, India','2025-02-04 16:52:52','22.317832','73.1666269','88, Jetalpur, Vadodara, 390020, India',NULL,'2024-10-03 09:29:23','2025-02-04 11:22:53'),(69,2,'2024-10-03 16:17:34','22.3177015','73.1669402','407, Subhanpura, Vadodara, 390023, India','2025-02-17 15:44:05','22.3178305','73.1665822','407, Subhanpura, Vadodara, 390023, India',NULL,'2024-10-03 10:47:35','2025-02-17 10:14:07'),(70,2,'2024-10-03 16:35:31','22.3178027','73.1666702','407, Subhanpura, Vadodara, 390023, India','2025-02-17 15:44:16','22.3177955','73.166635','407, Subhanpura, Vadodara, 390023, India',NULL,'2024-10-03 11:05:32','2025-02-17 10:14:18'),(71,2,'2024-10-03 16:35:31','22.3178027','73.1666702','407, Subhanpura, Vadodara, 390023, India','2025-02-17 16:43:50','22.3178493','73.1665597','407, Subhanpura, Vadodara, 390023, India',NULL,'2024-10-03 11:05:32','2025-02-17 11:13:52'),(72,2,'2024-10-03 16:35:31','22.3178027','73.1666702','407, Subhanpura, Vadodara, 390023, India','2025-02-21 17:12:51','22.3178498','73.1666197','407, Subhanpura, Vadodara, 390023, India',NULL,'2024-10-03 11:05:34','2025-02-21 11:42:52'),(73,2,'2024-10-03 16:39:08','22.3178101','73.1666739','407, Subhanpura, Vadodara, 390023, India','2025-02-21 17:12:51','22.3178498','73.1666197','407, Subhanpura, Vadodara, 390023, India',NULL,'2024-10-03 11:09:09','2025-02-21 11:42:52'),(74,2,'2024-10-03 16:53:53','22.3177881','73.166688','407, Subhanpura, Vadodara, 390023, India','2025-02-21 17:12:51','22.3178498','73.1666197','407, Subhanpura, Vadodara, 390023, India',NULL,'2024-10-03 11:23:54','2025-02-21 11:42:52'),(75,2,'2024-10-03 17:55:10','22.3178049','73.1666656','407, Subhanpura, Vadodara, 390023, India','2025-02-21 17:17:13','22.3178577','73.1666007','407, Subhanpura, Vadodara, 390023, India',NULL,'2024-10-03 12:25:11','2025-02-21 11:47:14'),(76,2,'2024-10-04 09:35:16','22.3177903','73.1667185','407, Subhanpura, Vadodara, 390023, India','2025-02-21 17:37:29','22.3178179','73.1666672','407, Subhanpura, Vadodara, 390023, India',NULL,'2024-10-04 04:05:17','2025-02-21 12:07:30'),(77,2,'2024-10-04 09:39:49','22.3177891','73.1667007','407, Subhanpura, Vadodara, 390023, India','2025-02-21 17:52:49','22.317804','73.1666761','407, Subhanpura, Vadodara, 390023, India',NULL,'2024-10-04 04:09:51','2025-02-21 12:22:50'),(78,2,'2024-10-04 11:57:00','22.3178252','73.1666506','407, Subhanpura, Vadodara, 390023, India','2025-02-24 11:09:13','22.3178415','73.1666356','407, Subhanpura, Vadodara, 390023, India','xhy','2024-10-04 06:27:02','2025-02-24 05:39:14'),(79,2,'2024-10-04 15:16:26','22.3177744','73.1667463','407, Subhanpura, Vadodara, 390023, India','2025-02-24 11:10:01','22.3178247','73.1666863','407, Subhanpura, Vadodara, 390023, India','vrhttjtj','2024-10-04 09:46:27','2025-02-24 05:40:02'),(80,2,'2024-10-04 16:54:10','22.3177882','73.1666893','407, Subhanpura, Vadodara, 390023, India','2025-02-24 18:00:30','22.3178345','73.1666647','407, Subhanpura, Vadodara, 390023, India','vbbj','2024-10-04 11:24:11','2025-02-24 12:30:31'),(81,2,'2024-10-04 17:13:10','22.3178','73.1666848','407, Subhanpura, Vadodara, 390023, India','2025-02-24 18:02:45','22.3178248','73.1666638','407, Subhanpura, Vadodara, 390023, India','dgg','2024-10-04 11:43:11','2025-02-24 12:32:46'),(82,2,'2024-10-04 17:54:24','22.3178084','73.1666724','407, Subhanpura, Vadodara, 390023, India','2025-02-24 18:20:03','22.3178387','73.1666305','407, Subhanpura, Vadodara, 390023, India','hi','2024-10-04 12:24:25','2025-02-24 12:50:04'),(83,2,'2024-10-04 18:26:40','22.317809','73.1666625','407, Subhanpura, Vadodara, 390023, India','2025-02-24 18:20:10','22.3178387','73.1666305','407, Subhanpura, Vadodara, 390023, India','hi','2024-10-04 12:56:41','2025-02-24 12:50:11'),(84,2,'2024-10-04 18:28:04','22.317809','73.1666671','407, Subhanpura, Vadodara, 390023, India','2025-02-24 18:20:34','22.3178439','73.1666444','407, Subhanpura, Vadodara, 390023, India','hi','2024-10-04 12:58:05','2025-02-24 12:50:35'),(85,2,'2024-10-07 09:53:00','22.3177654','73.1667559','407, Subhanpura, Vadodara, 390023, India','2025-02-24 18:22:02','22.3178439','73.1666444','407, Subhanpura, Vadodara, 390023, India','hi','2024-10-07 04:23:03','2025-02-24 12:52:03'),(86,2,'2024-10-07 10:10:12','22.3177981','73.1666957','407, Subhanpura, Vadodara, 390023, India','2025-02-24 18:24:10','22.3177993','73.1667041','407, Subhanpura, Vadodara, 390023, India','thh','2024-10-07 04:40:14','2025-02-24 12:54:10'),(87,2,'2024-10-07 10:21:41','22.3178058','73.1666679','407, Subhanpura, Vadodara, 390023, India','2025-02-25 09:36:00','22.3178339','73.1666421','407, Subhanpura, Vadodara, 390023, India','wgfr','2024-10-07 04:51:44','2025-02-25 04:06:01'),(88,2,'2024-10-07 10:27:52','22.3178047','73.1666718','407, Subhanpura, Vadodara, 390023, India','2025-02-25 11:37:10','22.3178457','73.1666341','407, Subhanpura, Vadodara, 390023, India','tny','2024-10-07 04:57:56','2025-02-25 06:07:12'),(89,2,'2024-10-07 10:30:00','22.3178112','73.1666721','407, Subhanpura, Vadodara, 390023, India','2025-02-25 06:10:55',NULL,NULL,NULL,NULL,'2024-10-07 05:00:03','2025-02-25 06:10:55'),(90,2,'2024-10-07 10:49:59','22.3178112','73.1666721','407, Subhanpura, Vadodara, 390023, India','2025-02-25 06:10:55',NULL,NULL,NULL,NULL,'2024-10-07 05:20:02','2025-02-25 06:10:55'),(91,2,'2024-10-07 11:19:40','22.3177941','73.1666825','407, Subhanpura, Vadodara, 390023, India','2025-02-25 06:10:55',NULL,NULL,NULL,NULL,'2024-10-07 05:49:43','2025-02-25 06:10:55'),(92,2,'2024-10-07 11:22:14','22.3178157','73.1666654','407, Subhanpura, Vadodara, 390023, India','2025-02-25 06:10:55',NULL,NULL,NULL,NULL,'2024-10-07 05:52:17','2025-02-25 06:10:55'),(93,2,'2024-10-07 14:10:35','22.3177979','73.1667072','407, Subhanpura, Vadodara, 390023, India','2025-02-25 06:10:55',NULL,NULL,NULL,NULL,'2024-10-07 08:40:38','2025-02-25 06:10:55'),(94,2,'2024-10-07 14:31:23','22.317812','73.1666625','407, Subhanpura, Vadodara, 390023, India','2025-02-25 06:10:55',NULL,NULL,NULL,NULL,'2024-10-07 09:01:25','2025-02-25 06:10:55'),(95,2,'2024-10-07 14:31:23','22.317812','73.1666625','407, Subhanpura, Vadodara, 390023, India','2025-02-25 06:10:55',NULL,NULL,NULL,NULL,'2024-10-07 09:01:26','2025-02-25 06:10:55'),(96,2,'2024-10-07 17:26:20','22.3177965','73.1666834','407, Subhanpura, Vadodara, 390023, India','2025-02-25 06:10:55',NULL,NULL,NULL,NULL,'2024-10-07 11:56:22','2025-02-25 06:10:55'),(97,2,'2024-10-07 17:45:13','22.3178091','73.1666775','407, Subhanpura, Vadodara, 390023, India','2025-02-25 06:10:55',NULL,NULL,NULL,NULL,'2024-10-07 12:15:16','2025-02-25 06:10:55'),(98,2,'2024-10-07 18:11:37','22.3178053','73.1666688','407, Subhanpura, Vadodara, 390023, India','2025-02-25 06:10:55',NULL,NULL,NULL,NULL,'2024-10-07 12:41:39','2025-02-25 06:10:55'),(99,2,'2024-10-07 18:20:50','22.3177781','73.166675','407, Subhanpura, Vadodara, 390023, India','2025-02-25 06:10:55',NULL,NULL,NULL,NULL,'2024-10-07 12:50:52','2025-02-25 06:10:55'),(100,2,'2024-10-07 18:31:20','22.3178025','73.1666681','407, Subhanpura, Vadodara, 390023, India','2025-02-25 06:10:55',NULL,NULL,NULL,NULL,'2024-10-07 13:01:23','2025-02-25 06:10:55'),(101,2,'2024-10-08 09:17:10','22.3178047','73.166661','407, Subhanpura, Vadodara, 390023, India','2025-02-25 06:10:55',NULL,NULL,NULL,NULL,'2024-10-08 03:47:10','2025-02-25 06:10:55'),(102,2,'2024-10-08 09:24:42','22.3177938','73.1666785','407, Subhanpura, Vadodara, 390023, India','2025-02-25 06:10:55',NULL,NULL,NULL,NULL,'2024-10-08 03:54:42','2025-02-25 06:10:55'),(103,2,'2024-10-08 11:11:14','22.3177901','73.1666765','407, Subhanpura, Vadodara, 390023, India','2025-02-25 06:10:55',NULL,NULL,NULL,NULL,'2024-10-08 05:41:16','2025-02-25 06:10:55'),(104,2,'2024-10-08 12:13:48','22.3177442','73.1667057','407, Subhanpura, Vadodara, 390023, India','2025-02-25 06:10:55',NULL,NULL,NULL,NULL,'2024-10-08 06:43:48','2025-02-25 06:10:55'),(105,2,'2024-10-08 12:13:48','22.3177442','73.1667057','407, Subhanpura, Vadodara, 390023, India','2025-02-25 06:10:55',NULL,NULL,NULL,NULL,'2024-10-08 06:43:48','2025-02-25 06:10:55'),(106,2,'2024-10-08 12:37:13','22.3177991','73.1666602','407, Subhanpura, Vadodara, 390023, India','2025-02-25 06:10:55',NULL,NULL,NULL,NULL,'2024-10-08 07:07:14','2025-02-25 06:10:55'),(107,2,'2024-10-08 12:40:51','22.3177952','73.1666753','407, Subhanpura, Vadodara, 390023, India','2025-02-25 06:10:55',NULL,NULL,NULL,NULL,'2024-10-08 07:10:52','2025-02-25 06:10:55'),(108,2,'2024-10-08 12:59:59','22.3178116','73.1666613','407, Subhanpura, Vadodara, 390023, India','2025-02-25 06:10:55',NULL,NULL,NULL,NULL,'2024-10-08 07:30:00','2025-02-25 06:10:55'),(109,2,'2024-10-08 12:59:59','22.3178116','73.1666613','407, Subhanpura, Vadodara, 390023, India','2025-02-25 06:10:55',NULL,NULL,NULL,NULL,'2024-10-08 07:30:01','2025-02-25 06:10:55'),(110,2,'2024-10-08 13:48:49','22.3177961','73.1666805','407, Subhanpura, Vadodara, 390023, India','2025-02-25 06:10:55',NULL,NULL,NULL,NULL,'2024-10-08 08:18:50','2025-02-25 06:10:55'),(111,2,'2024-10-08 13:57:33','22.3177251','73.1667498','407, Subhanpura, Vadodara, 390023, India','2025-02-25 06:10:55',NULL,NULL,NULL,NULL,'2024-10-08 08:27:34','2025-02-25 06:10:55'),(112,2,'2024-10-08 13:58:25','22.3177886','73.1666689','407, Subhanpura, Vadodara, 390023, India','2025-02-25 06:10:55',NULL,NULL,NULL,NULL,'2024-10-08 08:28:26','2025-02-25 06:10:55'),(113,2,'2024-10-08 15:02:24','22.3178053','73.1666712','407, Subhanpura, Vadodara, 390023, India','2025-02-25 06:10:55',NULL,NULL,NULL,NULL,'2024-10-08 09:32:25','2025-02-25 06:10:55'),(114,2,'2024-10-08 15:09:19','22.3178101','73.1666576','407, Subhanpura, Vadodara, 390023, India','2025-02-25 06:10:55',NULL,NULL,NULL,NULL,'2024-10-08 09:39:20','2025-02-25 06:10:55'),(115,2,'2024-10-08 15:13:15','22.3178082','73.1666697','407, Subhanpura, Vadodara, 390023, India','2025-02-25 06:10:55',NULL,NULL,NULL,NULL,'2024-10-08 09:43:15','2025-02-25 06:10:55'),(116,2,'2024-10-08 16:38:07','22.3177919','73.1666709','407, Subhanpura, Vadodara, 390023, India','2025-02-25 06:10:55',NULL,NULL,NULL,NULL,'2024-10-08 11:08:08','2025-02-25 06:10:55'),(117,2,'2024-10-08 16:38:07','22.3177919','73.1666709','407, Subhanpura, Vadodara, 390023, India','2025-02-25 06:10:55',NULL,NULL,NULL,NULL,'2024-10-08 11:08:08','2025-02-25 06:10:55'),(118,2,'2024-10-08 16:47:44','22.3177829','73.1667125','407, Subhanpura, Vadodara, 390023, India','2025-02-25 06:10:55',NULL,NULL,NULL,NULL,'2024-10-08 11:17:45','2025-02-25 06:10:55'),(119,2,'2024-10-08 17:03:44','22.3178055','73.1666834','407, Subhanpura, Vadodara, 390023, India','2025-02-25 06:10:55',NULL,NULL,NULL,NULL,'2024-10-08 11:33:45','2025-02-25 06:10:55'),(120,2,'2024-10-08 17:03:44','22.3178055','73.1666834','407, Subhanpura, Vadodara, 390023, India','2025-02-25 06:10:55',NULL,NULL,NULL,NULL,'2024-10-08 11:33:45','2025-02-25 06:10:55'),(121,2,'2024-10-08 17:05:00','22.3177375','73.1667524','407, Subhanpura, Vadodara, 390023, India','2025-02-25 06:10:55',NULL,NULL,NULL,NULL,'2024-10-08 11:35:01','2025-02-25 06:10:55'),(122,2,'2024-10-08 17:06:47','22.317711','73.1668155','407, Subhanpura, Vadodara, 390023, India','2025-02-25 06:10:55',NULL,NULL,NULL,NULL,'2024-10-08 11:36:48','2025-02-25 06:10:55'),(123,2,'2024-10-08 17:06:48','22.317711','73.1668155','407, Subhanpura, Vadodara, 390023, India','2025-02-25 06:10:55',NULL,NULL,NULL,NULL,'2024-10-08 11:36:48','2025-02-25 06:10:55'),(124,2,'2024-10-08 17:07:11','22.3176984','73.1668321','407, Subhanpura, Vadodara, 390023, India','2025-02-25 06:10:55',NULL,NULL,NULL,NULL,'2024-10-08 11:37:13','2025-02-25 06:10:55'),(125,2,'2024-10-08 17:27:54','22.3178025','73.1666671','407, Subhanpura, Vadodara, 390023, India','2025-02-25 06:10:55',NULL,NULL,NULL,NULL,'2024-10-08 11:57:55','2025-02-25 06:10:55'),(126,2,'2024-10-08 17:42:58','22.3178004','73.1666812','407, Subhanpura, Vadodara, 390023, India','2025-02-25 06:10:55',NULL,NULL,NULL,NULL,'2024-10-08 12:12:59','2025-02-25 06:10:55'),(127,2,'2024-10-09 09:18:36','22.3177901','73.166677','407, Subhanpura, Vadodara, 390023, India','2025-02-25 06:10:55',NULL,NULL,NULL,NULL,'2024-10-09 03:48:37','2025-02-25 06:10:55'),(128,2,'2024-10-09 09:45:44','22.3177651','73.1667167','407, Subhanpura, Vadodara, 390023, India','2025-02-25 06:10:55',NULL,NULL,NULL,NULL,'2024-10-09 04:15:46','2025-02-25 06:10:55'),(129,2,'2024-10-09 09:52:01','22.3177945','73.1666625','407, Subhanpura, Vadodara, 390023, India','2025-02-25 06:10:55',NULL,NULL,NULL,NULL,'2024-10-09 04:22:02','2025-02-25 06:10:55'),(130,2,'2024-10-09 09:57:11','22.317769','73.1666836','407, Subhanpura, Vadodara, 390023, India','2025-02-25 06:10:55',NULL,NULL,NULL,NULL,'2024-10-09 04:27:12','2025-02-25 06:10:55'),(131,2,'2024-10-09 10:22:24','22.3177693','73.1667074','407, Subhanpura, Vadodara, 390023, India','2025-02-25 06:10:55',NULL,NULL,NULL,NULL,'2024-10-09 04:52:25','2025-02-25 06:10:55'),(132,2,'2024-10-09 10:46:29','22.3177895','73.1666798','407, Subhanpura, Vadodara, 390023, India','2025-02-25 06:10:55',NULL,NULL,NULL,NULL,'2024-10-09 05:16:30','2025-02-25 06:10:55'),(133,2,'2024-10-09 10:46:28','22.3177895','73.1666798','407, Subhanpura, Vadodara, 390023, India','2025-02-25 06:10:55',NULL,NULL,NULL,NULL,'2024-10-09 05:16:30','2025-02-25 06:10:55'),(134,2,'2024-10-09 10:53:32','22.317783','73.1666805','407, Subhanpura, Vadodara, 390023, India','2025-02-25 06:10:55',NULL,NULL,NULL,NULL,'2024-10-09 05:23:33','2025-02-25 06:10:55'),(135,2,'2024-10-09 10:53:32','22.317783','73.1666805','407, Subhanpura, Vadodara, 390023, India','2025-02-25 06:10:55',NULL,NULL,NULL,NULL,'2024-10-09 05:23:33','2025-02-25 06:10:55'),(136,2,'2024-10-09 11:06:15','22.3177789','73.1666907','407, Subhanpura, Vadodara, 390023, India','2025-02-25 06:10:55',NULL,NULL,NULL,NULL,'2024-10-09 05:36:17','2025-02-25 06:10:55'),(137,2,'2024-10-09 11:09:35','22.3178001','73.1666672','407, Subhanpura, Vadodara, 390023, India','2025-02-25 06:10:55',NULL,NULL,NULL,NULL,'2024-10-09 05:39:36','2025-02-25 06:10:55'),(138,2,'2024-10-09 11:19:15','22.3177902','73.1666736','407, Subhanpura, Vadodara, 390023, India','2025-02-25 06:10:55',NULL,NULL,NULL,NULL,'2024-10-09 05:49:16','2025-02-25 06:10:55'),(139,2,'2024-10-09 12:52:13','22.317802','73.1666651','407, Subhanpura, Vadodara, 390023, India','2025-02-25 06:10:55',NULL,NULL,NULL,NULL,'2024-10-09 07:22:16','2025-02-25 06:10:55'),(140,2,'2024-10-09 14:49:37','22.3178016','73.1666589','407, Subhanpura, Vadodara, 390023, India','2025-02-25 06:10:55',NULL,NULL,NULL,NULL,'2024-10-09 09:19:38','2025-02-25 06:10:55'),(141,2,'2024-10-09 14:49:37','22.3178016','73.1666589','407, Subhanpura, Vadodara, 390023, India','2025-02-25 06:10:55',NULL,NULL,NULL,NULL,'2024-10-09 09:19:38','2025-02-25 06:10:55'),(142,2,'2024-10-09 14:52:35','22.3177997','73.16667','407, Subhanpura, Vadodara, 390023, India','2025-02-25 06:10:55',NULL,NULL,NULL,NULL,'2024-10-09 09:22:36','2025-02-25 06:10:55'),(143,2,'2024-10-09 15:24:42','22.317752','73.1667648','407, Subhanpura, Vadodara, 390023, India','2025-02-25 06:10:55',NULL,NULL,NULL,NULL,'2024-10-09 09:54:45','2025-02-25 06:10:55'),(144,2,'2024-10-09 15:39:24','22.3177596','73.1667059','407, Subhanpura, Vadodara, 390023, India','2025-02-25 06:10:55',NULL,NULL,NULL,NULL,'2024-10-09 10:09:26','2025-02-25 06:10:55'),(145,2,'2024-10-09 15:46:21','22.3177964','73.1666702','407, Subhanpura, Vadodara, 390023, India','2025-02-25 06:10:55',NULL,NULL,NULL,NULL,'2024-10-09 10:16:22','2025-02-25 06:10:55'),(146,2,'2024-10-09 16:36:44','22.3177841','73.1666923','407, Subhanpura, Vadodara, 390023, India','2025-02-25 06:10:55',NULL,NULL,NULL,NULL,'2024-10-09 11:06:46','2025-02-25 06:10:55'),(147,2,'2024-10-09 16:45:51','22.3177967','73.1666805','407, Subhanpura, Vadodara, 390023, India','2025-02-25 06:10:55',NULL,NULL,NULL,NULL,'2024-10-09 11:15:53','2025-02-25 06:10:55'),(148,2,'2024-10-09 16:45:51','22.3177967','73.1666805','407, Subhanpura, Vadodara, 390023, India','2025-02-25 06:10:55',NULL,NULL,NULL,NULL,'2024-10-09 11:15:53','2025-02-25 06:10:55'),(149,2,'2024-10-09 16:52:28','22.3177952','73.1666696','407, Subhanpura, Vadodara, 390023, India','2025-02-25 06:10:55',NULL,NULL,NULL,NULL,'2024-10-09 11:22:29','2025-02-25 06:10:55'),(150,2,'2024-10-09 16:55:36','22.3177997','73.1666697','407, Subhanpura, Vadodara, 390023, India','2025-02-25 06:10:55',NULL,NULL,NULL,NULL,'2024-10-09 11:25:37','2025-02-25 06:10:55'),(151,2,'2024-10-09 17:00:50','22.3177487','73.1667567','407, Subhanpura, Vadodara, 390023, India','2025-02-25 06:10:55',NULL,NULL,NULL,NULL,'2024-10-09 11:30:51','2025-02-25 06:10:55'),(152,2,'2024-10-09 17:00:50','22.3177487','73.1667567','407, Subhanpura, Vadodara, 390023, India','2025-02-25 06:10:55',NULL,NULL,NULL,NULL,'2024-10-09 11:30:51','2025-02-25 06:10:55'),(153,2,'2024-10-09 17:10:41','22.3177875','73.1666809','407, Subhanpura, Vadodara, 390023, India','2025-02-25 06:10:55',NULL,NULL,NULL,NULL,'2024-10-09 11:40:42','2025-02-25 06:10:55'),(154,2,'2024-10-09 17:21:58','22.317799','73.1666779','407, Subhanpura, Vadodara, 390023, India','2025-02-25 06:10:55',NULL,NULL,NULL,NULL,'2024-10-09 11:52:00','2025-02-25 06:10:55'),(155,2,'2024-10-09 17:43:38','22.3177951','73.1666835','407, Subhanpura, Vadodara, 390023, India','2025-02-25 06:10:55',NULL,NULL,NULL,NULL,'2024-10-09 12:13:40','2025-02-25 06:10:55'),(156,2,'2024-10-09 17:46:40','22.3177554','73.1667066','407, Subhanpura, Vadodara, 390023, India','2025-02-25 06:10:55',NULL,NULL,NULL,NULL,'2024-10-09 12:16:41','2025-02-25 06:10:55'),(157,2,'2024-10-09 17:59:20','22.3177893','73.1666749','407, Subhanpura, Vadodara, 390023, India','2025-02-25 06:10:55',NULL,NULL,NULL,NULL,'2024-10-09 12:29:21','2025-02-25 06:10:55'),(158,2,'2024-10-09 18:06:31','22.3177938','73.1666634','407, Subhanpura, Vadodara, 390023, India','2025-02-25 06:10:55',NULL,NULL,NULL,NULL,'2024-10-09 12:36:32','2025-02-25 06:10:55'),(159,2,'2024-10-09 18:26:25','22.3177854','73.1666788','407, Subhanpura, Vadodara, 390023, India','2025-02-25 06:10:55',NULL,NULL,NULL,NULL,'2024-10-09 12:56:26','2025-02-25 06:10:55'),(160,2,'2024-10-10 09:23:33','22.317792','73.1666764','407, Subhanpura, Vadodara, 390023, India','2025-02-25 06:10:55',NULL,NULL,NULL,NULL,'2024-10-10 03:53:34','2025-02-25 06:10:55'),(161,2,'2024-10-10 09:23:33','22.317792','73.1666764','407, Subhanpura, Vadodara, 390023, India','2025-02-25 06:10:55',NULL,NULL,NULL,NULL,'2024-10-10 03:53:34','2025-02-25 06:10:55'),(162,2,'2024-10-10 09:30:29','22.3177911','73.1666981','407, Subhanpura, Vadodara, 390023, India','2025-02-25 06:10:55',NULL,NULL,NULL,NULL,'2024-10-10 04:00:31','2025-02-25 06:10:55'),(163,2,'2024-10-10 10:01:03','22.3177923','73.1666904','407, Subhanpura, Vadodara, 390023, India','2025-02-25 06:10:55',NULL,NULL,NULL,NULL,'2024-10-10 04:31:05','2025-02-25 06:10:55'),(164,2,'2024-10-10 10:05:15','22.3177982','73.1666738','407, Subhanpura, Vadodara, 390023, India','2025-02-25 06:10:55',NULL,NULL,NULL,NULL,'2024-10-10 04:35:17','2025-02-25 06:10:55'),(165,2,'2024-10-10 10:05:15','22.3177982','73.1666738','407, Subhanpura, Vadodara, 390023, India','2025-02-25 06:10:55',NULL,NULL,NULL,NULL,'2024-10-10 04:35:17','2025-02-25 06:10:55'),(166,2,'2024-10-10 10:17:55','22.3177984','73.1666612','407, Subhanpura, Vadodara, 390023, India','2025-02-25 06:10:55',NULL,NULL,NULL,NULL,'2024-10-10 04:47:56','2025-02-25 06:10:55'),(167,2,'2024-10-10 10:39:43','22.317792','73.1666674','407, Subhanpura, Vadodara, 390023, India','2025-02-25 06:10:55',NULL,NULL,NULL,NULL,'2024-10-10 05:09:45','2025-02-25 06:10:55'),(168,2,'2024-10-10 10:53:37','22.3177917','73.1666788','407, Subhanpura, Vadodara, 390023, India','2025-02-25 06:10:55',NULL,NULL,NULL,NULL,'2024-10-10 05:23:38','2025-02-25 06:10:55'),(169,2,'2024-10-10 11:02:20','22.3177782','73.1666968','407, Subhanpura, Vadodara, 390023, India','2025-02-25 06:10:55',NULL,NULL,NULL,NULL,'2024-10-10 05:32:21','2025-02-25 06:10:55'),(170,2,'2024-10-10 11:39:30','22.3178055','73.1666568','407, Subhanpura, Vadodara, 390023, India','2025-02-25 06:10:55',NULL,NULL,NULL,NULL,'2024-10-10 06:09:32','2025-02-25 06:10:55'),(171,2,'2024-10-10 11:53:47','22.3177881','73.1666804','407, Subhanpura, Vadodara, 390023, India','2025-02-25 06:10:55',NULL,NULL,NULL,NULL,'2024-10-10 06:23:50','2025-02-25 06:10:55'),(172,2,'2024-10-10 13:55:02','22.3177965','73.1666608','407, Subhanpura, Vadodara, 390023, India','2025-02-25 06:10:55',NULL,NULL,NULL,NULL,'2024-10-10 08:25:04','2025-02-25 06:10:55'),(173,2,'2024-10-10 13:56:57','22.3177934','73.166671','407, Subhanpura, Vadodara, 390023, India','2025-02-25 06:10:55',NULL,NULL,NULL,NULL,'2024-10-10 08:26:59','2025-02-25 06:10:55'),(174,2,'2024-10-10 13:56:57','22.3177934','73.166671','407, Subhanpura, Vadodara, 390023, India','2025-02-25 06:10:55',NULL,NULL,NULL,NULL,'2024-10-10 08:26:59','2025-02-25 06:10:55'),(175,2,'2024-10-10 13:58:14','22.3177842','73.1666833','407, Subhanpura, Vadodara, 390023, India','2025-02-25 06:10:55',NULL,NULL,NULL,NULL,'2024-10-10 08:28:15','2025-02-25 06:10:55'),(176,2,'2024-10-10 14:28:54','22.3177874','73.1666757','407, Subhanpura, Vadodara, 390023, India','2025-02-25 06:10:55',NULL,NULL,NULL,NULL,'2024-10-10 08:58:55','2025-02-25 06:10:55'),(177,2,'2024-10-10 14:28:54','22.3177874','73.1666757','407, Subhanpura, Vadodara, 390023, India','2025-02-25 06:10:55',NULL,NULL,NULL,NULL,'2024-10-10 08:58:55','2025-02-25 06:10:55'),(178,2,'2024-10-10 15:26:35','22.3178','73.1666697','407, Subhanpura, Vadodara, 390023, India','2025-02-25 06:10:55',NULL,NULL,NULL,NULL,'2024-10-10 09:56:37','2025-02-25 06:10:55'),(179,2,'2024-10-10 16:29:53','22.3177728','73.1667053','407, Subhanpura, Vadodara, 390023, India','2025-02-25 06:10:55',NULL,NULL,NULL,NULL,'2024-10-10 10:59:54','2025-02-25 06:10:55'),(180,2,'2024-10-11 09:15:36','22.3177854','73.1666804','407, Subhanpura, Vadodara, 390023, India','2025-02-25 06:10:55',NULL,NULL,NULL,NULL,'2024-10-11 03:45:38','2025-02-25 06:10:55'),(181,2,'2024-10-11 09:57:35','22.3177864','73.1666732','407, Subhanpura, Vadodara, 390023, India','2025-02-25 06:10:55',NULL,NULL,NULL,NULL,'2024-10-11 04:27:37','2025-02-25 06:10:55'),(182,2,'2024-10-11 10:29:46','22.3177811','73.1666943','407, Subhanpura, Vadodara, 390023, India','2025-02-25 06:10:55',NULL,NULL,NULL,NULL,'2024-10-11 04:59:48','2025-02-25 06:10:55'),(183,2,'2024-10-14 10:14:38','22.3177944','73.1666634','407, Subhanpura, Vadodara, 390023, India','2025-02-25 06:10:55',NULL,NULL,NULL,NULL,'2024-10-14 04:44:41','2025-02-25 06:10:55'),(184,2,'2024-10-14 12:42:17','22.3178058','73.1666586','407, Subhanpura, Vadodara, 390023, India','2025-02-25 06:10:55',NULL,NULL,NULL,NULL,'2024-10-14 07:12:18','2025-02-25 06:10:55'),(185,2,'2024-10-14 17:16:34','22.3177845','73.1666787','407, Subhanpura, Vadodara, 390023, India','2025-02-25 06:10:55',NULL,NULL,NULL,NULL,'2024-10-14 11:46:35','2025-02-25 06:10:55'),(186,2,'2024-10-14 17:16:34','22.3177845','73.1666787','407, Subhanpura, Vadodara, 390023, India','2025-02-25 06:10:55',NULL,NULL,NULL,NULL,'2024-10-14 11:46:35','2025-02-25 06:10:55'),(187,2,'2024-10-14 17:34:25','22.317792','73.1666727','407, Subhanpura, Vadodara, 390023, India','2025-02-25 06:10:55',NULL,NULL,NULL,NULL,'2024-10-14 12:04:26','2025-02-25 06:10:55'),(188,2,'2024-10-14 17:48:55','22.3177936','73.1666692','407, Subhanpura, Vadodara, 390023, India','2025-02-25 06:10:55',NULL,NULL,NULL,NULL,'2024-10-14 12:18:55','2025-02-25 06:10:55'),(189,2,'2024-10-14 17:48:55','22.3177936','73.1666692','407, Subhanpura, Vadodara, 390023, India','2025-02-25 06:10:55',NULL,NULL,NULL,NULL,'2024-10-14 12:18:55','2025-02-25 06:10:55'),(190,2,'2024-10-14 17:54:43','22.3178192','73.1666562','407, Subhanpura, Vadodara, 390023, India','2025-02-25 06:10:55',NULL,NULL,NULL,NULL,'2024-10-14 12:25:08','2025-02-25 06:10:55'),(191,2,'2024-10-14 17:54:43','22.3178192','73.1666562','407, Subhanpura, Vadodara, 390023, India','2025-02-25 06:10:55',NULL,NULL,NULL,NULL,'2024-10-14 12:25:16','2025-02-25 06:10:55'),(192,2,'2024-10-14 17:56:30','22.3178013','73.1666694','407, Subhanpura, Vadodara, 390023, India','2025-02-25 06:10:55',NULL,NULL,NULL,NULL,'2024-10-14 12:26:33','2025-02-25 06:10:55'),(193,2,'2024-10-15 09:13:38','22.3177716','73.1666996','407, Subhanpura, Vadodara, 390023, India','2025-02-25 06:10:55',NULL,NULL,NULL,NULL,'2024-10-15 03:43:40','2025-02-25 06:10:55'),(194,2,'2024-10-15 09:18:50','22.317797','73.1666659','407, Subhanpura, Vadodara, 390023, India','2025-02-25 06:10:55',NULL,NULL,NULL,NULL,'2024-10-15 03:48:51','2025-02-25 06:10:55'),(195,2,'2024-10-15 09:38:10','22.3177929','73.1666682','407, Subhanpura, Vadodara, 390023, India','2025-02-25 06:10:55',NULL,NULL,NULL,NULL,'2024-10-15 04:08:11','2025-02-25 06:10:55'),(196,2,'2024-10-15 10:00:50','22.3177929','73.1666715','407, Subhanpura, Vadodara, 390023, India','2025-02-25 06:10:55',NULL,NULL,NULL,NULL,'2024-10-15 04:30:51','2025-02-25 06:10:55'),(197,2,'2024-10-15 10:04:38','22.3178024','73.1666748','407, Subhanpura, Vadodara, 390023, India','2025-02-25 06:10:55',NULL,NULL,NULL,NULL,'2024-10-15 04:34:39','2025-02-25 06:10:55'),(198,2,'2024-10-15 10:35:16','22.3177869','73.1666805','407, Subhanpura, Vadodara, 390023, India','2025-02-25 06:10:55',NULL,NULL,NULL,NULL,'2024-10-15 05:05:16','2025-02-25 06:10:55'),(199,2,'2024-10-15 11:18:51','22.3177913','73.1666691','407, Subhanpura, Vadodara, 390023, India','2025-02-25 06:10:55',NULL,NULL,NULL,NULL,'2024-10-15 05:48:52','2025-02-25 06:10:55'),(200,2,'2024-10-15 12:04:02','22.3177891','73.1666703','407, Subhanpura, Vadodara, 390023, India','2025-02-25 06:10:55',NULL,NULL,NULL,NULL,'2024-10-15 06:34:02','2025-02-25 06:10:55'),(201,2,'2024-10-15 12:14:51','22.3177769','73.1666869','407, Subhanpura, Vadodara, 390023, India','2025-02-25 06:10:55',NULL,NULL,NULL,NULL,'2024-10-15 06:44:52','2025-02-25 06:10:55'),(202,2,'2024-10-15 12:43:39','22.3177974','73.1666723','407, Subhanpura, Vadodara, 390023, India','2025-02-25 06:10:55',NULL,NULL,NULL,NULL,'2024-10-15 07:13:40','2025-02-25 06:10:55'),(203,2,'2024-10-15 13:57:52','22.3177354','73.166721','407, Subhanpura, Vadodara, 390023, India','2025-02-25 06:10:55',NULL,NULL,NULL,NULL,'2024-10-15 08:27:53','2025-02-25 06:10:55'),(204,2,'2024-10-15 14:06:25','22.3177353','73.1668077','407, Subhanpura, Vadodara, 390023, India','2025-02-25 06:10:55',NULL,NULL,NULL,NULL,'2024-10-15 08:36:26','2025-02-25 06:10:55'),(205,2,'2024-10-15 14:11:14','22.3177822','73.166739','407, Subhanpura, Vadodara, 390023, India','2025-02-25 06:10:55',NULL,NULL,NULL,NULL,'2024-10-15 08:41:15','2025-02-25 06:10:55'),(206,2,'2024-10-15 14:47:45','22.3177823','73.1666807','407, Subhanpura, Vadodara, 390023, India','2025-02-25 06:10:55',NULL,NULL,NULL,NULL,'2024-10-15 09:17:46','2025-02-25 06:10:55'),(207,2,'2024-10-15 14:47:45','22.3177823','73.1666807','407, Subhanpura, Vadodara, 390023, India','2025-02-25 06:10:55',NULL,NULL,NULL,NULL,'2024-10-15 09:17:46','2025-02-25 06:10:55'),(208,2,'2024-10-15 14:47:45','22.3177823','73.1666807','407, Subhanpura, Vadodara, 390023, India','2025-02-25 06:10:55',NULL,NULL,NULL,NULL,'2024-10-15 09:17:46','2025-02-25 06:10:55'),(209,2,'2024-10-15 15:27:53','22.3177841','73.1666665','407, Subhanpura, Vadodara, 390023, India','2025-02-25 06:10:55',NULL,NULL,NULL,NULL,'2024-10-15 09:57:54','2025-02-25 06:10:55'),(210,2,'2024-10-15 15:40:32','22.3177815','73.1666843','407, Subhanpura, Vadodara, 390023, India','2025-02-25 06:10:55',NULL,NULL,NULL,NULL,'2024-10-15 10:10:33','2025-02-25 06:10:55'),(211,2,'2024-10-15 16:35:53','22.3177893','73.166691','407, Subhanpura, Vadodara, 390023, India','2025-02-25 06:10:55',NULL,NULL,NULL,NULL,'2024-10-15 11:05:54','2025-02-25 06:10:55'),(212,2,'2024-10-15 17:31:22','22.3176973','73.1668805','407, Subhanpura, Vadodara, 390023, India','2025-02-25 06:10:55',NULL,NULL,NULL,NULL,'2024-10-15 12:01:23','2025-02-25 06:10:55'),(213,2,'2024-10-15 17:31:22','22.3176973','73.1668805','407, Subhanpura, Vadodara, 390023, India','2025-02-25 06:10:55',NULL,NULL,NULL,NULL,'2024-10-15 12:01:23','2025-02-25 06:10:55'),(214,2,'2024-10-15 18:00:02','22.3177771','73.1666863','407, Subhanpura, Vadodara, 390023, India','2025-02-25 06:10:55',NULL,NULL,NULL,NULL,'2024-10-15 12:30:03','2025-02-25 06:10:55'),(215,2,'2024-10-16 09:27:10','22.3177568','73.1667521','407, Subhanpura, Vadodara, 390023, India','2025-02-25 06:10:55',NULL,NULL,NULL,NULL,'2024-10-16 03:57:11','2025-02-25 06:10:55'),(216,2,'2024-10-16 09:31:42','22.317773','73.1666991','407, Subhanpura, Vadodara, 390023, India','2025-02-25 06:10:55',NULL,NULL,NULL,NULL,'2024-10-16 04:01:44','2025-02-25 06:10:55'),(217,2,'2024-10-16 09:34:42','22.3178055','73.1666632','407, Subhanpura, Vadodara, 390023, India','2025-02-25 06:10:55',NULL,NULL,NULL,NULL,'2024-10-16 04:04:44','2025-02-25 06:10:55'),(218,2,'2024-10-16 09:36:28','22.3178021','73.1666635','407, Subhanpura, Vadodara, 390023, India','2025-02-25 06:10:55',NULL,NULL,NULL,NULL,'2024-10-16 04:06:29','2025-02-25 06:10:55'),(219,2,'2024-10-16 09:58:43','22.3177513','73.1667551','407, Subhanpura, Vadodara, 390023, India','2025-02-25 06:10:55',NULL,NULL,NULL,NULL,'2024-10-16 04:28:44','2025-02-25 06:10:55'),(220,2,'2024-10-16 10:17:40','22.3177776','73.1667159','407, Subhanpura, Vadodara, 390023, India','2025-02-25 06:10:55',NULL,NULL,NULL,NULL,'2024-10-16 04:47:41','2025-02-25 06:10:55'),(221,2,'2024-10-16 10:40:12','22.3177949','73.1666771','407, Subhanpura, Vadodara, 390023, India','2025-02-25 06:10:55',NULL,NULL,NULL,NULL,'2024-10-16 05:10:13','2025-02-25 06:10:55'),(222,2,'2024-10-16 10:52:19','22.3177198','73.1667591','407, Subhanpura, Vadodara, 390023, India','2025-02-25 06:10:55',NULL,NULL,NULL,NULL,'2024-10-16 05:22:20','2025-02-25 06:10:55'),(223,2,'2024-10-16 10:52:19','22.3177198','73.1667591','407, Subhanpura, Vadodara, 390023, India','2025-02-25 06:10:55',NULL,NULL,NULL,NULL,'2024-10-16 05:22:20','2025-02-25 06:10:55'),(224,2,'2024-10-16 11:13:27','22.3177278','73.1667882','407, Subhanpura, Vadodara, 390023, India','2025-02-25 06:10:55',NULL,NULL,NULL,NULL,'2024-10-16 05:43:28','2025-02-25 06:10:55'),(225,2,'2024-10-16 11:13:27','22.3177278','73.1667882','407, Subhanpura, Vadodara, 390023, India','2025-02-25 06:10:55',NULL,NULL,NULL,NULL,'2024-10-16 05:43:28','2025-02-25 06:10:55'),(226,2,'2024-10-16 11:13:37','22.3177701','73.1666986','407, Subhanpura, Vadodara, 390023, India','2025-02-25 06:10:55',NULL,NULL,NULL,NULL,'2024-10-16 05:43:38','2025-02-25 06:10:55'),(227,2,'2024-10-16 11:20:21','22.3177891','73.1666659','407, Subhanpura, Vadodara, 390023, India','2025-02-25 06:10:55',NULL,NULL,NULL,NULL,'2024-10-16 05:50:22','2025-02-25 06:10:55'),(228,2,'2024-10-16 11:25:28','22.3177146','73.1667355','407, Subhanpura, Vadodara, 390023, India','2025-02-25 06:10:55',NULL,NULL,NULL,NULL,'2024-10-16 05:55:29','2025-02-25 06:10:55'),(229,2,'2024-10-16 11:39:54','22.3177359','73.1667687','407, Subhanpura, Vadodara, 390023, India','2025-02-25 06:10:55',NULL,NULL,NULL,NULL,'2024-10-16 06:09:55','2025-02-25 06:10:55'),(230,2,'2024-10-16 11:47:26','22.3177815','73.166687','407, Subhanpura, Vadodara, 390023, India','2025-02-25 06:10:55',NULL,NULL,NULL,NULL,'2024-10-16 06:17:27','2025-02-25 06:10:55'),(231,2,'2024-10-16 11:49:32','22.3177704','73.1667028','407, Subhanpura, Vadodara, 390023, India','2025-02-25 06:10:55',NULL,NULL,NULL,NULL,'2024-10-16 06:19:33','2025-02-25 06:10:55'),(232,2,'2024-10-16 11:50:47','22.317766','73.1666964','407, Subhanpura, Vadodara, 390023, India','2025-02-25 06:10:55',NULL,NULL,NULL,NULL,'2024-10-16 06:20:48','2025-02-25 06:10:55'),(233,2,'2024-10-16 11:53:15','22.317793','73.1666757','407, Subhanpura, Vadodara, 390023, India','2025-02-25 06:10:55',NULL,NULL,NULL,NULL,'2024-10-16 06:23:16','2025-02-25 06:10:55'),(234,2,'2024-10-16 12:07:57','22.3177435','73.1667608','407, Subhanpura, Vadodara, 390023, India','2025-02-25 06:10:55',NULL,NULL,NULL,NULL,'2024-10-16 06:37:58','2025-02-25 06:10:55'),(235,2,'2024-10-16 12:12:16','22.3177494','73.1667562','407, Subhanpura, Vadodara, 390023, India','2025-02-25 06:10:55',NULL,NULL,NULL,NULL,'2024-10-16 06:42:17','2025-02-25 06:10:55'),(236,2,'2024-10-16 12:40:50','22.317795','73.1666724','407, Subhanpura, Vadodara, 390023, India','2025-02-25 06:10:55',NULL,NULL,NULL,NULL,'2024-10-16 07:10:51','2025-02-25 06:10:55'),(237,2,'2024-10-16 14:40:39','22.3176556','73.1668793','407, Subhanpura, Vadodara, 390023, India','2025-02-25 06:10:55',NULL,NULL,NULL,NULL,'2024-10-16 09:10:40','2025-02-25 06:10:55'),(238,2,'2024-10-16 14:40:39','22.3176556','73.1668793','407, Subhanpura, Vadodara, 390023, India','2025-02-25 06:10:55',NULL,NULL,NULL,NULL,'2024-10-16 09:10:40','2025-02-25 06:10:55'),(239,2,'2024-10-16 15:37:50','22.3177853','73.1666836','407, Subhanpura, Vadodara, 390023, India','2025-02-25 06:10:55',NULL,NULL,NULL,NULL,'2024-10-16 10:07:51','2025-02-25 06:10:55'),(240,2,'2024-10-16 15:42:50','22.3177931','73.1666696','407, Subhanpura, Vadodara, 390023, India','2025-02-25 06:10:55',NULL,NULL,NULL,NULL,'2024-10-16 10:12:51','2025-02-25 06:10:55'),(241,2,'2024-10-16 15:42:50','22.3177931','73.1666696','407, Subhanpura, Vadodara, 390023, India','2025-02-25 06:10:55',NULL,NULL,NULL,NULL,'2024-10-16 10:12:51','2025-02-25 06:10:55'),(242,2,'2024-10-16 15:48:41','22.3177977','73.1666636','407, Subhanpura, Vadodara, 390023, India','2025-02-25 06:10:55',NULL,NULL,NULL,NULL,'2024-10-16 10:18:42','2025-02-25 06:10:55'),(243,2,'2024-10-16 16:40:09','22.3177306','73.1667218','407, Subhanpura, Vadodara, 390023, India','2025-02-25 06:10:55',NULL,NULL,NULL,NULL,'2024-10-16 11:10:10','2025-02-25 06:10:55'),(244,2,'2024-10-16 16:46:21','22.3177939','73.1666743','407, Subhanpura, Vadodara, 390023, India','2025-02-25 06:10:55',NULL,NULL,NULL,NULL,'2024-10-16 11:16:22','2025-02-25 06:10:55'),(245,2,'2024-10-16 17:00:23','22.3177939','73.1666703','407, Subhanpura, Vadodara, 390023, India','2025-02-25 06:10:55',NULL,NULL,NULL,NULL,'2024-10-16 11:30:24','2025-02-25 06:10:55'),(246,2,'2024-10-16 17:03:23','22.3177957','73.1666659','407, Subhanpura, Vadodara, 390023, India','2025-02-25 06:10:55',NULL,NULL,NULL,NULL,'2024-10-16 11:33:25','2025-02-25 06:10:55'),(247,2,'2024-10-16 17:07:08','22.3178042','73.1666867','407, Subhanpura, Vadodara, 390023, India','2025-02-25 06:10:55',NULL,NULL,NULL,NULL,'2024-10-16 11:37:09','2025-02-25 06:10:55'),(248,2,'2024-10-16 17:45:33','22.3176605','73.1669414','407, Subhanpura, Vadodara, 390023, India','2025-02-25 06:10:55',NULL,NULL,NULL,NULL,'2024-10-16 12:15:35','2025-02-25 06:10:55'),(249,2,'2024-10-16 17:45:33','22.3176605','73.1669414','407, Subhanpura, Vadodara, 390023, India','2025-02-25 06:10:55',NULL,NULL,NULL,NULL,'2024-10-16 12:15:35','2025-02-25 06:10:55'),(250,2,'2024-10-16 18:22:51','22.3177833','73.1666779','407, Subhanpura, Vadodara, 390023, India','2025-02-25 06:10:55',NULL,NULL,NULL,NULL,'2024-10-16 12:52:52','2025-02-25 06:10:55'),(251,2,'2024-10-18 09:30:52','22.3177681','73.1666903','407, Subhanpura, Vadodara, 390023, India','2025-02-25 06:10:55',NULL,NULL,NULL,NULL,'2024-10-18 04:00:54','2025-02-25 06:10:55'),(252,2,'2024-10-18 17:31:02','22.3177461','73.1667453','407, Subhanpura, Vadodara, 390023, India','2025-02-25 06:10:55',NULL,NULL,NULL,NULL,'2024-10-18 12:01:05','2025-02-25 06:10:55'),(253,2,'2024-10-18 17:48:41','22.3178022','73.166666','407, Subhanpura, Vadodara, 390023, India','2025-02-25 06:10:55',NULL,NULL,NULL,NULL,'2024-10-18 12:18:43','2025-02-25 06:10:55'),(254,2,'2024-10-21 10:19:32','22.3177854','73.1666871','407, Subhanpura, Vadodara, 390023, India','2025-02-25 06:10:55',NULL,NULL,NULL,NULL,'2024-10-21 04:49:34','2025-02-25 06:10:55'),(255,2,'2024-10-22 09:57:09','22.3177784','73.1666871','407, Subhanpura, Vadodara, 390023, India','2025-02-25 06:10:55',NULL,NULL,NULL,NULL,'2024-10-22 04:27:10','2025-02-25 06:10:55'),(256,2,'2024-10-22 10:42:32','22.3177905','73.166698','407, Subhanpura, Vadodara, 390023, India','2025-02-25 06:10:55',NULL,NULL,NULL,NULL,'2024-10-22 05:12:33','2025-02-25 06:10:55'),(257,2,'2024-10-22 11:16:30','22.3178229','73.1666404','407, Subhanpura, Vadodara, 390023, India','2025-02-25 06:10:55',NULL,NULL,NULL,NULL,'2024-10-22 05:46:31','2025-02-25 06:10:55'),(258,2,'2024-10-22 11:16:30','22.3178229','73.1666404','407, Subhanpura, Vadodara, 390023, India','2025-02-25 06:10:55',NULL,NULL,NULL,NULL,'2024-10-22 05:46:31','2025-02-25 06:10:55'),(259,2,'2024-10-22 11:35:42','22.3177877','73.1666762','407, Subhanpura, Vadodara, 390023, India','2025-02-25 06:10:55',NULL,NULL,NULL,NULL,'2024-10-22 06:05:44','2025-02-25 06:10:55'),(260,2,'2024-10-22 11:54:42','22.3177987','73.1666779','407, Subhanpura, Vadodara, 390023, India','2025-02-25 06:10:55',NULL,NULL,NULL,NULL,'2024-10-22 06:24:43','2025-02-25 06:10:55'),(261,2,'2024-10-22 11:54:42','22.3177987','73.1666779','407, Subhanpura, Vadodara, 390023, India','2025-02-25 06:10:55',NULL,NULL,NULL,NULL,'2024-10-22 06:24:43','2025-02-25 06:10:55'),(262,2,'2024-10-22 12:03:37','22.3177852','73.1666755','407, Subhanpura, Vadodara, 390023, India','2025-02-25 06:10:55',NULL,NULL,NULL,NULL,'2024-10-22 06:33:37','2025-02-25 06:10:55'),(263,4,'2024-10-22 12:08:52','22.3177636','73.1666916','407, Subhanpura, Vadodara, 390023, India','2024-10-22 13:54:18','22.317772','73.1666952','407, Subhanpura, Vadodara, 390023, India',NULL,'2024-10-22 06:38:53','2024-10-22 08:24:19'),(264,4,'2024-10-22 12:15:44','22.3177838','73.1666865','407, Subhanpura, Vadodara, 390023, India','2024-10-22 14:01:26','22.3177752','73.1666996','407, Subhanpura, Vadodara, 390023, India',NULL,'2024-10-22 06:45:45','2024-10-22 08:31:27'),(265,4,'2024-10-22 12:19:43','22.3177168','73.1667941','407, Subhanpura, Vadodara, 390023, India','2024-10-28 14:37:39','22.3177714','73.1666768','407, Subhanpura, Vadodara, 390023, India',NULL,'2024-10-22 06:49:44','2024-10-28 09:07:40'),(266,4,'2024-10-22 12:22:26','22.3177988','73.1666885','407, Subhanpura, Vadodara, 390023, India','2024-10-28 14:38:15','22.3177562','73.1667123','407, Subhanpura, Vadodara, 390023, India',NULL,'2024-10-22 06:52:27','2024-10-28 09:08:16'),(267,2,'2024-10-22 12:23:38','22.3177852','73.1666755','407, Subhanpura, Vadodara, 390023, India','2025-02-25 06:10:55',NULL,NULL,NULL,NULL,'2024-10-22 06:53:38','2025-02-25 06:10:55'),(268,2,'2024-10-22 12:31:44','22.31778','73.1666969','407, Subhanpura, Vadodara, 390023, India','2025-02-25 06:10:55',NULL,NULL,NULL,NULL,'2024-10-22 07:01:44','2025-02-25 06:10:55'),(269,2,'2024-10-22 12:35:17','22.3177878','73.1666893','407, Subhanpura, Vadodara, 390023, India','2025-02-25 06:10:55',NULL,NULL,NULL,NULL,'2024-10-22 07:05:17','2025-02-25 06:10:55'),(270,4,'2024-10-22 12:45:23','22.3178057','73.1667307','407, Subhanpura, Vadodara, 390023, India','2024-10-28 14:40:15','22.3177597','73.1667025','407, Subhanpura, Vadodara, 390023, India',NULL,'2024-10-22 07:15:24','2024-10-28 09:10:16'),(271,4,'2024-10-22 13:53:05','22.3177957','73.1666695','407, Subhanpura, Vadodara, 390023, India','2024-10-28 14:43:11','22.3177384','73.1667216','407, Subhanpura, Vadodara, 390023, India',NULL,'2024-10-22 08:23:06','2024-10-28 09:13:12'),(272,4,'2024-10-22 13:53:05','22.3177957','73.1666695','407, Subhanpura, Vadodara, 390023, India','2024-10-28 14:43:25','22.3177575','73.1667205','407, Subhanpura, Vadodara, 390023, India',NULL,'2024-10-22 08:23:06','2024-10-28 09:13:26'),(273,4,'2024-10-22 13:54:22','22.3177742','73.1666774','407, Subhanpura, Vadodara, 390023, India','2025-02-25 06:10:55',NULL,NULL,NULL,NULL,'2024-10-22 08:24:23','2025-02-25 06:10:55'),(274,4,'2024-10-22 13:59:10','22.3177924','73.1666747','407, Subhanpura, Vadodara, 390023, India','2025-02-25 06:10:55',NULL,NULL,NULL,NULL,'2024-10-22 08:29:11','2025-02-25 06:10:55'),(275,2,'2024-10-25 10:24:14','22.317775','73.1666795','407, Subhanpura, Vadodara, 390023, India','2025-02-25 06:10:55',NULL,NULL,NULL,NULL,'2024-10-25 04:54:15','2025-02-25 06:10:55'),(276,2,'2024-10-25 10:25:17','22.3177753','73.1666787','407, Subhanpura, Vadodara, 390023, India','2025-02-25 06:10:55',NULL,NULL,NULL,NULL,'2024-10-25 04:55:18','2025-02-25 06:10:55'),(277,2,'2024-10-25 10:25:17','22.3177753','73.1666787','407, Subhanpura, Vadodara, 390023, India','2025-02-25 06:10:55',NULL,NULL,NULL,NULL,'2024-10-25 04:55:18','2025-02-25 06:10:55'),(278,2,'2024-10-25 10:26:50','22.3177774','73.1666738','407, Subhanpura, Vadodara, 390023, India','2025-02-25 06:10:55',NULL,NULL,NULL,NULL,'2024-10-25 04:56:50','2025-02-25 06:10:55'),(279,2,'2024-10-25 10:52:37','22.3178105','73.1666574','88, Jetalpur, Vadodara, 390020, India','2025-02-25 06:10:55',NULL,NULL,NULL,NULL,'2024-10-25 05:22:37','2025-02-25 06:10:55'),(280,9,'2024-10-29 14:34:32','22.3177872','73.1666764','407, Subhanpura, Vadodara, 390023, India','2024-11-05 16:41:57','22.317742','73.1667544','407, Subhanpura, Vadodara, 390023, India',NULL,'2024-10-29 09:04:34','2024-11-05 11:11:57'),(281,8,'2024-11-04 17:27:55','22.3178495','73.1666215','407, Subhanpura, Vadodara, 390023, India','2025-02-25 06:10:55',NULL,NULL,NULL,NULL,'2024-11-04 11:57:56','2025-02-25 06:10:55'),(282,6,'2024-11-05 10:27:41','22.3177877','73.166652','407, Subhanpura, Vadodara, 390023, India','2025-02-25 06:10:55',NULL,NULL,NULL,NULL,'2024-11-05 04:57:42','2025-02-25 06:10:55'),(283,7,'2024-11-05 10:29:43','22.3178163','73.1666415','88, Jetalpur, Vadodara, 390020, India','2025-02-25 06:10:55',NULL,NULL,NULL,NULL,'2024-11-05 04:59:44','2025-02-25 06:10:55'),(284,5,'2024-11-05 10:56:37','22.3178204','73.1666059','407, Subhanpura, Vadodara, 390023, India','2025-02-25 06:10:55',NULL,NULL,NULL,NULL,'2024-11-05 05:26:37','2025-02-25 06:10:55'),(285,9,'2024-11-05 16:42:01','22.317742','73.1667544','407, Subhanpura, Vadodara, 390023, India','2024-11-05 16:42:59','22.3177334','73.1667917','407, Subhanpura, Vadodara, 390023, India',NULL,'2024-11-05 11:12:01','2024-11-05 11:13:00'),(286,9,'2024-11-05 16:43:03','22.3177334','73.1667917','407, Subhanpura, Vadodara, 390023, India','2024-11-05 16:43:07','22.3177407','73.1667549','407, Subhanpura, Vadodara, 390023, India',NULL,'2024-11-05 11:13:03','2024-11-05 11:13:07'),(287,9,'2024-11-08 17:51:43','22.5526798','72.9432491','HW3V+374, Vivekanand Wadi, Anand, 388001, India','2024-11-19 15:58:10','22.3177973','73.1666794','407, Subhanpura, Vadodara, 390023, India',NULL,'2024-11-08 12:21:43','2024-11-19 10:28:11'),(288,9,'2024-11-19 15:58:29','22.3178143','73.1666361','88, Jetalpur, Vadodara, 390020, India','2024-11-19 18:14:47','22.3178122','73.1666511','88, Jetalpur, Vadodara, 390020, India',NULL,'2024-11-19 10:28:30','2024-11-19 12:44:47'),(289,9,'2024-11-19 18:14:50','22.3178122','73.1666511','88, Jetalpur, Vadodara, 390020, India','2024-11-20 17:09:53','22.3177289','73.1667413','407, Subhanpura, Vadodara, 390023, India',NULL,'2024-11-19 12:44:50','2024-11-20 11:39:54'),(290,9,'2024-11-20 17:10:40','22.3177371','73.1667404','407, Subhanpura, Vadodara, 390023, India','2024-11-28 10:42:18','22.3179982','73.1666147','Investis, Subhanpura, Vadodara, 390007, India',NULL,'2024-11-20 11:40:41','2024-11-28 05:12:18'),(291,9,'2024-11-20 17:10:40','22.3177371','73.1667404','407, Subhanpura, Vadodara, 390023, India','2024-12-27 11:17:30','22.3178142','73.1667107','88, Jetalpur, Vadodara, 390020, India',NULL,'2024-11-20 11:40:41','2024-12-27 05:47:30'),(292,9,'2024-12-27 11:17:37','22.3178143','73.1666672','88, Jetalpur, Vadodara, 390020, India','2024-12-27 11:32:56','22.3178404','73.166585','407, Subhanpura, Vadodara, 390023, India',NULL,'2024-12-27 05:47:37','2024-12-27 06:03:02'),(293,10,'2025-01-16 14:56:02','22.3178056','73.1667744','407, Subhanpura, Vadodara, 390023, India','2025-02-25 06:10:55',NULL,NULL,NULL,NULL,'2025-01-16 09:26:04','2025-02-25 06:10:55'),(294,9,'2025-02-24 11:06:51','22.3178401','73.1666461','88, Jetalpur, Vadodara, 390020, India','2025-02-25 11:15:57','22.3178254','73.1667146','88, Jetalpur, Vadodara, 390020, India','cvv','2025-02-24 05:36:52','2025-02-25 05:45:58'),(295,9,'2025-02-25 11:20:52','22.3178815','73.1665995','88, Jetalpur, Vadodara, 390020, India','2025-02-25 06:10:55',NULL,NULL,NULL,NULL,'2025-02-25 05:50:53','2025-02-25 06:10:55'),(296,9,'2025-02-25 11:43:13','22.3178976','73.1666422','88, Jetalpur, Vadodara, 390020, India','2025-02-26 10:56:12','22.3178768','73.1666772','88, Jetalpur, Vadodara, 390020, India','vuvu','2025-02-25 06:13:14','2025-02-26 05:26:13'),(297,2,'2025-02-25 11:44:20','22.3178434','73.1666098','407, Subhanpura, Vadodara, 390023, India','2025-03-07 00:00:02',NULL,NULL,NULL,NULL,'2025-02-25 06:14:21','2025-03-07 00:00:02'),(298,9,'2025-02-26 11:47:32','22.3178717','73.1666801','88, Jetalpur, Vadodara, 390020, India','2025-02-27 12:27:36','22.3178629','73.1666849','88, Jetalpur, Vadodara, 390020, India','nn','2025-02-26 06:17:33','2025-02-27 06:57:38'),(299,3,'2025-02-26 14:15:57','22.3178294','73.1667053','88, Jetalpur, Vadodara, 390020, India','2025-02-26 14:18:42','22.3178345','73.1667271','88, Jetalpur, Vadodara, 390020, India',NULL,'2025-02-26 08:45:58','2025-02-26 08:48:44'),(300,3,'2025-02-26 14:18:52','22.3178485','73.1667238','88, Jetalpur, Vadodara, 390020, India','2025-03-07 00:00:02',NULL,NULL,NULL,NULL,'2025-02-26 08:48:53','2025-03-07 00:00:02'),(301,9,'2025-02-27 12:27:51','22.317857','73.1667063','88, Jetalpur, Vadodara, 390020, India','2025-02-27 14:25:03','22.3178952','73.1666812','88, Jetalpur, Vadodara, 390020, India','yes','2025-02-27 06:57:53','2025-02-27 08:55:04'),(302,9,'2025-02-27 14:25:13','22.317875','73.1666943','88, Jetalpur, Vadodara, 390020, India','2025-02-27 15:04:08','22.3177773','73.1667875','407, Subhanpura, Vadodara, 390023, India','k','2025-02-27 08:55:15','2025-02-27 09:34:09'),(303,4,'2025-02-27 14:55:08','22.3178219','73.1666982','88, Jetalpur, Vadodara, 390020, India','2025-02-27 14:56:44','22.317823','73.1666789','88, Jetalpur, Vadodara, 390020, India','k','2025-02-27 09:25:09','2025-02-27 09:26:46'),(304,9,'2025-02-27 15:06:14','22.3177794','73.1667863','407, Subhanpura, Vadodara, 390023, India','2025-02-27 15:57:34','22.3177695','73.1667891','407, Subhanpura, Vadodara, 390023, India','k','2025-02-27 09:36:16','2025-02-27 10:27:36'),(305,9,'2025-02-27 15:06:14','22.3177794','73.1667863','407, Subhanpura, Vadodara, 390023, India','2025-02-28 11:40:25','22.3178574','73.1666972','88, Jetalpur, Vadodara, 390020, India','e','2025-02-27 09:36:16','2025-02-28 06:10:27'),(306,9,'2025-02-28 17:10:21','22.3178426','73.1666769','88, Jetalpur, Vadodara, 390020, India','2025-03-05 10:24:45','22.3179003','73.1666002','88, Jetalpur, Vadodara, 390020, India','h','2025-02-28 11:40:22','2025-03-05 04:54:47'),(307,9,'2025-03-05 12:00:36','22.3178958','73.1666333','88, Jetalpur, Vadodara, 390020, India','2025-03-05 16:18:33','22.3178147','73.166712','88, Jetalpur, Vadodara, 390020, India',NULL,'2025-03-05 06:30:37','2025-03-05 10:48:35'),(308,9,'2025-03-05 17:21:27','22.3178346','73.1666753','88, Jetalpur, Vadodara, 390020, India','2025-03-06 09:41:38','22.3178754','73.1667323','88, Jetalpur, Vadodara, 390020, India',NULL,'2025-03-05 11:51:29','2025-03-06 04:11:40'),(309,9,'2025-03-06 09:45:10','22.3179024','73.1666882','88, Jetalpur, Vadodara, 390020, India','2025-03-06 10:08:45','22.3178522','73.1666281','88, Jetalpur, Vadodara, 390020, India',NULL,'2025-03-06 04:15:11','2025-03-06 04:38:46'),(310,9,'2025-03-06 10:19:25','22.317905','73.1665946','88, Jetalpur, Vadodara, 390020, India','2025-03-06 10:19:40','22.3178987','73.1666656','88, Jetalpur, Vadodara, 390020, India',NULL,'2025-03-06 04:49:26','2025-03-06 04:49:42'),(311,9,'2025-03-06 12:39:24','22.3179035','73.1666403','88, Jetalpur, Vadodara, 390020, India','2025-03-06 13:01:31','22.3179214','73.1666329','88, Jetalpur, Vadodara, 390020, India',NULL,'2025-03-06 07:09:25','2025-03-06 07:31:33'),(312,9,'2025-03-06 13:02:15','22.3178147','73.1666952','88, Jetalpur, Vadodara, 390020, India','2025-03-06 16:37:48','22.3177791','73.1667974','407, Subhanpura, Vadodara, 390023, India',NULL,'2025-03-06 07:32:16','2025-03-06 11:07:50'),(313,9,'2025-03-06 16:39:16','22.3177571','73.1668014','407, Subhanpura, Vadodara, 390023, India','2025-03-07 00:00:02',NULL,NULL,NULL,NULL,'2025-03-06 11:09:17','2025-03-07 00:00:02'),(314,2,'2025-03-07 10:35:42','22.3177957','73.1667029','407, Subhanpura, Vadodara, 390023, India','2025-03-08 00:00:02',NULL,NULL,NULL,NULL,'2025-03-07 05:05:44','2025-03-08 00:00:02'),(315,9,'2025-03-07 17:10:52','22.3178324','73.1667023','88, Jetalpur, Vadodara, 390020, India','2025-03-08 00:00:02',NULL,NULL,NULL,NULL,'2025-03-07 11:40:52','2025-03-08 00:00:02'),(316,2,'2025-03-10 15:16:25','22.3179167','73.166597','88, Jetalpur, Vadodara, 390020, India','2025-03-11 00:00:03',NULL,NULL,NULL,NULL,'2025-03-10 09:46:27','2025-03-11 00:00:03'),(317,2,'2025-03-11 11:19:47','22.3178933','73.1666831','88, Jetalpur, Vadodara, 390020, India','2025-03-12 00:00:02',NULL,NULL,NULL,NULL,'2025-03-11 05:49:48','2025-03-12 00:00:02'),(318,9,'2025-03-11 15:05:35','22.31795','73.1665497','Investis, Subhanpura, Vadodara, 390007, India','2025-03-12 00:00:02',NULL,NULL,NULL,NULL,'2025-03-11 09:35:34','2025-03-12 00:00:02'),(319,2,'2025-03-12 09:35:15','22.3178573','73.1666901','407, Subhanpura, Vadodara, 390023, India','2025-03-12 11:12:34','22.3179148','73.1666486','88, Jetalpur, Vadodara, 390020, India',NULL,'2025-03-12 04:05:16','2025-03-12 05:42:35'),(320,9,'2025-03-12 10:37:49','22.3179348','73.1665624','Investis, Subhanpura, Vadodara, 390007, India','2025-03-12 14:07:32','22.3178214','73.1666439','88, Jetalpur, Vadodara, 390020, India',NULL,'2025-03-12 05:07:50','2025-03-12 08:37:34'),(321,2,'2025-03-12 11:33:36','22.3178552','73.1667509','407, Subhanpura, Vadodara, 390023, India','2025-03-13 00:00:02',NULL,NULL,NULL,NULL,'2025-03-12 06:03:37','2025-03-13 00:00:02'),(322,9,'2025-03-12 14:07:59','22.3179332','73.1666693','88, Jetalpur, Vadodara, 390020, India','2025-03-13 00:00:02',NULL,NULL,NULL,NULL,'2025-03-12 08:38:01','2025-03-13 00:00:02'),(323,9,'2025-03-13 10:21:03','22.317795','73.1667865','407, Subhanpura, Vadodara, 390023, India','2025-03-14 00:00:02',NULL,NULL,NULL,NULL,'2025-03-13 04:51:03','2025-03-14 00:00:02'),(324,2,'2025-03-13 14:12:15','22.3179232','73.1665491','Investis, Subhanpura, Vadodara, 390007, India','2025-03-14 00:00:02',NULL,NULL,NULL,NULL,'2025-03-13 08:42:15','2025-03-14 00:00:02'),(325,2,'2025-03-17 14:49:33','22.3179462','73.1665666','Investis, Subhanpura, Vadodara, 390007, India','2025-03-18 00:00:02',NULL,NULL,NULL,NULL,'2025-03-17 09:19:34','2025-03-18 00:00:02'),(326,2,'2025-03-19 12:20:50','22.3178982','73.1666576','88, Jetalpur, Vadodara, 390020, India','2025-03-19 16:50:58','22.3178478','73.1667201','407, Subhanpura, Vadodara, 390023, India',NULL,'2025-03-19 06:50:49','2025-03-19 11:21:00'),(327,9,'2025-03-19 14:06:07','22.3179281','73.1665441','Investis, Subhanpura, Vadodara, 390007, India','2025-03-19 16:43:30','22.3178979','73.1666162','88, Jetalpur, Vadodara, 390020, India',NULL,'2025-03-19 08:36:06','2025-03-19 11:13:30'),(328,9,'2025-03-19 16:43:40','22.3178766','73.1666743','88, Jetalpur, Vadodara, 390020, India','2025-03-20 00:00:02',NULL,NULL,NULL,NULL,'2025-03-19 11:13:41','2025-03-20 00:00:02'),(329,2,'2025-03-19 16:52:08','22.31787','73.166655','407, Subhanpura, Vadodara, 390023, India','2025-03-19 16:52:19','22.3178448','73.1667139','407, Subhanpura, Vadodara, 390023, India',NULL,'2025-03-19 11:22:10','2025-03-19 11:22:20'),(330,2,'2025-03-19 16:52:30','22.3179077','73.1665937','88, Jetalpur, Vadodara, 390020, India','2025-03-20 00:00:02',NULL,NULL,NULL,NULL,'2025-03-19 11:22:31','2025-03-20 00:00:02'),(331,9,'2025-04-08 16:18:47','22.3178694','73.1666141','88, Jetalpur, Vadodara, 390020, India','2025-04-08 16:18:49','22.3178694','73.1666141','88, Jetalpur, Vadodara, 390020, India',NULL,'2025-04-08 10:48:45','2025-04-08 10:48:47'),(332,9,'2025-04-08 16:21:17','22.3178747','73.1665774','Investis, Subhanpura, Vadodara, 390007, India','2025-04-08 17:15:31','22.3179358','73.1665623','Investis, Subhanpura, Vadodara, 390007, India',NULL,'2025-04-08 10:51:16','2025-04-08 11:45:29'),(333,2,'2025-04-08 16:48:41','22.3178907','73.1666227','88, Jetalpur, Vadodara, 390020, India','2025-04-09 00:00:02',NULL,NULL,NULL,NULL,'2025-04-08 11:18:40','2025-04-09 00:00:02'),(334,9,'2025-04-08 17:18:27','22.55273','72.9432084','B1516, Hari Om Nagar, Anand, 388001, India','2025-04-08 17:28:01','22.5527364','72.9432314','B1516, Hari Om Nagar, Anand, 388001, India',NULL,'2025-04-08 11:48:28','2025-04-08 11:58:02'),(335,9,'2025-04-08 17:28:39','22.5527775','72.9432026','B1516, Hari Om Nagar, Anand, 388001, India','2025-04-08 17:29:42','22.5526961','72.9432337','B1516, Hari Om Nagar, Anand, 388001, India',NULL,'2025-04-08 11:58:40','2025-04-08 11:59:44'),(336,9,'2025-04-08 17:31:25','22.5527656','72.9432505','G14, Vivekanand Wadi, Anand, 388001, India','2025-04-08 18:02:48','22.5526934','72.943292','HW3V+374, Vivekanand Wadi, Anand, 388001, India',NULL,'2025-04-08 12:01:26','2025-04-08 12:32:50'),(337,2,'2025-04-24 15:36:47','22.3178783','73.1666299','88, Jetalpur, Vadodara, 390020, India','2025-04-24 15:37:41','22.3178776','73.1666753','88, Jetalpur, Vadodara, 390020, India',NULL,'2025-04-24 10:06:46','2025-04-24 10:07:40'),(338,2,'2025-04-24 17:28:17','22.3178868','73.1666168','88, Jetalpur, Vadodara, 390020, India','2025-04-25 00:00:06',NULL,NULL,NULL,NULL,'2025-04-24 11:58:15','2025-04-25 00:00:06'),(339,2,'2025-04-25 10:47:38','22.31786','73.1666508','88, Jetalpur, Vadodara, 390020, India','2025-04-25 15:15:14','22.3178894','73.1666322','Investis, Subhanpura, Vadodara, 390007, India',NULL,'2025-04-25 05:17:37','2025-04-25 09:45:16'),(340,9,'2025-04-25 12:30:43','22.3179061','73.1666016','88, Jetalpur, Vadodara, 390020, India','2025-04-26 00:00:06',NULL,NULL,NULL,NULL,'2025-04-25 07:00:41','2025-04-26 00:00:06'),(341,2,'2025-04-25 15:51:14','22.3179028','73.166594','Investis, Subhanpura, Vadodara, 390007, India','2025-04-25 15:51:36','22.3178802','73.1666138','Investis, Subhanpura, Vadodara, 390007, India',NULL,'2025-04-25 10:21:16','2025-04-25 10:21:38'),(342,2,'2025-04-25 15:52:35','22.3178977','73.1666169','Investis, Subhanpura, Vadodara, 390007, India','2025-04-25 15:52:45','22.3178881','73.1666195','Investis, Subhanpura, Vadodara, 390007, India',NULL,'2025-04-25 10:22:36','2025-04-25 10:22:48'),(343,2,'2025-04-25 15:55:44','22.3178973','73.1666131','Investis, Subhanpura, Vadodara, 390007, India','2025-04-25 16:23:39','22.317825','73.1667339','88, Jetalpur, Vadodara, 390020, India',NULL,'2025-04-25 10:25:45','2025-04-25 10:53:42'),(344,2,'2025-04-25 16:23:52','22.3177966','73.1667659','407, Subhanpura, Vadodara, 390023, India','2025-04-26 00:00:06',NULL,NULL,NULL,NULL,'2025-04-25 10:53:53','2025-04-26 00:00:06'),(345,9,'2025-04-28 10:13:28','22.3178884','73.1666434','88, Jetalpur, Vadodara, 390020, India','2025-04-29 00:00:06',NULL,NULL,NULL,NULL,'2025-04-28 04:43:30','2025-04-29 00:00:06'),(346,2,'2025-04-28 15:08:02','22.3178981','73.1666154','88, Jetalpur, Vadodara, 390020, India','2025-04-28 15:09:38','22.31789','73.1666028','88, Jetalpur, Vadodara, 390020, India',NULL,'2025-04-28 09:38:05','2025-04-28 09:39:41'),(347,2,'2025-04-28 15:10:24','22.3179032','73.1665956','88, Jetalpur, Vadodara, 390020, India','2025-04-28 15:11:59','22.3178968','73.1666328','88, Jetalpur, Vadodara, 390020, India',NULL,'2025-04-28 09:40:26','2025-04-28 09:42:03'),(348,2,'2025-04-28 15:54:30','22.3178534','73.1667017','88, Jetalpur, Vadodara, 390020, India','2025-04-29 00:00:06',NULL,NULL,NULL,NULL,'2025-04-28 10:24:32','2025-04-29 00:00:06'),(349,2,'2025-04-29 12:20:51','22.3177038','73.1667701','407, Subhanpura, Vadodara, 390023, India','2025-04-30 00:00:06',NULL,NULL,NULL,NULL,'2025-04-29 06:50:52','2025-04-30 00:00:06'),(350,2,'2025-04-30 14:36:36','22.3178008','73.1667375','407, Subhanpura, Vadodara, 390023, India','2025-05-01 00:00:03',NULL,NULL,NULL,NULL,'2025-04-30 09:06:37','2025-05-01 00:00:03'),(351,2,'2025-05-01 09:25:34','22.3178598','73.1666083','Investis, Subhanpura, Vadodara, 390007, India','2025-05-02 00:00:03',NULL,NULL,NULL,NULL,'2025-05-01 03:55:34','2025-05-02 00:00:03'),(352,2,'2025-05-02 13:16:14','22.3178216','73.166686','88, Jetalpur, Vadodara, 390020, India','2025-05-03 00:00:03',NULL,NULL,NULL,NULL,'2025-05-02 07:46:16','2025-05-03 00:00:03'),(353,9,'2025-05-02 14:14:23','22.317864','73.1665767','Investis, Subhanpura, Vadodara, 390007, India','2025-05-02 17:10:50','22.3179022','73.1666141','88, Jetalpur, Vadodara, 390020, India',NULL,'2025-05-02 08:44:20','2025-05-02 11:40:47'),(354,9,'2025-05-02 17:12:47','22.3179147','73.1665897','88, Jetalpur, Vadodara, 390020, India','2025-05-03 00:00:03',NULL,NULL,NULL,NULL,'2025-05-02 11:42:44','2025-05-03 00:00:03'),(355,9,'2025-05-06 10:23:41','22.317866','73.1665896','88, Jetalpur, Vadodara, 390020, India','2025-05-06 11:24:15','22.3178517','73.1666061','88, Jetalpur, Vadodara, 390020, India',NULL,'2025-05-06 04:53:40','2025-05-06 05:54:14'),(356,9,'2025-05-06 12:22:54','22.3178083','73.1666214','407, Subhanpura, Vadodara, 390023, India','2025-05-06 12:23:00','22.3177731','73.1666092','407, Subhanpura, Vadodara, 390023, India',NULL,'2025-05-06 06:52:53','2025-05-06 06:53:00'),(357,9,'2025-05-06 12:22:54','22.3178083','73.1666214','407, Subhanpura, Vadodara, 390023, India','2025-05-07 00:00:03',NULL,NULL,NULL,NULL,'2025-05-06 06:52:53','2025-05-07 00:00:03'),(358,9,'2025-05-12 14:56:02','22.3177736','73.1667724','407, Subhanpura, Vadodara, 390023, India','2025-05-12 18:35:48','22.5527386','72.9432291','B1516, Hari Om Nagar, Anand, 388001, India',NULL,'2025-05-12 09:26:00','2025-05-12 13:05:50'),(359,9,'2025-05-12 18:36:58','22.5527657','72.943222','B1516, Hari Om Nagar, Anand, 388001, India','2025-05-12 19:48:30','22.5528084','72.9430167','HW3V+463, Vivekanand Wadi, Anand, 388120, India',NULL,'2025-05-12 13:06:59','2025-05-12 14:18:32'),(360,9,'2025-05-12 20:09:19','22.5528003','72.943038','HW3V+463, Vivekanand Wadi, Anand, 388120, India','2025-05-12 20:09:38','22.552835','72.94303','HW3V+463, Vivekanand Wadi, Anand, 388120, India',NULL,'2025-05-12 14:39:19','2025-05-12 14:39:40'),(361,9,'2025-05-13 11:08:11','22.5527471','72.9431944','B1516, Hari Om Nagar, Anand, 388001, India','2025-05-13 11:11:45','22.5527455','72.9432319','B1516, Hari Om Nagar, Anand, 388001, India',NULL,'2025-05-13 05:38:11','2025-05-13 05:41:46'),(362,2,'2025-05-13 11:14:05','22.3176674','73.1668012','407, Subhanpura, Vadodara, 390023, India','2025-05-13 11:14:36','22.3177752','73.1667895','407, Subhanpura, Vadodara, 390023, India',NULL,'2025-05-13 05:43:59','2025-05-13 05:44:31'),(363,9,'2025-05-13 11:22:37','22.552753','72.9431992','B1516, Hari Om Nagar, Anand, 388001, India','2025-05-13 11:41:51','22.5527587','72.9431628','B1516, Hari Om Nagar, Anand, 388001, India',NULL,'2025-05-13 05:52:37','2025-05-13 06:11:52'),(364,2,'2025-05-13 11:22:51','22.3177524','73.1667882','407, Subhanpura, Vadodara, 390023, India','2025-05-13 11:42:07','22.3177041','73.166797','407, Subhanpura, Vadodara, 390023, India',NULL,'2025-05-13 05:52:45','2025-05-13 06:12:04'),(365,2,'2025-05-13 18:34:35','22.3177355','73.1667318','407, Subhanpura, Vadodara, 390023, India','2025-05-14 00:00:04',NULL,NULL,NULL,NULL,'2025-05-13 13:04:35','2025-05-14 00:00:04'),(366,2,'2025-05-16 12:58:17','22.3178178','73.1665719','Investis, Subhanpura, Vadodara, 390007, India','2025-05-17 00:00:02',NULL,NULL,NULL,NULL,'2025-05-16 07:28:18','2025-05-17 00:00:03'),(367,9,'2025-05-16 15:11:09','22.3178442','73.1666066','407, Subhanpura, Vadodara, 390023, India','2025-05-17 00:00:02',NULL,NULL,NULL,NULL,'2025-05-16 09:41:08','2025-05-17 00:00:03'),(368,9,'2025-05-26 11:25:51','22.3178622','73.1666432','88, Jetalpur, Vadodara, 390020, India','2025-05-27 00:00:03',NULL,NULL,NULL,NULL,'2025-05-26 05:55:52','2025-05-27 00:00:03'),(369,9,'2025-05-27 12:40:16','22.317842','73.166578','Investis, Subhanpura, Vadodara, 390007, India','2025-05-27 12:51:38','22.3177839','73.1665904','407, Subhanpura, Vadodara, 390023, India',NULL,'2025-05-27 07:10:15','2025-05-27 07:21:37'),(370,9,'2025-05-27 17:48:51','22.3177848','73.1666142','407, Subhanpura, Vadodara, 390023, India','2025-05-28 00:00:03',NULL,NULL,NULL,NULL,'2025-05-27 12:18:52','2025-05-28 00:00:03'),(371,9,'2025-05-31 19:07:05','22.5527547','72.9432252','B1516, Hari Om Nagar, Anand, 388001, India','2025-05-31 19:13:43','22.5527576','72.9432184','B1516, Hari Om Nagar, Anand, 388001, India',NULL,'2025-05-31 13:37:06','2025-05-31 13:43:44'),(372,9,'2025-05-31 19:33:45','22.552752','72.9432243','B1516, Hari Om Nagar, Anand, 388001, India','2025-06-01 00:00:05',NULL,NULL,NULL,NULL,'2025-05-31 14:03:46','2025-06-01 00:00:05'),(373,9,'2025-06-04 14:48:01','22.3177445','73.1664937','407, Subhanpura, Vadodara, 390023, India','2025-06-04 15:35:39','22.3177491','73.1665099','407, Subhanpura, Vadodara, 390023, India',NULL,'2025-06-04 09:18:02','2025-06-04 10:05:40'),(374,9,'2025-06-04 15:36:31','22.3177771','73.1665241','407, Subhanpura, Vadodara, 390023, India','2025-06-05 00:00:04',NULL,NULL,NULL,NULL,'2025-06-04 10:06:32','2025-06-05 00:00:04'),(375,9,'2025-06-09 16:53:01','22.3177703','73.1665366','407, Subhanpura, Vadodara, 390023, India','2025-06-09 16:56:44','22.3177782','73.1665482','407, Subhanpura, Vadodara, 390023, India',NULL,'2025-06-09 11:23:04','2025-06-09 11:26:46'),(376,9,'2025-06-11 17:13:46','22.5527521','72.9432346','B1516, Hari Om Nagar, Anand, 388001, India','2025-06-11 17:21:42','22.5526784','72.9432778','HW3V+374, Vivekanand Wadi, Anand, 388001, India',NULL,'2025-06-11 11:43:46','2025-06-11 11:51:43'),(377,9,'2025-06-16 14:08:46','22.5527539','72.9432191','B1516, Hari Om Nagar, Anand, 388001, India','2025-06-16 14:13:12','22.5527575','72.9432238','B1516, Hari Om Nagar, Anand, 388001, India',NULL,'2025-06-16 08:38:47','2025-06-16 08:43:14'),(378,9,'2025-06-17 15:39:10','22.5527698','72.9432197','B1516, Hari Om Nagar, Anand, 388001, India','2025-06-18 00:00:04',NULL,NULL,NULL,NULL,'2025-06-17 10:09:10','2025-06-18 00:00:04'),(379,2,'2025-06-18 15:21:45','22.3177857','73.1665206','407, Subhanpura, Vadodara, 390023, India','2025-06-19 00:00:03',NULL,NULL,NULL,NULL,'2025-06-18 09:51:47','2025-06-19 00:00:03'),(380,2,'2025-06-19 10:23:26','22.3177536','73.1665125','407, Subhanpura, Vadodara, 390023, India','2025-06-19 10:23:44','22.317732','73.1665295','407, Subhanpura, Vadodara, 390023, India',NULL,'2025-06-19 04:53:27','2025-06-19 04:53:45'),(381,2,'2025-06-20 17:33:31','37.785834','-122.406417','216 Ellis St, Union Square, San Francisco, 94108, United States','2025-06-21 00:00:03',NULL,NULL,NULL,NULL,'2025-06-20 12:03:32','2025-06-21 00:00:03'),(382,2,'2025-06-27 10:40:38','37.785834','-122.406417','216 Ellis St, Union Square, San Francisco, 94108, United States','2025-06-28 00:00:03',NULL,NULL,NULL,NULL,'2025-06-27 05:10:39','2025-06-28 00:00:03'),(383,2,'2025-06-28 12:18:31','37.452728271484375','-121.9201431274414','1606 Hidden Creek Ln, , Milpitas, 95035, United States','2025-06-29 00:00:04',NULL,NULL,NULL,NULL,'2025-06-28 11:18:32','2025-06-29 00:00:04'),(384,2,'2025-06-30 16:41:55','37.785834','-122.406417','216 Ellis St, Union Square, San Francisco, 94108, United States','2025-07-01 00:00:03',NULL,NULL,NULL,NULL,'2025-06-30 11:11:56','2025-07-01 00:00:03'),(385,2,'2025-07-01 14:33:15','37.785834','-122.406417','216 Ellis St, Union Square, San Francisco, 94108, United States','2025-07-02 00:00:04',NULL,NULL,NULL,NULL,'2025-07-01 09:03:16','2025-07-02 00:00:04');
/*!40000 ALTER TABLE `routes` ENABLE KEYS */;
UNLOCK TABLES;

--
-- Table structure for table `sessions`
--

DROP TABLE IF EXISTS `sessions`;
/*!40101 SET @saved_cs_client     = @@character_set_client */;
/*!50503 SET character_set_client = utf8mb4 */;
CREATE TABLE `sessions` (
  `id` varchar(255) COLLATE utf8mb4_unicode_ci NOT NULL,
  `user_id` bigint unsigned DEFAULT NULL,
  `ip_address` varchar(45) COLLATE utf8mb4_unicode_ci DEFAULT NULL,
  `user_agent` text COLLATE utf8mb4_unicode_ci,
  `payload` longtext COLLATE utf8mb4_unicode_ci NOT NULL,
  `last_activity` int NOT NULL,
  PRIMARY KEY (`id`),
  KEY `sessions_user_id_index` (`user_id`),
  KEY `sessions_last_activity_index` (`last_activity`)
) ENGINE=InnoDB DEFAULT CHARSET=utf8mb4 COLLATE=utf8mb4_unicode_ci;
/*!40101 SET character_set_client = @saved_cs_client */;

--
-- Dumping data for table `sessions`
--

LOCK TABLES `sessions` WRITE;
/*!40000 ALTER TABLE `sessions` DISABLE KEYS */;
INSERT INTO `sessions` VALUES ('3hkhB29GJ1z3HzhPtoedk27aEDVaHLpefkel3Fbe',NULL,'104.164.126.89','Mozilla/5.0 (Macintosh; Intel Mac OS X 10_15_7) AppleWebKit/537.36 (KHTML, like Gecko) Chrome/116.0.0.0 Safari/537.36','YTozOntzOjY6Il90b2tlbiI7czo0MDoiUFAxbWJGblllRWFlc3M2bEl0RkRNaGRJd0NWbVl3TVkwRkdTS3l4NyI7czo5OiJfcHJldmlvdXMiO2E6MTp7czozOiJ1cmwiO3M6NDU6Imh0dHBzOi8vbnV0dG96Lm5pdmlkYXNvZnR3YXJlLmNvbS9hZG1pbi9sb2dpbiI7fXM6NjoiX2ZsYXNoIjthOjI6e3M6Mzoib2xkIjthOjA6e31zOjM6Im5ldyI7YTowOnt9fX0=',1752115277),('6GqpskCvcBCcuMVpzgv1k5q8QmnU0pH45gGcNnmN',NULL,'103.4.250.217','Mozilla/5.0 (X11; Linux x86_64) AppleWebKit/537.36 (KHTML, like Gecko) Chrome/116.0.0.0 Safari/537.36','YTozOntzOjY6Il90b2tlbiI7czo0MDoiNjgwRDRyWmR0VmhQcTUxY1QzYUM5dkF1Zk12OEFqblQ3VTlEZENaUyI7czo5OiJfcHJldmlvdXMiO2E6MTp7czozOiJ1cmwiO3M6MzM6Imh0dHBzOi8vbnV0dG96Lm5pdmlkYXNvZnR3YXJlLmNvbSI7fXM6NjoiX2ZsYXNoIjthOjI6e3M6Mzoib2xkIjthOjA6e31zOjM6Im5ldyI7YTowOnt9fX0=',1752119820),('8lcAKwu8Qg2C8KAdt1RojGgHHbsWtYp37HpKGNnE',NULL,'103.4.250.91','Mozilla/5.0 (Macintosh; Intel Mac OS X 10_15_7) AppleWebKit/537.36 (KHTML, like Gecko) Chrome/117.0.0.0 Safari/537.36','YTozOntzOjY6Il90b2tlbiI7czo0MDoiWmJyWjczYXRYV2Ixc2dJc0M0RlhDN1dsMjRWUDVKdDFFalhsbXNRTyI7czo5OiJfcHJldmlvdXMiO2E6MTp7czozOiJ1cmwiO3M6NDU6Imh0dHBzOi8vbnV0dG96Lm5pdmlkYXNvZnR3YXJlLmNvbS9hZG1pbi9sb2dpbiI7fXM6NjoiX2ZsYXNoIjthOjI6e3M6Mzoib2xkIjthOjA6e31zOjM6Im5ldyI7YTowOnt9fX0=',1752121956),('CSQolkGN4F06szgw2Ma7hPsWkQam9rmeFHgy40d1',NULL,'104.252.191.206','Mozilla/5.0 (Macintosh; Intel Mac OS X 10_15_7) AppleWebKit/537.36 (KHTML, like Gecko) Chrome/116.0.0.0 Safari/537.36','YTozOntzOjY6Il90b2tlbiI7czo0MDoiR3BlVzA2NzczVVc4OExYWFhlNXpreTFqdmkyNjJ4SEhRb0hSYzZ0YiI7czo5OiJfcHJldmlvdXMiO2E6MTp7czozOiJ1cmwiO3M6NDU6Imh0dHBzOi8vbnV0dG96Lm5pdmlkYXNvZnR3YXJlLmNvbS9hZG1pbi9sb2dpbiI7fXM6NjoiX2ZsYXNoIjthOjI6e3M6Mzoib2xkIjthOjA6e31zOjM6Im5ldyI7YTowOnt9fX0=',1752115274),('EbMluScsrh7uPEejR6JciYL0l8xZ73yBODpYvNph',NULL,'146.70.134.48','Mozilla/5.0 (Windows NT 10.0; Win64; x64) AppleWebKit/537.36 (KHTML, like Gecko) Chrome/137.0.0.0 Safari/537.36','YTozOntzOjY6Il90b2tlbiI7czo0MDoiTVNsR2l4NmVBTnNBeWRvYWJvVVNHWU9UYmpsZkRwcjJuM2VycWRTeSI7czo5OiJfcHJldmlvdXMiO2E6MTp7czozOiJ1cmwiO3M6NDU6Imh0dHBzOi8vbnV0dG96Lm5pdmlkYXNvZnR3YXJlLmNvbS9hZG1pbi9sb2dpbiI7fXM6NjoiX2ZsYXNoIjthOjI6e3M6Mzoib2xkIjthOjA6e31zOjM6Im5ldyI7YTowOnt9fX0=',1752123539),('fl7tWTwSF5qNjXxaDAp979Kgljb3sFBBWFcYRpHT',NULL,'103.4.250.217','Mozilla/5.0 (Macintosh; Intel Mac OS X 10_15_7) AppleWebKit/537.36 (KHTML, like Gecko) Chrome/117.0.0.0 Safari/537.36','YTozOntzOjY6Il90b2tlbiI7czo0MDoiM0FTTWtEMDl4MVJyeDY1ODNhUzlBN1FpektidU5uTzdEdU82T1lDayI7czo5OiJfcHJldmlvdXMiO2E6MTp7czozOiJ1cmwiO3M6NDU6Imh0dHBzOi8vbnV0dG96Lm5pdmlkYXNvZnR3YXJlLmNvbS9hZG1pbi9sb2dpbiI7fXM6NjoiX2ZsYXNoIjthOjI6e3M6Mzoib2xkIjthOjA6e31zOjM6Im5ldyI7YTowOnt9fX0=',1752119797),('jEdDItyCFm3dVq6xhJ2Als40vK4cpSfWK1dAEOzx',NULL,'103.4.250.91','Mozilla/5.0 (Macintosh; Intel Mac OS X 10_15_7) AppleWebKit/537.36 (KHTML, like Gecko) Chrome/117.0.0.0 Safari/537.36','YTozOntzOjY6Il90b2tlbiI7czo0MDoiWXBYeUNJWlV3SUsxbUtrM08zNjE0T0N1ZktveTNPMEVBbEpIT3V4eCI7czo5OiJfcHJldmlvdXMiO2E6MTp7czozOiJ1cmwiO3M6MzM6Imh0dHBzOi8vbnV0dG96Lm5pdmlkYXNvZnR3YXJlLmNvbSI7fXM6NjoiX2ZsYXNoIjthOjI6e3M6Mzoib2xkIjthOjA6e31zOjM6Im5ldyI7YTowOnt9fX0=',1752121982),('Let7Ic1cZSFeADjBBIfE3K701hz7fxDHrL0t3odo',NULL,'104.252.191.206','Mozilla/5.0 (X11; Linux x86_64) AppleWebKit/537.36 (KHTML, like Gecko) Chrome/117.0.0.0 Safari/537.36','YTozOntzOjY6Il90b2tlbiI7czo0MDoicEdvUXdjRTVSZ04wYlJKdU5oMjczNTZ0dkFwa3g0Q213ek9jUUMzeiI7czo5OiJfcHJldmlvdXMiO2E6MTp7czozOiJ1cmwiO3M6MzM6Imh0dHBzOi8vbnV0dG96Lm5pdmlkYXNvZnR3YXJlLmNvbSI7fXM6NjoiX2ZsYXNoIjthOjI6e3M6Mzoib2xkIjthOjA6e31zOjM6Im5ldyI7YTowOnt9fX0=',1752115304),('LliqVEeHIY4yBoa3hmZHesTKti0KA67MPOrrkwOo',NULL,'154.28.229.62','Mozilla/5.0 (X11; Linux x86_64) AppleWebKit/537.36 (KHTML, like Gecko) Chrome/117.0.0.0 Safari/537.36','YTozOntzOjY6Il90b2tlbiI7czo0MDoiM0F4Y0pzVFlhRTUwRTV3bTVnZTkwYkVDbUlqdkhoclp3RTdzajNNWCI7czo5OiJfcHJldmlvdXMiO2E6MTp7czozOiJ1cmwiO3M6NDU6Imh0dHBzOi8vbnV0dG96Lm5pdmlkYXNvZnR3YXJlLmNvbS9hZG1pbi9sb2dpbiI7fXM6NjoiX2ZsYXNoIjthOjI6e3M6Mzoib2xkIjthOjA6e31zOjM6Im5ldyI7YTowOnt9fX0=',1752119797),('lx3vsFS6PXpo48LyKFPIAVsRS2Gn9tic7sFsgvWr',NULL,'146.70.185.32','Mozilla/5.0 (Windows NT 10.0; Win64; x64) AppleWebKit/537.36 (KHTML, like Gecko) Chrome/58.0.3029.110 Safari/537.3','YToyOntzOjY6Il90b2tlbiI7czo0MDoiSHF2S3Z2MGJCQmJhdncwVk1Oa0pHOFVoRk1OdnZBUHlYZWpxWDVNSSI7czo2OiJfZmxhc2giO2E6Mjp7czozOiJvbGQiO2E6MDp7fXM6MzoibmV3IjthOjA6e319fQ==',1752115972),('mVbpxXAmfnCVTZMt1pJPnOgR2pw2tTa1EvU0Rkz7',NULL,'31.97.153.61','Mozilla/5.0 (Windows NT 10.0; Win64; x64) AppleWebKit/537.36 (KHTML, like Gecko) Chrome/132.0.0.0 Safari/537.36 GLS/100.10.9939.100','YTozOntzOjY6Il90b2tlbiI7czo0MDoiOXpFcExJNHhsNkZ6ZmdlblFld3BDeDBPQUtqdGhRc3Z3QlZPQTViUiI7czo5OiJfcHJldmlvdXMiO2E6MTp7czozOiJ1cmwiO3M6NDU6Imh0dHBzOi8vbnV0dG96Lm5pdmlkYXNvZnR3YXJlLmNvbS9hZG1pbi9sb2dpbiI7fXM6NjoiX2ZsYXNoIjthOjI6e3M6Mzoib2xkIjthOjA6e31zOjM6Im5ldyI7YTowOnt9fX0=',1752115186),('PR994tWQVI3VJkajo2xWQkipghEn3jZbEHBYUNrv',NULL,'134.209.16.129','Mozilla/5.0 (X11; Linux x86_64) AppleWebKit/537.36 (KHTML, like Gecko) Chrome/137.0.0.0 Safari/537.36','YTozOntzOjY6Il90b2tlbiI7czo0MDoiOVNKd3NVN0ZUa2lPOGRFdWFjWDYyb2d2QmZxZHFtT1Y4VHo5Z1paRSI7czo5OiJfcHJldmlvdXMiO2E6MTp7czozOiJ1cmwiO3M6NDU6Imh0dHBzOi8vbnV0dG96Lm5pdmlkYXNvZnR3YXJlLmNvbS9hZG1pbi9sb2dpbiI7fXM6NjoiX2ZsYXNoIjthOjI6e3M6Mzoib2xkIjthOjA6e31zOjM6Im5ldyI7YTowOnt9fX0=',1752132876),('qaOrEBZ0Z5DnJXiDGil1Gqmq3ZFFykE0iMyupWwx',NULL,'31.97.153.61','Mozilla/5.0 (Windows NT 10.0; Win64; x64) AppleWebKit/537.36 (KHTML, like Gecko) Chrome/132.0.0.0 Safari/537.36 GLS/100.10.9939.100','YTozOntzOjY6Il90b2tlbiI7czo0MDoiNTBZem9mVlRadkNjMmRHQU5VOU9hNG1ZQlZDZHlEV0FOcUJtUTRpNCI7czo5OiJfcHJldmlvdXMiO2E6MTp7czozOiJ1cmwiO3M6MzM6Imh0dHBzOi8vbnV0dG96Lm5pdmlkYXNvZnR3YXJlLmNvbSI7fXM6NjoiX2ZsYXNoIjthOjI6e3M6Mzoib2xkIjthOjA6e31zOjM6Im5ldyI7YTowOnt9fX0=',1752115185),('QBN1PXWl5qDdKpEKg2DneFeHT9WNXuHl1PHMEWKC',NULL,'103.4.251.100','Mozilla/5.0 (Windows NT 10.0; Win64; x64) AppleWebKit/537.36 (KHTML, like Gecko) Chrome/116.0.0.0 Safari/537.36','YTozOntzOjY6Il90b2tlbiI7czo0MDoiV0FDa25Hd0xqc3dHRnk5T0hSRTFnR1BMMXVYNnlIZVNzWndnQkR5YyI7czo5OiJfcHJldmlvdXMiO2E6MTp7czozOiJ1cmwiO3M6NDU6Imh0dHBzOi8vbnV0dG96Lm5pdmlkYXNvZnR3YXJlLmNvbS9hZG1pbi9sb2dpbiI7fXM6NjoiX2ZsYXNoIjthOjI6e3M6Mzoib2xkIjthOjA6e31zOjM6Im5ldyI7YTowOnt9fX0=',1752121956);
/*!40000 ALTER TABLE `sessions` ENABLE KEYS */;
UNLOCK TABLES;

--
-- Table structure for table `settings`
--

DROP TABLE IF EXISTS `settings`;
/*!40101 SET @saved_cs_client     = @@character_set_client */;
/*!50503 SET character_set_client = utf8mb4 */;
CREATE TABLE `settings` (
  `id` bigint unsigned NOT NULL AUTO_INCREMENT,
  `master_key` varchar(255) COLLATE utf8mb4_unicode_ci DEFAULT NULL,
  `config_key` text COLLATE utf8mb4_unicode_ci,
  `config_value` text COLLATE utf8mb4_unicode_ci,
  `created_at` timestamp NULL DEFAULT NULL,
  `updated_at` timestamp NULL DEFAULT NULL,
  PRIMARY KEY (`id`)
) ENGINE=InnoDB AUTO_INCREMENT=17 DEFAULT CHARSET=utf8mb4 COLLATE=utf8mb4_unicode_ci;
/*!40101 SET character_set_client = @saved_cs_client */;

--
-- Dumping data for table `settings`
--

LOCK TABLES `settings` WRITE;
/*!40000 ALTER TABLE `settings` DISABLE KEYS */;
INSERT INTO `settings` VALUES (1,'config','company_name','Nuttoz Peanuts','2024-10-10 10:19:30','2025-03-13 06:50:09'),(2,'config','company_email','sales@nuttoz.com','2024-10-10 10:19:30','2025-03-13 06:50:09'),(3,'config','company_mobile','+91-2692-247007','2024-10-10 10:19:30','2025-03-13 06:50:09'),(4,'config','company_landline',NULL,'2024-10-10 10:19:30','2025-03-13 06:50:09'),(5,'config','customer_care_email','qa@nividaweb.com','2024-10-10 10:19:30','2025-03-13 06:50:09'),(6,'config','customer_care_mob_no','8140088840','2024-10-10 10:19:30','2025-03-13 06:50:09'),(7,'config','administration_address','104, Vaibhav Towers, Vidhyanagar Road, ANAND-388001, (Gujarat), India','2024-10-10 10:19:30','2025-03-13 06:50:09'),(8,'config','company_address','104, Vaibhav Towers, Vidhyanagar Road, ANAND-388001, (Gujarat), India','2024-10-10 10:19:30','2025-03-13 06:50:09'),(9,'config','getting_contact_details_email','qa@nividaweb.com','2024-10-10 10:19:30','2025-03-13 06:50:09'),(10,'config','company_gst_no',NULL,'2024-10-10 10:19:30','2025-03-13 06:50:09'),(11,'config','company_logo','logo.png','2024-10-10 10:19:30','2025-03-13 06:50:09'),(12,'config','company_fav_logo','logo.png','2024-10-10 10:19:30','2025-03-13 06:50:09'),(13,'config','company_state','Gujarat','2024-10-10 10:19:30','2025-03-13 06:50:09'),(14,'config','order_email','qa@nividaweb.com','2024-10-10 10:19:30','2025-03-13 06:50:09'),(15,'config','order_prefix','Order-','2024-10-10 10:19:30','2025-03-13 06:50:09'),(16,'config','invoice_prefix','Nuttoz-','2024-10-10 10:19:30','2025-03-13 06:50:09');
/*!40000 ALTER TABLE `settings` ENABLE KEYS */;
UNLOCK TABLES;

--
-- Table structure for table `shops`
--

DROP TABLE IF EXISTS `shops`;
/*!40101 SET @saved_cs_client     = @@character_set_client */;
/*!50503 SET character_set_client = utf8mb4 */;
CREATE TABLE `shops` (
  `id` bigint unsigned NOT NULL AUTO_INCREMENT,
  `name` varchar(150) COLLATE utf8mb4_unicode_ci NOT NULL,
  `contact_person_name` varchar(100) COLLATE utf8mb4_unicode_ci DEFAULT NULL,
  `distributor_id` bigint unsigned NOT NULL,
  `email` varchar(255) COLLATE utf8mb4_unicode_ci DEFAULT NULL,
  `mobile` varchar(20) COLLATE utf8mb4_unicode_ci DEFAULT NULL,
  `website` text COLLATE utf8mb4_unicode_ci,
  `address` varchar(255) COLLATE utf8mb4_unicode_ci DEFAULT NULL,
  `country_id` bigint unsigned NOT NULL DEFAULT '1',
  `state_id` bigint unsigned NOT NULL,
  `city_id` bigint unsigned NOT NULL,
  `area_id` bigint unsigned NOT NULL,
  `shop_area` varchar(255) COLLATE utf8mb4_unicode_ci DEFAULT NULL,
  `pincode` varchar(10) COLLATE utf8mb4_unicode_ci DEFAULT NULL,
  `gstin_no` varchar(50) COLLATE utf8mb4_unicode_ci DEFAULT NULL,
  `zone_id` smallint unsigned DEFAULT NULL,
  `status` enum('Active','Inactive') COLLATE utf8mb4_unicode_ci NOT NULL DEFAULT 'Active',
  `created_at` timestamp NULL DEFAULT NULL,
  `updated_at` timestamp NULL DEFAULT NULL,
  PRIMARY KEY (`id`),
  UNIQUE KEY `shops_email_unique` (`email`),
  UNIQUE KEY `shops_mobile_unique` (`mobile`),
  KEY `shops_country_id_foreign` (`country_id`),
  KEY `shops_state_id_foreign` (`state_id`),
  KEY `shops_city_id_foreign` (`city_id`),
  KEY `shops_area_id_foreign` (`area_id`),
  KEY `shops_distributor_id_index` (`distributor_id`),
  KEY `shops_zone_id_foreign` (`zone_id`),
  CONSTRAINT `shops_area_id_foreign` FOREIGN KEY (`area_id`) REFERENCES `areas` (`id`),
  CONSTRAINT `shops_city_id_foreign` FOREIGN KEY (`city_id`) REFERENCES `cities` (`id`),
  CONSTRAINT `shops_country_id_foreign` FOREIGN KEY (`country_id`) REFERENCES `countries` (`id`),
  CONSTRAINT `shops_state_id_foreign` FOREIGN KEY (`state_id`) REFERENCES `states` (`id`),
  CONSTRAINT `shops_zone_id_foreign` FOREIGN KEY (`zone_id`) REFERENCES `zones` (`id`) ON DELETE CASCADE
) ENGINE=InnoDB AUTO_INCREMENT=40 DEFAULT CHARSET=utf8mb4 COLLATE=utf8mb4_unicode_ci;
/*!40101 SET character_set_client = @saved_cs_client */;

--
-- Dumping data for table `shops`
--

LOCK TABLES `shops` WRITE;
/*!40000 ALTER TABLE `shops` DISABLE KEYS */;
INSERT INTO `shops` VALUES (1,'Haresh',NULL,1,'haresh@nivida.in','1122334455',NULL,'Bhayli',1,5,116,1,NULL,NULL,NULL,1,'Active','2024-09-23 06:17:12','2025-02-05 05:24:38'),(2,'Google',NULL,4,'google@g.com','5896321470',NULL,'888899999',1,5,116,1,NULL,'586256',NULL,3,'Active','2024-10-03 11:10:50','2025-02-05 05:24:41'),(3,'gffg',NULL,1,'qa@nividaweb.com','8140088840',NULL,'Nividaweb',1,5,116,1,NULL,'39005',NULL,4,'Active','2024-10-28 11:48:01','2025-02-05 05:24:44'),(4,'Shop1',NULL,2,'qa@nividasoftware.com','8140088848',NULL,'shop1',1,5,116,2,NULL,NULL,NULL,1,'Active','2024-11-05 05:19:11','2025-02-05 05:24:28'),(5,'Facebook',NULL,4,'f@fun.com','2580963256',NULL,'43636445',1,5,116,2,NULL,'3568',NULL,2,'Active','2024-11-05 05:30:18','2025-02-05 05:24:48'),(6,'Rekha',NULL,1,'rekha1@yopmail.com','1223456789',NULL,'Billabong',1,5,116,1,NULL,'390010',NULL,3,'Active','2025-02-25 07:26:14','2025-02-25 07:26:14'),(7,'Shop1','Rahul Patil',1,'rpatil@shop.com','3256235623',NULL,NULL,1,32,554,6,NULL,NULL,'6574765ggh',3,'Active','2025-02-25 09:34:36','2025-03-12 07:24:57'),(8,'Google','Patil',9,'google2@g.com','2356235623',NULL,NULL,1,32,554,3,NULL,NULL,'6485gi5t',3,'Active','2025-02-25 09:36:41','2025-02-25 09:36:41'),(9,'Haresh shop','haresh jadav',11,'qa2@nividaweb.com','8140088899',NULL,NULL,1,5,93,3,NULL,NULL,NULL,3,'Active','2025-02-25 10:49:12','2025-02-25 10:49:12'),(10,'Joshi retailer','joshi',13,'php@nividasoftware.com','8140099988',NULL,NULL,1,5,101,8,NULL,NULL,NULL,3,'Active','2025-02-27 08:45:10','2025-02-27 08:45:10'),(11,'shopw','sp',1,NULL,'5858595658',NULL,NULL,1,5,112,11,NULL,NULL,'a',3,'Active','2025-03-06 12:07:21','2025-03-06 12:07:21'),(12,'Google','Facebook',1,'g@gmail.com','9633699636',NULL,NULL,1,32,554,15,NULL,NULL,NULL,3,'Active','2025-03-12 04:20:48','2025-03-12 04:20:48'),(13,'Fff','Ggg',11,NULL,'4242424245',NULL,NULL,1,5,103,11,NULL,NULL,NULL,3,'Active','2025-03-12 05:46:52','2025-03-12 05:46:52'),(14,'Jonks','Jon',1,'jo@gmail.com','3589657458',NULL,NULL,1,32,554,11,NULL,NULL,NULL,3,'Active','2025-03-12 09:15:37','2025-03-12 09:15:37'),(15,'Chekc','Check',17,NULL,'1234567809',NULL,NULL,1,5,105,20,NULL,NULL,NULL,3,'Active','2025-03-12 09:19:32','2025-03-12 09:19:32'),(16,'Up','Uip',1,'u@p.com','3218056984',NULL,NULL,1,32,554,11,NULL,NULL,NULL,3,'Active','2025-03-12 09:21:25','2025-03-12 09:21:25'),(17,'Op','Lp',1,'l@p.com','3568485464',NULL,NULL,1,32,554,11,NULL,NULL,NULL,3,'Active','2025-03-12 09:26:21','2025-03-12 09:26:21'),(18,'Jahaj','Ko',1,'h@h.com','2805285850',NULL,NULL,1,32,554,11,NULL,NULL,NULL,3,'Active','2025-03-12 09:29:46','2025-03-12 09:29:46'),(19,'Uuuu','Iiii',1,'h@ph.com','3256982568',NULL,NULL,1,32,554,11,NULL,NULL,NULL,3,'Active','2025-03-12 09:32:21','2025-03-12 09:32:21'),(20,'Hi','Hello',1,'h@j.com','6358623546',NULL,NULL,1,32,554,11,NULL,NULL,NULL,3,'Active','2025-03-12 09:36:21','2025-03-12 09:36:21'),(21,'Gu','Hg',1,'hg@jhg.com','2541635241',NULL,NULL,1,32,554,11,NULL,NULL,NULL,3,'Active','2025-03-12 09:42:22','2025-03-12 09:42:22'),(22,'Kumar','Kummar',1,'kh@jh.com','3698653298',NULL,NULL,1,32,554,11,NULL,NULL,NULL,3,'Active','2025-03-12 09:43:40','2025-03-12 09:43:40'),(23,'Final','Final',23,NULL,'4525369870',NULL,NULL,1,29,551,11,NULL,NULL,NULL,3,'Active','2025-03-12 09:46:56','2025-03-12 09:46:56'),(24,'Ndhd','Hggg',1,'jeyd@ufuf.com','3256389658',NULL,NULL,1,32,554,11,NULL,NULL,NULL,3,'Active','2025-03-12 09:47:07','2025-03-12 09:47:07'),(25,'Tun','Utu',1,'jio@gjj.com','3576892410',NULL,NULL,1,32,554,11,NULL,NULL,NULL,3,'Active','2025-03-12 09:59:16','2025-03-12 09:59:16'),(26,'Golu','Golt',1,'hxhdh@fjjf.com','2587946130',NULL,NULL,1,32,554,11,NULL,NULL,NULL,3,'Active','2025-03-12 10:01:27','2025-03-12 10:01:27'),(27,'E Rb4','Egege',1,NULL,'2555425125',NULL,NULL,1,32,554,11,NULL,NULL,NULL,3,'Active','2025-03-12 10:08:42','2025-03-12 10:08:42'),(28,'Brntnr','Drbrbtn',1,NULL,'2541874455',NULL,NULL,1,32,554,11,NULL,NULL,NULL,3,'Active','2025-03-12 10:09:42','2025-03-12 10:09:42'),(29,'Hjo','Opk',1,'jdjj@jfjf.com','3589665532',NULL,NULL,1,32,554,11,NULL,NULL,NULL,3,'Active','2025-03-12 10:25:08','2025-03-12 10:25:08'),(30,'Abc','Yas',38,NULL,'9825078513',NULL,NULL,1,32,554,24,NULL,NULL,NULL,3,'Active','2025-03-13 08:05:11','2025-03-13 08:05:11'),(31,'23455','Gyhb',38,NULL,'9825077777',NULL,NULL,1,32,554,23,NULL,NULL,NULL,3,'Active','2025-03-13 08:07:06','2025-03-13 08:07:06'),(32,'Jonnn','Kohli',1,NULL,'3526451235',NULL,NULL,1,32,554,23,'Hemangini',NULL,NULL,3,'Active','2025-03-19 07:33:04','2025-03-19 07:33:04'),(33,'Hh','Hh',1,NULL,'5251585956',NULL,NULL,1,5,93,23,'Ss',NULL,NULL,3,'Active','2025-03-19 08:36:38','2025-03-19 08:36:38'),(34,'Test','Edt',24,NULL,'9825098250',NULL,NULL,1,32,554,26,'Yyyyyaaaaa',NULL,NULL,3,'Active','2025-04-08 11:50:58','2025-04-08 11:50:58'),(35,'Retail 1','Hug',53,NULL,'9825898258',NULL,NULL,1,5,93,29,'Hhh',NULL,NULL,3,'Active','2025-05-12 13:22:20','2025-05-12 13:22:20'),(36,'Retail 2','Ttt',53,NULL,'6666666666',NULL,NULL,1,5,93,29,'Rew',NULL,NULL,3,'Active','2025-05-12 13:23:04','2025-05-12 13:23:04'),(37,'Retail 3','Rrf',53,NULL,'5805805805',NULL,NULL,1,5,93,30,'Wsd',NULL,NULL,3,'Active','2025-05-12 13:23:40','2025-05-12 13:23:40'),(38,'Retail 4','Ihg',53,NULL,'9808598085',NULL,NULL,1,5,95,31,'Wsd',NULL,NULL,3,'Active','2025-05-12 13:24:15','2025-05-12 13:24:15'),(39,'Venu','Goli',1,'goli@g.com','5555555555',NULL,NULL,1,5,93,15,'Gotri1',NULL,NULL,3,'Active','2025-07-01 09:04:31','2025-07-01 09:04:31');
/*!40000 ALTER TABLE `shops` ENABLE KEYS */;
UNLOCK TABLES;

--
-- Table structure for table `states`
--

DROP TABLE IF EXISTS `states`;
/*!40101 SET @saved_cs_client     = @@character_set_client */;
/*!50503 SET character_set_client = utf8mb4 */;
CREATE TABLE `states` (
  `id` bigint unsigned NOT NULL AUTO_INCREMENT,
  `country_id` bigint unsigned DEFAULT NULL,
  `name` varchar(255) COLLATE utf8mb4_unicode_ci DEFAULT NULL,
  `code` varchar(5) COLLATE utf8mb4_unicode_ci DEFAULT NULL,
  `zone_id` smallint unsigned DEFAULT NULL,
  `sort_order` int DEFAULT NULL,
  `status` enum('Active','Inactive') COLLATE utf8mb4_unicode_ci NOT NULL DEFAULT 'Active',
  `created_at` timestamp NULL DEFAULT NULL,
  `updated_at` timestamp NULL DEFAULT NULL,
  `deleted_at` timestamp NULL DEFAULT NULL,
  PRIMARY KEY (`id`),
  KEY `states_zone_id_foreign` (`zone_id`),
  KEY `states_country_id_index` (`country_id`),
  CONSTRAINT `states_zone_id_foreign` FOREIGN KEY (`zone_id`) REFERENCES `zones` (`id`) ON DELETE CASCADE
) ENGINE=InnoDB AUTO_INCREMENT=37 DEFAULT CHARSET=utf8mb4 COLLATE=utf8mb4_unicode_ci;
/*!40101 SET character_set_client = @saved_cs_client */;

--
-- Dumping data for table `states`
--

LOCK TABLES `states` WRITE;
/*!40000 ALTER TABLE `states` DISABLE KEYS */;
INSERT INTO `states` VALUES (1,1,'Andhra Pradesh',NULL,NULL,NULL,'Active','2024-09-12 12:15:36','2024-09-12 12:15:36',NULL),(2,1,'Assam',NULL,NULL,NULL,'Active','2024-09-12 12:15:36','2024-09-12 12:15:36',NULL),(3,1,'Arunachal Pradesh',NULL,NULL,NULL,'Active','2024-09-12 12:15:37','2024-09-12 12:15:37',NULL),(4,1,'Bihar',NULL,NULL,NULL,'Active','2024-09-12 12:15:37','2024-09-12 12:15:37',NULL),(5,1,'Gujarat',NULL,NULL,NULL,'Active','2024-09-12 12:15:37','2024-09-12 12:15:37',NULL),(6,1,'Haryana',NULL,NULL,NULL,'Active','2024-09-12 12:15:37','2024-09-12 12:15:37',NULL),(7,1,'Himachal Pradesh',NULL,NULL,NULL,'Active','2024-09-12 12:15:37','2024-09-12 12:15:37',NULL),(8,1,'Jammu & Kashmir',NULL,NULL,NULL,'Active','2024-09-12 12:15:37','2024-09-12 12:15:37',NULL),(9,1,'Karnataka',NULL,NULL,NULL,'Active','2024-09-12 12:15:38','2024-09-12 12:15:38',NULL),(10,1,'Kerala',NULL,NULL,NULL,'Active','2024-09-12 12:15:38','2024-09-12 12:15:38',NULL),(11,1,'Madhya Pradesh',NULL,NULL,NULL,'Active','2024-09-12 12:15:38','2024-09-12 12:15:38',NULL),(12,1,'Maharashtra',NULL,NULL,NULL,'Active','2024-09-12 12:15:38','2024-09-12 12:15:38',NULL),(13,1,'Manipur',NULL,NULL,NULL,'Active','2024-09-12 12:15:39','2024-09-12 12:15:39',NULL),(14,1,'Meghalaya',NULL,NULL,NULL,'Active','2024-09-12 12:15:39','2024-09-12 12:15:39',NULL),(15,1,'Mizoram',NULL,NULL,NULL,'Active','2024-09-12 12:15:39','2024-09-12 12:15:39',NULL),(16,1,'Nagaland',NULL,NULL,NULL,'Active','2024-09-12 12:15:39','2024-09-12 12:15:39',NULL),(17,1,'Orissa',NULL,NULL,NULL,'Active','2024-09-12 12:15:39','2024-09-12 12:15:39',NULL),(18,1,'Punjab',NULL,NULL,NULL,'Active','2024-09-12 12:15:39','2024-09-12 12:15:39',NULL),(19,1,'Rajasthan',NULL,NULL,NULL,'Active','2024-09-12 12:15:39','2024-09-12 12:15:39',NULL),(20,1,'Sikkim',NULL,NULL,NULL,'Active','2024-09-12 12:15:40','2024-09-12 12:15:40',NULL),(21,1,'Tamilnadu',NULL,NULL,NULL,'Active','2024-09-12 12:15:40','2024-09-12 12:15:40',NULL),(22,1,'Tripura',NULL,NULL,NULL,'Active','2024-09-12 12:15:40','2024-09-12 12:15:40',NULL),(23,1,'Uttar Pradesh',NULL,NULL,NULL,'Active','2024-09-12 12:15:40','2024-09-12 12:15:40',NULL),(24,1,'West Bengal',NULL,NULL,NULL,'Active','2024-09-12 12:15:41','2024-09-12 12:15:41',NULL),(25,1,'Delhi',NULL,NULL,NULL,'Active','2024-09-12 12:15:41','2024-09-12 12:15:41',NULL),(26,1,'Goa',NULL,NULL,NULL,'Active','2024-09-12 12:15:41','2024-09-12 12:15:41',NULL),(27,1,'Pondichery',NULL,NULL,NULL,'Active','2024-09-12 12:15:41','2024-09-12 12:15:41',NULL),(28,1,'Lakshdweep',NULL,NULL,NULL,'Active','2024-09-12 12:15:41','2024-09-12 12:15:41',NULL),(29,1,'Daman & Diu',NULL,NULL,NULL,'Active','2024-09-12 12:15:41','2024-09-12 12:15:41',NULL),(30,1,'Dadra & Nagar',NULL,NULL,NULL,'Active','2024-09-12 12:15:41','2024-09-12 12:15:41',NULL),(31,1,'Chandigarh',NULL,NULL,NULL,'Active','2024-09-12 12:15:41','2024-09-12 12:15:41',NULL),(32,1,'Andaman & Nicobar',NULL,NULL,NULL,'Active','2024-09-12 12:15:41','2024-09-12 12:15:41',NULL),(33,1,'Uttaranchal',NULL,NULL,NULL,'Active','2024-09-12 12:15:41','2024-09-12 12:15:41',NULL),(34,1,'Jharkhand',NULL,NULL,NULL,'Active','2024-09-12 12:15:41','2024-09-12 12:15:41',NULL),(35,1,'Chhattisgarh',NULL,NULL,NULL,'Active','2024-09-12 12:15:41','2024-09-12 12:15:41',NULL),(36,1,'Guj','2',3,1,'Active','2025-02-28 05:26:44','2025-02-28 05:29:14','2025-02-28 05:29:14');
/*!40000 ALTER TABLE `states` ENABLE KEYS */;
UNLOCK TABLES;

--
-- Table structure for table `tada_types`
--

DROP TABLE IF EXISTS `tada_types`;
/*!40101 SET @saved_cs_client     = @@character_set_client */;
/*!50503 SET character_set_client = utf8mb4 */;
CREATE TABLE `tada_types` (
  `id` bigint unsigned NOT NULL AUTO_INCREMENT,
  `name` varchar(50) COLLATE utf8mb4_unicode_ci NOT NULL,
  `is_date` tinyint(1) NOT NULL DEFAULT '0' COMMENT '0 for Not, 1 for Yes',
  `is_amount` tinyint(1) NOT NULL DEFAULT '0' COMMENT '0 for Not, 1 for Yes',
  `is_photo` tinyint(1) NOT NULL DEFAULT '0' COMMENT '0 for Not, 1 for Yes',
  `is_location` tinyint(1) NOT NULL DEFAULT '0' COMMENT '0 for Not, 1 for Yes',
  `is_from_to_location` tinyint(1) NOT NULL DEFAULT '0' COMMENT '0 for Not, 1 for Yes',
  `is_km` tinyint(1) NOT NULL DEFAULT '0' COMMENT '0 for Not, 1 for Yes',
  `is_expense_name` tinyint(1) NOT NULL DEFAULT '0' COMMENT '0 for Not, 1 for Yes',
  `status` enum('Active','Inactive') COLLATE utf8mb4_unicode_ci NOT NULL DEFAULT 'Active',
  `created_at` timestamp NULL DEFAULT NULL,
  `updated_at` timestamp NULL DEFAULT NULL,
  `deleted_at` timestamp NULL DEFAULT NULL,
  PRIMARY KEY (`id`)
) ENGINE=InnoDB AUTO_INCREMENT=13 DEFAULT CHARSET=utf8mb4 COLLATE=utf8mb4_unicode_ci;
/*!40101 SET character_set_client = @saved_cs_client */;

--
-- Dumping data for table `tada_types`
--

LOCK TABLES `tada_types` WRITE;
/*!40000 ALTER TABLE `tada_types` DISABLE KEYS */;
INSERT INTO `tada_types` VALUES (1,'Bus',0,0,0,0,0,0,0,'Inactive','2024-10-11 12:51:15','2025-02-24 11:51:14','2025-02-24 11:51:14'),(2,'Hotel',0,1,1,1,0,0,0,'Active','2024-10-11 12:51:15','2025-05-13 06:29:37',NULL),(3,'Travel By Bus',0,1,1,0,1,0,0,'Active','2024-10-11 12:51:15','2025-03-05 11:00:58',NULL),(4,'Other',0,1,1,0,0,0,1,'Active','2024-10-11 12:51:15','2025-04-24 11:44:33',NULL),(5,'Other',0,1,1,0,0,0,1,'Active','2025-02-20 04:49:47','2025-02-21 12:50:28','2025-02-21 12:50:28'),(6,'Travel By Train',0,1,1,0,1,0,0,'Active','2025-03-04 12:04:55','2025-03-05 11:00:41',NULL),(7,'Travel By Flight',0,1,1,0,1,0,0,'Active','2025-03-04 12:05:08','2025-03-05 11:00:50',NULL),(8,'Travel By Car',0,1,1,0,1,1,0,'Active','2025-03-04 12:05:36','2025-04-24 11:44:16',NULL),(9,'Travel By Bike',0,1,0,0,1,1,0,'Active','2025-03-04 12:06:32','2025-03-04 12:06:32',NULL),(10,'Daily Allowance',0,1,0,0,0,0,0,'Active','2025-03-05 10:59:34','2025-03-13 10:30:00',NULL),(11,'re',0,1,0,0,0,0,1,'Inactive','2025-03-13 05:20:36','2025-03-13 05:27:31','2025-03-13 05:27:31'),(12,'gg',0,0,0,0,0,0,0,'Active','2025-03-13 05:27:19','2025-03-13 05:27:44','2025-03-13 05:27:44');
/*!40000 ALTER TABLE `tada_types` ENABLE KEYS */;
UNLOCK TABLES;

--
-- Table structure for table `tadas`
--

DROP TABLE IF EXISTS `tadas`;
/*!40101 SET @saved_cs_client     = @@character_set_client */;
/*!50503 SET character_set_client = utf8mb4 */;
CREATE TABLE `tadas` (
  `id` bigint unsigned NOT NULL AUTO_INCREMENT,
  `user_id` bigint unsigned NOT NULL,
  `tadatype_id` bigint unsigned NOT NULL,
  `from` text COLLATE utf8mb4_unicode_ci,
  `to` text COLLATE utf8mb4_unicode_ci,
  `date` date DEFAULT NULL,
  `per_km_price` decimal(8,2) DEFAULT NULL,
  `km` int DEFAULT NULL,
  `daily_allowance` decimal(8,2) DEFAULT NULL,
  `amount` decimal(8,2) DEFAULT NULL,
  `photo` varchar(255) COLLATE utf8mb4_unicode_ci DEFAULT NULL,
  `lat` varchar(255) COLLATE utf8mb4_unicode_ci DEFAULT NULL,
  `long` varchar(255) COLLATE utf8mb4_unicode_ci DEFAULT NULL,
  `expense_name` varchar(255) COLLATE utf8mb4_unicode_ci DEFAULT NULL,
  `comment` text COLLATE utf8mb4_unicode_ci,
  `is_confirm` tinyint(1) NOT NULL DEFAULT '0' COMMENT '0 for Not, 1 for Yes',
  `created_at` timestamp NULL DEFAULT NULL,
  `updated_at` timestamp NULL DEFAULT NULL,
  `deleted_at` timestamp NULL DEFAULT NULL,
  PRIMARY KEY (`id`),
  KEY `tadas_user_id_index` (`user_id`),
  KEY `tadas_tadatype_id_index` (`tadatype_id`)
) ENGINE=InnoDB AUTO_INCREMENT=53 DEFAULT CHARSET=utf8mb4 COLLATE=utf8mb4_unicode_ci;
/*!40101 SET character_set_client = @saved_cs_client */;

--
-- Dumping data for table `tadas`
--

LOCK TABLES `tadas` WRITE;
/*!40000 ALTER TABLE `tadas` DISABLE KEYS */;
INSERT INTO `tadas` VALUES (1,2,2,NULL,NULL,NULL,NULL,NULL,NULL,20.00,'/tmp/php9SdXiO','22.3178348','73.1666133','Chai',NULL,0,'2025-02-24 11:52:39','2025-02-24 11:52:39',NULL),(2,2,3,NULL,NULL,NULL,NULL,NULL,NULL,23.00,'/tmp/phpwLUp7Z','22.3177934','73.1666881','Chai2',NULL,1,'2025-02-24 11:53:12','2025-02-27 05:47:25',NULL),(3,2,2,NULL,NULL,NULL,NULL,NULL,NULL,20.00,'/tmp/phpNZuQUb','22.3178475','73.1665978','No',NULL,0,'2025-02-24 12:05:22','2025-02-24 12:05:22',NULL),(4,2,4,NULL,NULL,NULL,NULL,NULL,NULL,40.00,NULL,'22.3178612','73.1665868','U',NULL,0,'2025-02-24 12:05:44','2025-02-24 12:05:44',NULL),(5,2,2,NULL,NULL,NULL,NULL,NULL,NULL,58.00,'/tmp/phpuc3ZO1','22.3178521','73.1665847','Dgg Ht',NULL,0,'2025-02-25 04:13:19','2025-02-25 04:13:19',NULL),(6,9,3,NULL,NULL,NULL,NULL,NULL,NULL,66.00,'1740481820_IMG-20250225-WA0008.jpg','22.3179069','73.1666743','hh',NULL,1,'2025-02-25 11:10:20','2025-02-26 05:21:29',NULL),(7,9,4,NULL,NULL,NULL,NULL,NULL,NULL,250.00,NULL,'22.3179005','73.1666587','bus',NULL,0,'2025-02-27 08:51:22','2025-02-27 08:51:22',NULL),(8,2,10,NULL,NULL,'2025-03-06',NULL,NULL,200.00,25.00,NULL,'22.3179291','73.1665429',NULL,NULL,0,'2025-03-06 04:08:07','2025-03-06 04:08:07',NULL),(9,9,9,'vadodara','ahamdabad','2025-03-05',40.00,4,800.00,250.00,NULL,'22.3179073','73.1665919',NULL,NULL,0,'2025-03-06 04:48:35','2025-03-06 04:48:35',NULL),(10,9,4,NULL,NULL,'2025-03-05',NULL,NULL,4.00,580.00,NULL,'22.3178909','73.166604','sd',NULL,0,'2025-03-06 04:49:06','2025-03-06 04:49:06',NULL),(11,9,2,'ejjdj',NULL,'2025-03-06',NULL,NULL,31256.00,NULL,'1741237194_Screenshot_2025-03-05-17-50-40-876_com.example.nuttoz.jpg','22.3178516','73.1667017',NULL,NULL,0,'2025-03-06 04:59:54','2025-03-06 04:59:54',NULL),(12,9,9,'vadodara','bharuch','2025-03-06',120.00,4,31256.00,580.00,NULL,'22.3178471','73.1666356',NULL,NULL,0,'2025-03-06 07:06:12','2025-03-06 07:06:12',NULL),(13,9,2,'vadodara',NULL,'2025-03-06',NULL,NULL,31256.00,NULL,'1741244804_IMG-20250304-WA0002.jpg','22.3178522','73.1666524',NULL,NULL,0,'2025-03-06 07:06:44','2025-03-06 07:06:44',NULL),(14,9,4,NULL,NULL,'2025-03-10',NULL,NULL,580.00,580.00,NULL,'22.3178608','73.1665992','Ttt',NULL,0,'2025-03-11 09:21:46','2025-03-11 09:21:46',NULL),(15,9,8,'Ff','Vf','2025-03-10',25.00,8,580.00,580.00,NULL,'22.3179416','73.1665624',NULL,NULL,0,'2025-03-11 09:22:27','2025-03-11 09:22:27',NULL),(16,9,2,'Fff',NULL,'2025-03-11',NULL,NULL,85.00,NULL,'1741684970_Screenshot_2025-03-11-14-50-24-230_com.example.nuttoz.jpg','22.3177922','73.1667513',NULL,NULL,0,'2025-03-11 09:22:50','2025-03-11 09:22:50',NULL),(17,9,2,'Gg',NULL,'2025-03-11',NULL,NULL,85.00,NULL,'1741685045_Screenshot_2025-03-11-14-50-24-230_com.example.nuttoz.jpg','22.3179167','73.1665888',NULL,NULL,0,'2025-03-11 09:24:05','2025-03-11 09:24:05',NULL),(18,9,4,NULL,NULL,'2025-03-11',NULL,NULL,85.00,96.00,NULL,'22.3179338','73.1665601','V',NULL,0,'2025-03-11 12:03:43','2025-03-11 12:03:43',NULL),(19,9,9,'H','B','2025-03-10',6.00,9,580.00,6.00,NULL,'22.3178189','73.1667194',NULL,NULL,0,'2025-03-11 12:03:59','2025-03-11 12:03:59',NULL),(20,9,2,'Jova',NULL,'2025-03-11',NULL,NULL,85.00,NULL,'1741695241_Screenshot_2025-03-11-17-08-58-514_com.example.nuttoz.jpg','22.3178189','73.1667194',NULL,NULL,0,'2025-03-11 12:14:01','2025-03-11 12:14:01',NULL),(21,9,2,'Jj',NULL,'2025-03-11',NULL,NULL,85.00,NULL,'1741695455_Screenshot_2025-03-11-17-08-58-514_com.example.nuttoz.jpg','22.3178973','73.1666107',NULL,NULL,0,'2025-03-11 12:17:35','2025-03-11 12:17:35',NULL),(22,9,4,NULL,NULL,'2025-03-11',NULL,NULL,85.00,8.00,NULL,'22.3179592','73.1665503','Ff',NULL,0,'2025-03-11 12:19:32','2025-03-11 12:19:32',NULL),(23,9,7,'Ff','Jj','2025-03-11',NULL,NULL,85.00,450.00,'1741695649_Screenshot_2025-03-11-17-08-58-514_com.example.nuttoz.jpg','22.317948','73.1665585',NULL,NULL,0,'2025-03-11 12:20:49','2025-03-11 12:20:49',NULL),(24,2,4,NULL,NULL,'2025-03-11',NULL,NULL,255.00,150.00,NULL,'22.3178478','73.1667821','Ty',NULL,0,'2025-03-11 12:23:01','2025-03-11 12:23:01',NULL),(25,9,2,'Blank',NULL,'2025-03-12',NULL,NULL,850.00,NULL,'1741755399_Screenshot_2025-03-11-14-50-24-230_com.example.nuttoz.jpg','22.3179195','73.1666055',NULL,NULL,0,'2025-03-12 04:56:39','2025-03-12 04:56:39',NULL),(26,9,4,NULL,NULL,'2025-03-12',NULL,NULL,850.00,58.00,NULL,'22.3178369','73.1666594','Cc',NULL,0,'2025-03-12 05:01:40','2025-03-12 05:01:40',NULL),(27,2,2,'Baroda',NULL,'2025-03-12',NULL,NULL,258.00,NULL,'1741757308_TEST-Nuttoz-00063.pdf','22.3178996','73.1666484',NULL,NULL,0,'2025-03-12 05:28:28','2025-03-12 05:28:28',NULL),(28,9,4,NULL,NULL,'2025-03-12',NULL,NULL,850.00,999.00,NULL,'22.3179039','73.1666418','Bb',NULL,0,'2025-03-12 08:45:04','2025-03-12 08:45:04',NULL),(29,2,2,'Holol',NULL,'2025-03-12',NULL,NULL,258.00,NULL,'1741779184_Screenshot_20250218_105255.jpg','22.317823','73.1667378',NULL,NULL,0,'2025-03-12 11:33:04','2025-03-12 11:33:04',NULL),(30,9,2,'Dd',NULL,'2025-03-12',NULL,NULL,850.00,NULL,'1741779901_Screenshot_2025-03-11-14-50-24-230_com.example.nuttoz.jpg','22.3179133','73.1666517',NULL,NULL,0,'2025-03-12 11:45:01','2025-03-12 11:45:01',NULL),(31,2,2,'Hemangini',NULL,'2025-03-12',NULL,NULL,258.00,NULL,'1741779909_TEST-Nuttoz-00063.pdf','22.3178868','73.1666539',NULL,NULL,0,'2025-03-12 11:45:09','2025-03-12 11:45:09',NULL),(32,9,9,'Fd','Gg','2025-03-12',55.00,5,850.00,580.00,NULL,'22.3178898','73.1666312',NULL,NULL,1,'2025-03-12 11:45:16','2025-03-12 11:51:09',NULL),(33,9,3,'Dd','Rr','2025-03-12',NULL,NULL,850.00,890.00,'1741780243_Screenshot_2025-03-11-17-08-58-514_com.example.nuttoz.jpg','22.3178742','73.1666327',NULL,NULL,1,'2025-03-12 11:50:43','2025-03-12 11:51:08',NULL),(34,9,10,NULL,NULL,'2025-03-20',NULL,NULL,NULL,4580.00,NULL,'22.3179325','73.1666121',NULL,NULL,0,'2025-03-20 07:13:49','2025-03-20 07:13:49',NULL),(35,9,4,NULL,NULL,'2025-03-20',NULL,NULL,NULL,580.00,NULL,'22.3179481','73.166569','Hh',NULL,0,'2025-03-20 07:24:05','2025-03-20 07:24:05',NULL),(36,9,2,'Hh',NULL,'2025-03-20',NULL,NULL,NULL,NULL,'1742455462_scaled_72963938-55da-4e1d-8816-5216c74ed0897535184909600888895.jpg','22.3179527','73.1666444',NULL,NULL,0,'2025-03-20 07:24:22','2025-03-20 07:24:22',NULL),(37,9,10,NULL,NULL,'2025-04-08',NULL,NULL,NULL,450.00,NULL,'22.5526962','72.9433101',NULL,NULL,0,'2025-04-08 12:16:21','2025-04-08 12:16:21',NULL),(38,9,2,'Anand',NULL,'2025-04-08',NULL,NULL,NULL,NULL,'1744114804_scaled_17604ba5-f07d-4ee1-a93a-fb42ff709f4d2573178179901623025.jpg','22.5527161','72.9432784',NULL,NULL,0,'2025-04-08 12:20:04','2025-04-08 12:20:04',NULL),(39,9,4,NULL,NULL,'2025-04-08',NULL,NULL,NULL,500.00,NULL,'22.5527127','72.9432631','Mob',NULL,0,'2025-04-08 12:20:49','2025-04-08 12:20:49',NULL),(40,9,9,'Anand','Vadodara','2025-04-08',5.50,50,NULL,250.00,NULL,'22.5526615','72.9432977',NULL,NULL,0,'2025-04-08 12:21:55','2025-04-08 12:21:55',NULL),(41,9,3,'5','T','2025-04-08',NULL,NULL,NULL,6.00,'1744115646_scaled_5332bfb1-c300-4b20-ab2f-fa34d35511f31022199840411237957.jpg','22.5527063','72.9432413',NULL,NULL,0,'2025-04-08 12:34:06','2025-04-08 12:34:06',NULL),(42,2,4,NULL,NULL,'2025-04-24',NULL,NULL,NULL,88.00,NULL,'22.3179262','73.1665766','Cv',NULL,0,'2025-04-24 06:37:55','2025-04-24 06:37:55',NULL),(43,9,9,'Tbt','Evr','2025-05-02',28282.00,5952,NULL,2929.00,NULL,'22.317899','73.166591',NULL,NULL,0,'2025-05-02 11:55:36','2025-05-02 11:55:36',NULL),(44,9,10,NULL,NULL,'2025-05-12',NULL,NULL,NULL,100.00,NULL,'22.5528105','72.9430143',NULL,NULL,0,'2025-05-12 14:23:20','2025-05-12 14:23:20',NULL),(45,9,6,'Adg','Hgf','2025-05-12',NULL,NULL,NULL,500.00,'1747059980_scaled_18f01433-1349-4a89-a6fd-b6abd27ba1d47522029545444227779.jpg','22.5528077','72.9430202',NULL,NULL,0,'2025-05-12 14:26:20','2025-05-12 14:26:20',NULL),(46,9,9,'Fgj','Ggg','2025-05-12',2.00,125,NULL,250.00,NULL,'22.5528194','72.9430191',NULL,NULL,0,'2025-05-12 14:32:13','2025-05-12 14:32:13',NULL),(47,9,8,'Tttggv','Gghh','2025-05-12',3.60,100,NULL,360.00,'1747060375_scaled_26d9df1f-eb50-4f05-ba18-17bac72ee8b22153427368828547392.jpg','22.5528144','72.9430239',NULL,NULL,0,'2025-05-12 14:32:55','2025-05-12 14:32:55',NULL),(48,9,10,NULL,NULL,'2025-05-26',NULL,NULL,NULL,580.00,NULL,'22.3178231','73.166617',NULL,NULL,0,'2025-05-26 06:17:46','2025-05-26 06:17:46',NULL),(49,9,9,'Fddd','Dff','2025-05-26',80.00,88,NULL,88.00,NULL,'22.3177769','73.1665932',NULL,NULL,0,'2025-05-26 06:18:01','2025-05-26 06:18:01',NULL),(50,9,10,NULL,NULL,'2025-05-27',NULL,NULL,NULL,4500.00,NULL,'22.3177914','73.1665163',NULL,NULL,0,'2025-05-27 07:10:26','2025-05-27 07:10:26',NULL),(51,9,3,'Cyvt','Tcyyc','2025-05-27',NULL,NULL,NULL,450.00,'1748329853_scaled_6db7ba41-cfdc-41c1-8f59-5be10e28c80f444656267302521794.jpg','22.31779','73.1666403',NULL,NULL,0,'2025-05-27 07:10:53','2025-05-27 07:10:53',NULL),(52,9,6,'Xjhx','Ddb','2025-05-27',NULL,NULL,NULL,680.00,'1748329873_scaled_d4cbb095-d4ba-4d24-842e-3876ac8c31c13570616601207197152.jpg','22.3177557','73.1665407',NULL,NULL,0,'2025-05-27 07:11:13','2025-05-27 07:11:13',NULL);
/*!40000 ALTER TABLE `tadas` ENABLE KEYS */;
UNLOCK TABLES;

--
-- Table structure for table `users`
--

DROP TABLE IF EXISTS `users`;
/*!40101 SET @saved_cs_client     = @@character_set_client */;
/*!50503 SET character_set_client = utf8mb4 */;
CREATE TABLE `users` (
  `id` bigint unsigned NOT NULL AUTO_INCREMENT,
  `firstname` varchar(50) COLLATE utf8mb4_unicode_ci NOT NULL,
  `lastname` varchar(50) COLLATE utf8mb4_unicode_ci NOT NULL,
  `email` varchar(255) COLLATE utf8mb4_unicode_ci NOT NULL,
  `mobile` varchar(20) COLLATE utf8mb4_unicode_ci DEFAULT NULL,
  `designation_id` smallint unsigned DEFAULT NULL,
  `zone_id` smallint unsigned DEFAULT NULL,
  `role_id` smallint unsigned DEFAULT NULL,
  `status` enum('Active','Inactive') COLLATE utf8mb4_unicode_ci NOT NULL DEFAULT 'Active',
  `distributor_id` json DEFAULT NULL,
  `fcm_token` varchar(255) COLLATE utf8mb4_unicode_ci DEFAULT NULL,
  `device_id` varchar(255) COLLATE utf8mb4_unicode_ci DEFAULT NULL,
  `daily_allowance` decimal(8,2) DEFAULT NULL,
  `email_verified_at` timestamp NULL DEFAULT NULL,
  `password` varchar(255) COLLATE utf8mb4_unicode_ci NOT NULL,
  `remember_token` varchar(100) COLLATE utf8mb4_unicode_ci DEFAULT NULL,
  `created_at` timestamp NULL DEFAULT NULL,
  `updated_at` timestamp NULL DEFAULT NULL,
  `deleted_at` timestamp NULL DEFAULT NULL,
  PRIMARY KEY (`id`),
  UNIQUE KEY `users_email_unique` (`email`),
  UNIQUE KEY `users_mobile_unique` (`mobile`),
  KEY `users_designation_id_foreign` (`designation_id`),
  KEY `users_role_id_foreign` (`role_id`),
  KEY `users_zone_id_foreign` (`zone_id`),
  CONSTRAINT `users_designation_id_foreign` FOREIGN KEY (`designation_id`) REFERENCES `designations` (`id`) ON DELETE CASCADE,
  CONSTRAINT `users_role_id_foreign` FOREIGN KEY (`role_id`) REFERENCES `roles` (`id`) ON DELETE CASCADE,
  CONSTRAINT `users_zone_id_foreign` FOREIGN KEY (`zone_id`) REFERENCES `zones` (`id`) ON DELETE CASCADE
) ENGINE=InnoDB AUTO_INCREMENT=13 DEFAULT CHARSET=utf8mb4 COLLATE=utf8mb4_unicode_ci;
/*!40101 SET character_set_client = @saved_cs_client */;

--
-- Dumping data for table `users`
--

LOCK TABLES `users` WRITE;
/*!40000 ALTER TABLE `users` DISABLE KEYS */;
INSERT INTO `users` VALUES (1,'Test','User','test@example.com',NULL,1,NULL,1,'Active','null',NULL,NULL,NULL,'2024-09-12 12:15:42','$2y$12$G0IgmkdaJmCtobcDzkXqVu5qoiA7Zfsih.flwJLanKx7hxN.sjuVi','MzJkfGpSSgpXMdDaDRomGjXn4nUlooOAQ1mPxLg58YoYLkVZGVXKghXHVG1o','2024-09-12 12:15:42','2024-09-17 04:58:21',NULL),(2,'Manthan','Patel','apps@nividaweb.com','1234567890',3,3,2,'Active','[\"12\", \"1\", \"20\", \"32\", \"35\", \"34\", \"26\", \"9\", \"10\", \"33\", \"31\", 42, 43, 44, 45, 50, 51]',NULL,NULL,340.00,NULL,'$2y$12$opY1dCcKaeLwaQpcYrnh6O7pX7nzHPT3lmtMtxHfSk9f7LxAlgaKW',NULL,'2024-09-19 08:34:09','2025-05-02 11:19:25',NULL),(3,'Rekha','Patel','php4@nividaweb.com','1223456789',2,3,2,'Active','[\"1\"]',NULL,NULL,NULL,NULL,'$2y$12$9KIR/oNd6Y6R6.MejSjR7uuF2BMcC2nB42MQwhgRc6gu92ViNmTuy',NULL,'2024-09-19 09:11:58','2025-02-05 05:18:05',NULL),(4,'khyati','jadav','khyati@yopmail.com','8887774514',6,3,2,'Active','[\"1\"]',NULL,NULL,230.00,NULL,'$2y$12$P8VeHjgUeHt/PELrjqpQcuHOqjcS7nO6AzDNaz5AujEynfZyMTLyq',NULL,'2024-10-22 05:49:01','2025-02-27 09:26:14',NULL),(5,'Chirag','Jethwa','chiragnivida@gmail.com','5544225544',3,1,2,'Active','[\"2\", 5]',NULL,NULL,NULL,NULL,'$2y$12$5vHhjZ70NewWeOY6nUnVJuGq.OJHkPnPlmXrHPZvlqD0gK.aIFham',NULL,'2024-10-22 06:16:13','2025-02-05 05:18:26',NULL),(6,'Vandan','Patel','hemangini@nividasoftware.com','4411221122',4,3,2,'Active','[\"3\"]',NULL,NULL,230.00,NULL,'$2y$12$aWpxS/asknnxxkL9X866o.gDQvhLQatPqr2rjtc009pdUmIdFVRsG',NULL,'2024-10-22 06:17:59','2025-03-10 04:15:46',NULL),(7,'Dhaval','Jadav','dhavalnivida@gmail.com','7788774411',5,2,2,'Active','[\"2\"]',NULL,NULL,NULL,NULL,'$2y$12$xC.Yd5/OUKD/KB6o2jsx2.wYFkZZomPUL7MFEmrvqttcOpVIbD6k.',NULL,'2024-10-22 06:18:39','2025-02-05 05:18:22',NULL),(8,'Greeshma','Jani','grishma.m@nividaweb.com','9997754548',2,2,2,'Active','[\"4\"]',NULL,NULL,NULL,NULL,'$2y$12$nvkC1zAjHzp48o5hMcXOP.vcOpsSNbMKPuT.H9Y/Wu4fsgVz4Dd5G',NULL,'2024-10-22 06:38:09','2025-02-05 05:18:19',NULL),(9,'Hemangini','Mayavanshi','qa@nividaweb.com','8140088840',1,3,2,'Active','[\"23\", \"24\", \"17\", \"11\", \"21\", \"29\", \"28\", \"1\", \"19\", \"18\", \"27\", \"14\", \"22\", \"30\", \"15\", \"13\", \"16\", \"36\", 38, 39, 40, 41, 46, 47, 48, 49, 52, 53]',NULL,NULL,220.00,NULL,'$2y$12$YLRRmixxQqIO9RdFPyp.UONhP7izZz0Wns7Z57Aefb7hT/c30GirG',NULL,'2024-10-25 06:51:32','2025-05-12 13:13:42',NULL),(10,'vraj','patel','qa2@nividaweb.com','1212121212',5,1,2,'Active','[\"2\"]',NULL,NULL,500.00,NULL,'$2y$12$TPyjcpcDcjBkvNkRs2dvHOsz.sbCL2NTPkzlUjYC5WwVGMW6Q1YDK',NULL,'2025-01-16 09:24:43','2025-03-12 11:19:12',NULL),(11,'Hetal','Patel','developer@nividaweb.com','8140088863',4,3,2,'Active','[\"9\"]',NULL,NULL,500.00,NULL,'$2y$12$Qj2uWssw0NwEBY38AF7rMue3f9gIqm80Yu9uoAnuUhyHZGM6/MPgG',NULL,'2025-02-27 11:58:22','2025-02-27 11:58:22',NULL),(12,'Viveka','Joshi','qa4@nividaweb.com','8140077750',1,4,2,'Active','[\"2\"]',NULL,NULL,210.00,NULL,'$2y$12$uZYx48kRunCFfyIsvyMeiuq6kDDSshPzcANiH3baGjcg3WnGIzzMe',NULL,'2025-02-28 06:07:01','2025-02-28 06:15:06',NULL);
/*!40000 ALTER TABLE `users` ENABLE KEYS */;
UNLOCK TABLES;

--
-- Table structure for table `variant_types`
--

DROP TABLE IF EXISTS `variant_types`;
/*!40101 SET @saved_cs_client     = @@character_set_client */;
/*!50503 SET character_set_client = utf8mb4 */;
CREATE TABLE `variant_types` (
  `id` smallint unsigned NOT NULL AUTO_INCREMENT,
  `name` varchar(50) COLLATE utf8mb4_unicode_ci NOT NULL,
  `status` enum('Active','Inactive') COLLATE utf8mb4_unicode_ci NOT NULL DEFAULT 'Active',
  `sort_order` int DEFAULT NULL,
  `created_at` timestamp NULL DEFAULT NULL,
  `updated_at` timestamp NULL DEFAULT NULL,
  `deleted_at` timestamp NULL DEFAULT NULL,
  PRIMARY KEY (`id`),
  KEY `variant_types_name_index` (`name`)
) ENGINE=InnoDB AUTO_INCREMENT=4 DEFAULT CHARSET=utf8mb4 COLLATE=utf8mb4_unicode_ci;
/*!40101 SET character_set_client = @saved_cs_client */;

--
-- Dumping data for table `variant_types`
--

LOCK TABLES `variant_types` WRITE;
/*!40000 ALTER TABLE `variant_types` DISABLE KEYS */;
INSERT INTO `variant_types` VALUES (1,'Pack','Active',NULL,'2024-09-12 12:15:41','2024-09-12 12:15:41',NULL),(2,'Pouch','Active',NULL,'2024-09-12 12:15:41','2024-09-12 12:15:41',NULL),(3,'sdasd','Active',NULL,'2024-10-25 11:55:47','2024-10-25 11:56:05','2024-10-25 11:56:05');
/*!40000 ALTER TABLE `variant_types` ENABLE KEYS */;
UNLOCK TABLES;

--
-- Table structure for table `variant_values`
--

DROP TABLE IF EXISTS `variant_values`;
/*!40101 SET @saved_cs_client     = @@character_set_client */;
/*!50503 SET character_set_client = utf8mb4 */;
CREATE TABLE `variant_values` (
  `id` smallint unsigned NOT NULL AUTO_INCREMENT,
  `name` varchar(50) COLLATE utf8mb4_unicode_ci NOT NULL,
  `status` enum('Active','Inactive') COLLATE utf8mb4_unicode_ci NOT NULL DEFAULT 'Active',
  `sort_order` int DEFAULT NULL,
  `created_at` timestamp NULL DEFAULT NULL,
  `updated_at` timestamp NULL DEFAULT NULL,
  `deleted_at` timestamp NULL DEFAULT NULL,
  PRIMARY KEY (`id`),
  KEY `variant_values_name_index` (`name`)
) ENGINE=InnoDB AUTO_INCREMENT=5 DEFAULT CHARSET=utf8mb4 COLLATE=utf8mb4_unicode_ci;
/*!40101 SET character_set_client = @saved_cs_client */;

--
-- Dumping data for table `variant_values`
--

LOCK TABLES `variant_values` WRITE;
/*!40000 ALTER TABLE `variant_values` DISABLE KEYS */;
INSERT INTO `variant_values` VALUES (1,'2 KG','Active',NULL,'2024-09-12 12:15:41','2024-09-12 12:15:41',NULL),(2,'1 Kg','Active',NULL,'2024-09-12 12:15:41','2024-09-12 12:15:41',NULL),(3,'40 Grams','Active',NULL,'2024-09-12 12:15:41','2024-09-12 12:15:41',NULL),(4,'160 Grams','Active',NULL,'2024-09-12 12:15:42','2024-09-12 12:15:42',NULL);
/*!40000 ALTER TABLE `variant_values` ENABLE KEYS */;
UNLOCK TABLES;

--
-- Table structure for table `zones`
--

DROP TABLE IF EXISTS `zones`;
/*!40101 SET @saved_cs_client     = @@character_set_client */;
/*!50503 SET character_set_client = utf8mb4 */;
CREATE TABLE `zones` (
  `id` smallint unsigned NOT NULL AUTO_INCREMENT,
  `name` varchar(255) COLLATE utf8mb4_unicode_ci DEFAULT NULL,
  `sort_order` int DEFAULT NULL,
  `status` enum('Active','Inactive') COLLATE utf8mb4_unicode_ci NOT NULL DEFAULT 'Active',
  `created_at` timestamp NULL DEFAULT NULL,
  `updated_at` timestamp NULL DEFAULT NULL,
  `deleted_at` timestamp NULL DEFAULT NULL,
  PRIMARY KEY (`id`)
) ENGINE=InnoDB AUTO_INCREMENT=8 DEFAULT CHARSET=utf8mb4 COLLATE=utf8mb4_unicode_ci;
/*!40101 SET character_set_client = @saved_cs_client */;

--
-- Dumping data for table `zones`
--

LOCK TABLES `zones` WRITE;
/*!40000 ALTER TABLE `zones` DISABLE KEYS */;
INSERT INTO `zones` VALUES (1,'East',1,'Active','2024-09-12 12:15:36','2024-09-12 12:15:36',NULL),(2,'West',2,'Active','2024-09-12 12:15:36','2024-09-12 12:15:36',NULL),(3,'North',3,'Active','2024-09-12 12:15:36','2024-09-12 12:15:36',NULL),(4,'South',4,'Active','2024-09-12 12:15:36','2024-09-12 12:15:36',NULL);
/*!40000 ALTER TABLE `zones` ENABLE KEYS */;
UNLOCK TABLES;
/*!40103 SET TIME_ZONE=@OLD_TIME_ZONE */;

/*!40101 SET SQL_MODE=@OLD_SQL_MODE */;
/*!40014 SET FOREIGN_KEY_CHECKS=@OLD_FOREIGN_KEY_CHECKS */;
/*!40014 SET UNIQUE_CHECKS=@OLD_UNIQUE_CHECKS */;
/*!40101 SET CHARACTER_SET_CLIENT=@OLD_CHARACTER_SET_CLIENT */;
/*!40101 SET CHARACTER_SET_RESULTS=@OLD_CHARACTER_SET_RESULTS */;
/*!40101 SET COLLATION_CONNECTION=@OLD_COLLATION_CONNECTION */;
/*!40111 SET SQL_NOTES=@OLD_SQL_NOTES */;

-- Dump completed on 2025-07-10 17:19:36
